archive,source_path,disposition,repository_paths,source_sha256
windows_script_toolkit.zip,windows_script_toolkit/.editorconfig,EXCLUDED_LEGACY_SUPPORT_OR_DOCUMENTATION,,8acbabc27b35743020cb717188344114d2f53ead51f26f794e5ce6f597961d3e
windows_script_toolkit.zip,windows_script_toolkit/.gitignore,EXCLUDED_LEGACY_SUPPORT_OR_DOCUMENTATION,,fee43eeaec53e46061db3ada2160433a992a92f3d6c395a841795df340ff154b
windows_script_toolkit.zip,windows_script_toolkit/CONTRIBUTING.md,EXCLUDED_LEGACY_SUPPORT_OR_DOCUMENTATION,,52d637e7f56127d95af2502dee7580987af8d2b9ac6050713012551390639ae0
windows_script_toolkit.zip,windows_script_toolkit/PROJECT_PLAN.md,EXCLUDED_LEGACY_SUPPORT_OR_DOCUMENTATION,,abc0b35c329094318dec0ca597206857cc9a63c00eb566069e2eae3913edc6b4
windows_script_toolkit.zip,windows_script_toolkit/README.md,EXCLUDED_LEGACY_SUPPORT_OR_DOCUMENTATION,,2ec250e62404ac685b6c5ffcb31bdc1180e1a9fe183ef5cf824c443a3483a0e0
windows_script_toolkit.zip,windows_script_toolkit/T3CHNRD'S Windows Tool Kit - Shortcut.lnk,EXCLUDED_LEGACY_BUILD_OR_UNMAPPED_BINARY,,c236222b5f3a649316233207e46abbfe9eb7c6b60233365f003231557739b6b8
windows_script_toolkit.zip,windows_script_toolkit/T3CHNRD'S Windows Tool Kit.exe,EXCLUDED_LEGACY_BUILD_OR_UNMAPPED_BINARY,,d42f1723b868d81ed10969186a9fe903b410b16b895e4a4a57992341d271fe02
windows_script_toolkit.zip,windows_script_toolkit/ToolkitLauncher.ps1,EXCLUDED_LEGACY_OR_SITE_WORKFLOW_SEE_REPORT,,97febc2eac523888380a05fd4340a28c60708ac8622ce92c52c25b5f6c16742f
windows_script_toolkit.zip,windows_script_toolkit/ToolkitLauncher_v2.ps1,EXCLUDED_LEGACY_OR_SITE_WORKFLOW_SEE_REPORT,,97febc2eac523888380a05fd4340a28c60708ac8622ce92c52c25b5f6c16742f
windows_script_toolkit.zip,windows_script_toolkit/.git/COMMIT_EDITMSG,EXCLUDED_GIT_HISTORY,,
windows_script_toolkit.zip,windows_script_toolkit/.git/config,EXCLUDED_GIT_HISTORY,,
windows_script_toolkit.zip,windows_script_toolkit/.git/description,EXCLUDED_GIT_HISTORY,,
windows_script_toolkit.zip,windows_script_toolkit/.git/HEAD,EXCLUDED_GIT_HISTORY,,
windows_script_toolkit.zip,windows_script_toolkit/.git/index,EXCLUDED_GIT_HISTORY,,
windows_script_toolkit.zip,windows_script_toolkit/.git/hooks/applypatch-msg.sample,EXCLUDED_GIT_HISTORY,,
windows_script_toolkit.zip,windows_script_toolkit/.git/hooks/commit-msg.sample,EXCLUDED_GIT_HISTORY,,
windows_script_toolkit.zip,windows_script_toolkit/.git/hooks/fsmonitor-watchman.sample,EXCLUDED_GIT_HISTORY,,
windows_script_toolkit.zip,windows_script_toolkit/.git/hooks/post-update.sample,EXCLUDED_GIT_HISTORY,,
windows_script_toolkit.zip,windows_script_toolkit/.git/hooks/pre-applypatch.sample,EXCLUDED_GIT_HISTORY,,
windows_script_toolkit.zip,windows_script_toolkit/.git/hooks/pre-commit.sample,EXCLUDED_GIT_HISTORY,,
windows_script_toolkit.zip,windows_script_toolkit/.git/hooks/pre-merge-commit.sample,EXCLUDED_GIT_HISTORY,,
windows_script_toolkit.zip,windows_script_toolkit/.git/hooks/pre-push.sample,EXCLUDED_GIT_HISTORY,,
windows_script_toolkit.zip,windows_script_toolkit/.git/hooks/pre-rebase.sample,EXCLUDED_GIT_HISTORY,,
windows_script_toolkit.zip,windows_script_toolkit/.git/hooks/pre-receive.sample,EXCLUDED_GIT_HISTORY,,
windows_script_toolkit.zip,windows_script_toolkit/.git/hooks/prepare-commit-msg.sample,EXCLUDED_GIT_HISTORY,,
windows_script_toolkit.zip,windows_script_toolkit/.git/hooks/push-to-checkout.sample,EXCLUDED_GIT_HISTORY,,
windows_script_toolkit.zip,windows_script_toolkit/.git/hooks/sendemail-validate.sample,EXCLUDED_GIT_HISTORY,,
windows_script_toolkit.zip,windows_script_toolkit/.git/hooks/update.sample,EXCLUDED_GIT_HISTORY,,
windows_script_toolkit.zip,windows_script_toolkit/.git/info/exclude,EXCLUDED_GIT_HISTORY,,
windows_script_toolkit.zip,windows_script_toolkit/.git/info/refs,EXCLUDED_GIT_HISTORY,,
windows_script_toolkit.zip,windows_script_toolkit/.git/logs/HEAD,EXCLUDED_GIT_HISTORY,,
windows_script_toolkit.zip,windows_script_toolkit/.git/logs/refs/heads/main,EXCLUDED_GIT_HISTORY,,
windows_script_toolkit.zip,windows_script_toolkit/.git/logs/refs/remotes/origin/main,EXCLUDED_GIT_HISTORY,,
windows_script_toolkit.zip,windows_script_toolkit/.git/objects/02/2d89894a891e3f5c8f86a4cade42d3e742b2c5,EXCLUDED_GIT_HISTORY,,
windows_script_toolkit.zip,windows_script_toolkit/.git/objects/02/e9308219b5a5ee94c40b33d48bb41b125ade5e,EXCLUDED_GIT_HISTORY,,
windows_script_toolkit.zip,windows_script_toolkit/.git/objects/04/1857182de853f511ba16cb902100d83db55798,EXCLUDED_GIT_HISTORY,,
windows_script_toolkit.zip,windows_script_toolkit/.git/objects/05/9d628431955236f498dde7073671a9f750f068,EXCLUDED_GIT_HISTORY,,
windows_script_toolkit.zip,windows_script_toolkit/.git/objects/0a/93a395bc101e7dc8f341ad30cc46ef16acfde2,EXCLUDED_GIT_HISTORY,,
windows_script_toolkit.zip,windows_script_toolkit/.git/objects/0b/5d8af9d04263586ec23cdf4b74e6dc96bac91b,EXCLUDED_GIT_HISTORY,,
windows_script_toolkit.zip,windows_script_toolkit/.git/objects/0b/8fa01ed37c80a390b95424edd4b5495aafa1c2,EXCLUDED_GIT_HISTORY,,
windows_script_toolkit.zip,windows_script_toolkit/.git/objects/0c/2e53d018b8cccceba422c1a1a517ae367ea255,EXCLUDED_GIT_HISTORY,,
windows_script_toolkit.zip,windows_script_toolkit/.git/objects/0f/58ed1e09d70c1974db6a90a2a9f823129e0f41,EXCLUDED_GIT_HISTORY,,
windows_script_toolkit.zip,windows_script_toolkit/.git/objects/11/b6fb55abf054fa7c31517a8dc822756f82f936,EXCLUDED_GIT_HISTORY,,
windows_script_toolkit.zip,windows_script_toolkit/.git/objects/12/2cb2fecb6e2b13c57a698220c47205f0778508,EXCLUDED_GIT_HISTORY,,
windows_script_toolkit.zip,windows_script_toolkit/.git/objects/12/cb106e8817d583e35640c9cf8c7b5e89f2ae9c,EXCLUDED_GIT_HISTORY,,
windows_script_toolkit.zip,windows_script_toolkit/.git/objects/13/6a1c1de1066bb09622c23daa7ebaf41960b863,EXCLUDED_GIT_HISTORY,,
windows_script_toolkit.zip,windows_script_toolkit/.git/objects/15/4120278a0073a7ea856b4e868373b8bf7e781f,EXCLUDED_GIT_HISTORY,,
windows_script_toolkit.zip,windows_script_toolkit/.git/objects/17/14483e701eab1130af284a64a8d75cc14f7aea,EXCLUDED_GIT_HISTORY,,
windows_script_toolkit.zip,windows_script_toolkit/.git/objects/19/1224a8582147ab22239c6356083663019449d1,EXCLUDED_GIT_HISTORY,,
windows_script_toolkit.zip,windows_script_toolkit/.git/objects/1a/7dcae1fbc4ce74bc32893b570fcc50077e791e,EXCLUDED_GIT_HISTORY,,
windows_script_toolkit.zip,windows_script_toolkit/.git/objects/1b/f74b02ce97ffe32d9776064ed6ba80f840f774,EXCLUDED_GIT_HISTORY,,
windows_script_toolkit.zip,windows_script_toolkit/.git/objects/1d/6fe814d4a20c556fd37875f4bc4ca0654cd3a9,EXCLUDED_GIT_HISTORY,,
windows_script_toolkit.zip,windows_script_toolkit/.git/objects/1e/9e6e048b8b08b026acb0aab68c5ae8eda96cc9,EXCLUDED_GIT_HISTORY,,
windows_script_toolkit.zip,windows_script_toolkit/.git/objects/1f/de93c15eb0fbed56d27a13c61999b8b41410bf,EXCLUDED_GIT_HISTORY,,
windows_script_toolkit.zip,windows_script_toolkit/.git/objects/20/dc683d1a5693a01483ed76b057eb0cd967f62a,EXCLUDED_GIT_HISTORY,,
windows_script_toolkit.zip,windows_script_toolkit/.git/objects/21/d4960621616f3935480d7972448ab4d8b15f02,EXCLUDED_GIT_HISTORY,,
windows_script_toolkit.zip,windows_script_toolkit/.git/objects/22/5a9f9b4ec92e92b97c3443da706c9ee7a7b79a,EXCLUDED_GIT_HISTORY,,
windows_script_toolkit.zip,windows_script_toolkit/.git/objects/23/7cafd0086e882db8f495904d91ebc9581510f5,EXCLUDED_GIT_HISTORY,,
windows_script_toolkit.zip,windows_script_toolkit/.git/objects/24/e5ffa3483a81a0a88c112b105dff4eb360064c,EXCLUDED_GIT_HISTORY,,
windows_script_toolkit.zip,windows_script_toolkit/.git/objects/25/45ed62c9fcc5a9b73721f4baecd73175e59f67,EXCLUDED_GIT_HISTORY,,
windows_script_toolkit.zip,windows_script_toolkit/.git/objects/25/df96e3a6ec1b6c2e24aa416227f9f01e92349e,EXCLUDED_GIT_HISTORY,,
windows_script_toolkit.zip,windows_script_toolkit/.git/objects/26/d634bc3ee90235b27a2a649e363133708d35bd,EXCLUDED_GIT_HISTORY,,
windows_script_toolkit.zip,windows_script_toolkit/.git/objects/29/8f8c39cdbc954e8dc32c28e6441fb6135a157d,EXCLUDED_GIT_HISTORY,,
windows_script_toolkit.zip,windows_script_toolkit/.git/objects/29/ab9e22679b5e504d8c2764fc0f92472ede2390,EXCLUDED_GIT_HISTORY,,
windows_script_toolkit.zip,windows_script_toolkit/.git/objects/2b/5d9fe188060f1b69fcc96944c2b7411872c470,EXCLUDED_GIT_HISTORY,,
windows_script_toolkit.zip,windows_script_toolkit/.git/objects/2b/9b392a28307da796898ab176903d660d7666de,EXCLUDED_GIT_HISTORY,,
windows_script_toolkit.zip,windows_script_toolkit/.git/objects/2b/a512065a3540ddc8b07c8b4cc39d3dddee9edd,EXCLUDED_GIT_HISTORY,,
windows_script_toolkit.zip,windows_script_toolkit/.git/objects/2c/00ac4a57f0b3755ff4e2fceee7e17743130f8f,EXCLUDED_GIT_HISTORY,,
windows_script_toolkit.zip,windows_script_toolkit/.git/objects/2d/deae8f4a447469459a7bb61d9ece6950f6f5d1,EXCLUDED_GIT_HISTORY,,
windows_script_toolkit.zip,windows_script_toolkit/.git/objects/2e/61a7eda26b57a2e43b95919b2f7c4c34ed953f,EXCLUDED_GIT_HISTORY,,
windows_script_toolkit.zip,windows_script_toolkit/.git/objects/2f/23fcf8818c1173e9dbe32a247de1be767fe870,EXCLUDED_GIT_HISTORY,,
windows_script_toolkit.zip,windows_script_toolkit/.git/objects/2f/c0f6d9914f5e076f6cfe7a946942070a6ad9fd,EXCLUDED_GIT_HISTORY,,
windows_script_toolkit.zip,windows_script_toolkit/.git/objects/30/474596f5952a218df7fc09fc478c5b7476c534,EXCLUDED_GIT_HISTORY,,
windows_script_toolkit.zip,windows_script_toolkit/.git/objects/31/446d4d6b9acc48859f31eb3bb9fa2ad8b5ed74,EXCLUDED_GIT_HISTORY,,
windows_script_toolkit.zip,windows_script_toolkit/.git/objects/31/ff7ba9d8dea2dbb722d2b67d8bd1644ec9c6ac,EXCLUDED_GIT_HISTORY,,
windows_script_toolkit.zip,windows_script_toolkit/.git/objects/32/e6494ba4a987034ebbc792c7b14f947899cd44,EXCLUDED_GIT_HISTORY,,
windows_script_toolkit.zip,windows_script_toolkit/.git/objects/33/a4e1a6d2139d1bbba6b58e982d7a8a289d07c7,EXCLUDED_GIT_HISTORY,,
windows_script_toolkit.zip,windows_script_toolkit/.git/objects/35/e9d2576e655ac02172a14b2a5196d4e3fd39e2,EXCLUDED_GIT_HISTORY,,
windows_script_toolkit.zip,windows_script_toolkit/.git/objects/36/924bcd5088668df792b101f68f773edb4ac5e9,EXCLUDED_GIT_HISTORY,,
windows_script_toolkit.zip,windows_script_toolkit/.git/objects/37/5bcd0fab111518494ed12a0fc7491d8dc7832f,EXCLUDED_GIT_HISTORY,,
windows_script_toolkit.zip,windows_script_toolkit/.git/objects/38/d24921866d8e69ef2208e863eb2689800931a2,EXCLUDED_GIT_HISTORY,,
windows_script_toolkit.zip,windows_script_toolkit/.git/objects/39/d1e228227b892b08c3def459f721bc53ce8eba,EXCLUDED_GIT_HISTORY,,
windows_script_toolkit.zip,windows_script_toolkit/.git/objects/3a/18e59f208829dd02cd3fcb71899cfa9bbcf767,EXCLUDED_GIT_HISTORY,,
windows_script_toolkit.zip,windows_script_toolkit/.git/objects/3e/04a1e55b6ece04be2f2f7df570b506147da838,EXCLUDED_GIT_HISTORY,,
windows_script_toolkit.zip,windows_script_toolkit/.git/objects/3e/7a281d72d74e3b885095911004f4ab0375c5e6,EXCLUDED_GIT_HISTORY,,
windows_script_toolkit.zip,windows_script_toolkit/.git/objects/40/875f2f487d4a999cd304f45ebccd00122fc90c,EXCLUDED_GIT_HISTORY,,
windows_script_toolkit.zip,windows_script_toolkit/.git/objects/40/f34e1b7009f589d40f0c67d642a40515789631,EXCLUDED_GIT_HISTORY,,
windows_script_toolkit.zip,windows_script_toolkit/.git/objects/41/9084729f3a2b1e3a686c3c5831bd91ef103dfe,EXCLUDED_GIT_HISTORY,,
windows_script_toolkit.zip,windows_script_toolkit/.git/objects/43/6759752f0218dcd6fb8527faa437319341c5f0,EXCLUDED_GIT_HISTORY,,
windows_script_toolkit.zip,windows_script_toolkit/.git/objects/45/8f242779b18bf214dcd7edf6f07c88c2db8ec7,EXCLUDED_GIT_HISTORY,,
windows_script_toolkit.zip,windows_script_toolkit/.git/objects/47/806d035906ae9bdab3e8ef5fe91ffd664b3fac,EXCLUDED_GIT_HISTORY,,
windows_script_toolkit.zip,windows_script_toolkit/.git/objects/49/cd0fbbe932cf96b2231bfa457f4bca1b664b74,EXCLUDED_GIT_HISTORY,,
windows_script_toolkit.zip,windows_script_toolkit/.git/objects/4d/09163f4b26e4bded6ed2f9af573e1f3366cbf4,EXCLUDED_GIT_HISTORY,,
windows_script_toolkit.zip,windows_script_toolkit/.git/objects/4d/6638f2e111ac70b0429dac8a21660d33632e39,EXCLUDED_GIT_HISTORY,,
windows_script_toolkit.zip,windows_script_toolkit/.git/objects/4d/b304325e26297c811017c7e127aa8c612f0ab4,EXCLUDED_GIT_HISTORY,,
windows_script_toolkit.zip,windows_script_toolkit/.git/objects/4e/1eaf044461f7492340ecc388cb0f92e02d7705,EXCLUDED_GIT_HISTORY,,
windows_script_toolkit.zip,windows_script_toolkit/.git/objects/4e/680c53f488593a0fa626353f03e0eb16028a89,EXCLUDED_GIT_HISTORY,,
windows_script_toolkit.zip,windows_script_toolkit/.git/objects/4f/d328e7906ad1938bfa04c73e106568c6070727,EXCLUDED_GIT_HISTORY,,
windows_script_toolkit.zip,windows_script_toolkit/.git/objects/51/481e1017411e92398fe758e95601773bea9553,EXCLUDED_GIT_HISTORY,,
windows_script_toolkit.zip,windows_script_toolkit/.git/objects/51/b3515b965978156556a10e0db9460996bdb4d5,EXCLUDED_GIT_HISTORY,,
windows_script_toolkit.zip,windows_script_toolkit/.git/objects/51/f5cb25955ef247ec15ee7a6c830a0e69d0ca09,EXCLUDED_GIT_HISTORY,,
windows_script_toolkit.zip,windows_script_toolkit/.git/objects/55/0a2896f7c641a2118dba00d24135c98101df85,EXCLUDED_GIT_HISTORY,,
windows_script_toolkit.zip,windows_script_toolkit/.git/objects/57/526bffd11554f5e807668a2bdab4829da79fa6,EXCLUDED_GIT_HISTORY,,
windows_script_toolkit.zip,windows_script_toolkit/.git/objects/5a/4e4311b9ef69e62c0e2d1f71cff981c86b0714,EXCLUDED_GIT_HISTORY,,
windows_script_toolkit.zip,windows_script_toolkit/.git/objects/5c/9bdaee6d9a61630734525349f2c6ad5386f782,EXCLUDED_GIT_HISTORY,,
windows_script_toolkit.zip,windows_script_toolkit/.git/objects/5c/a758ac4644f903a3a280ff115ad47ef2d23285,EXCLUDED_GIT_HISTORY,,
windows_script_toolkit.zip,windows_script_toolkit/.git/objects/5c/c08ef946652955792593a84a73be583f479e8a,EXCLUDED_GIT_HISTORY,,
windows_script_toolkit.zip,windows_script_toolkit/.git/objects/5e/7d06cf9f119a193b805b6463d76d6dfa19a78c,EXCLUDED_GIT_HISTORY,,
windows_script_toolkit.zip,windows_script_toolkit/.git/objects/60/2c160aab8f102fbd87bb0128767d58615774a0,EXCLUDED_GIT_HISTORY,,
windows_script_toolkit.zip,windows_script_toolkit/.git/objects/60/4142a56e83efb9fde5aa7056f50ac8c3f909cb,EXCLUDED_GIT_HISTORY,,
windows_script_toolkit.zip,windows_script_toolkit/.git/objects/61/b5169ad5b6ecba679182b521449424d0b3fc04,EXCLUDED_GIT_HISTORY,,
windows_script_toolkit.zip,windows_script_toolkit/.git/objects/61/dda48a1507edd83d32c98a44d719e6def353ee,EXCLUDED_GIT_HISTORY,,
windows_script_toolkit.zip,windows_script_toolkit/.git/objects/62/71927a3f7b86b436cf95b44f35e73323132612,EXCLUDED_GIT_HISTORY,,
windows_script_toolkit.zip,windows_script_toolkit/.git/objects/63/bd55b3c02a940fda80ac0315e002c196344c78,EXCLUDED_GIT_HISTORY,,
windows_script_toolkit.zip,windows_script_toolkit/.git/objects/65/fcbf3d199b4aec3b455cd496572f49f15ee5bf,EXCLUDED_GIT_HISTORY,,
windows_script_toolkit.zip,windows_script_toolkit/.git/objects/67/56e4994bbde01589abb48477e6597658a2781b,EXCLUDED_GIT_HISTORY,,
windows_script_toolkit.zip,windows_script_toolkit/.git/objects/68/959cea0e28146308649bad98065179b02553f5,EXCLUDED_GIT_HISTORY,,
windows_script_toolkit.zip,windows_script_toolkit/.git/objects/69/6da45e0f6807ee723861339efbb7c28d4b2b9d,EXCLUDED_GIT_HISTORY,,
windows_script_toolkit.zip,windows_script_toolkit/.git/objects/69/ab734109d5683dba2fbce1f01bda0bc6d8cb2b,EXCLUDED_GIT_HISTORY,,
windows_script_toolkit.zip,windows_script_toolkit/.git/objects/6a/1fef3b3fdd30a7fd278db4f33ddfcaccfc9aff,EXCLUDED_GIT_HISTORY,,
windows_script_toolkit.zip,windows_script_toolkit/.git/objects/6c/c63926ba2e0a10e2abccf1fec64a135bc58cfa,EXCLUDED_GIT_HISTORY,,
windows_script_toolkit.zip,windows_script_toolkit/.git/objects/6d/70700b0412ea900fbff4c506c067868789edde,EXCLUDED_GIT_HISTORY,,
windows_script_toolkit.zip,windows_script_toolkit/.git/objects/6e/2dc924edf57c5771ded0285362400c8785f7b1,EXCLUDED_GIT_HISTORY,,
windows_script_toolkit.zip,windows_script_toolkit/.git/objects/6e/5dc5b935ab83e3b1ba4b03d12cda4eade27ec3,EXCLUDED_GIT_HISTORY,,
windows_script_toolkit.zip,windows_script_toolkit/.git/objects/70/35483330237f03e2c12b275c12a2eaf95f8be4,EXCLUDED_GIT_HISTORY,,
windows_script_toolkit.zip,windows_script_toolkit/.git/objects/70/361488e0725ccc5d1e305d2641448a75e140e6,EXCLUDED_GIT_HISTORY,,
windows_script_toolkit.zip,windows_script_toolkit/.git/objects/71/3ca303c2d00c223bd29c69a893568ce32e57fe,EXCLUDED_GIT_HISTORY,,
windows_script_toolkit.zip,windows_script_toolkit/.git/objects/71/ad6bd129ce9778f849fb4e19f497a83647aece,EXCLUDED_GIT_HISTORY,,
windows_script_toolkit.zip,windows_script_toolkit/.git/objects/72/a97c14383de1b3d40c0206c56619ec05ec05d1,EXCLUDED_GIT_HISTORY,,
windows_script_toolkit.zip,windows_script_toolkit/.git/objects/73/464f1d07f3dde95984d2a8e363e17d68beeff1,EXCLUDED_GIT_HISTORY,,
windows_script_toolkit.zip,windows_script_toolkit/.git/objects/74/ee20152010d7021cd58e1f4a4994cafc10948e,EXCLUDED_GIT_HISTORY,,
windows_script_toolkit.zip,windows_script_toolkit/.git/objects/76/2edf9cc184540689fab22c3d06ba23703dc731,EXCLUDED_GIT_HISTORY,,
windows_script_toolkit.zip,windows_script_toolkit/.git/objects/79/3e511e5e1e45af8cf36eb3e3a9b6bbdd110865,EXCLUDED_GIT_HISTORY,,
windows_script_toolkit.zip,windows_script_toolkit/.git/objects/79/47c6364018fb28ca8a7d67722c6f604908a7f9,EXCLUDED_GIT_HISTORY,,
windows_script_toolkit.zip,windows_script_toolkit/.git/objects/79/6b289454dc5a316331547b95b9fd67c8aa8fb0,EXCLUDED_GIT_HISTORY,,
windows_script_toolkit.zip,windows_script_toolkit/.git/objects/7a/f3cf86ab8cbb2516c9906447d57f2202a3c47a,EXCLUDED_GIT_HISTORY,,
windows_script_toolkit.zip,windows_script_toolkit/.git/objects/7b/0e02465e4e35edd34995891ab3dc6eea633141,EXCLUDED_GIT_HISTORY,,
windows_script_toolkit.zip,windows_script_toolkit/.git/objects/7b/0ec2e3bb92af92ddb52fd8313eb0e4247bb7f5,EXCLUDED_GIT_HISTORY,,
windows_script_toolkit.zip,windows_script_toolkit/.git/objects/7c/233015cdca475b18a676774a2c4d3990ece7a8,EXCLUDED_GIT_HISTORY,,
windows_script_toolkit.zip,windows_script_toolkit/.git/objects/7c/bc67560397f0e9842a8f78b5840f1df18f32eb,EXCLUDED_GIT_HISTORY,,
windows_script_toolkit.zip,windows_script_toolkit/.git/objects/7d/bd7b7c28621730ea27c10936e31167f6efb77b,EXCLUDED_GIT_HISTORY,,
windows_script_toolkit.zip,windows_script_toolkit/.git/objects/7e/0117a84791c41c87a60d14c5fb63915916cf80,EXCLUDED_GIT_HISTORY,,
windows_script_toolkit.zip,windows_script_toolkit/.git/objects/7f/4a4ba086d8ca55f72704e084e493babb382c60,EXCLUDED_GIT_HISTORY,,
windows_script_toolkit.zip,windows_script_toolkit/.git/objects/7f/64e1a470e689b3aa4bd1ddb6f46ac5173d6e8f,EXCLUDED_GIT_HISTORY,,
windows_script_toolkit.zip,windows_script_toolkit/.git/objects/7f/e153272f4ffb9e479ca803bc97c65bac24fa96,EXCLUDED_GIT_HISTORY,,
windows_script_toolkit.zip,windows_script_toolkit/.git/objects/80/f8e86919497791cf7ece88ea86ed92b9980a17,EXCLUDED_GIT_HISTORY,,
windows_script_toolkit.zip,windows_script_toolkit/.git/objects/81/357add2c1b1e3bcab30f6c285a2a5492b25469,EXCLUDED_GIT_HISTORY,,
windows_script_toolkit.zip,windows_script_toolkit/.git/objects/84/5c024ff212b2f54c51b42b49a7872ba14dced4,EXCLUDED_GIT_HISTORY,,
windows_script_toolkit.zip,windows_script_toolkit/.git/objects/85/9f1366c4ae919c76b39b3bb32ca95ac58c22fd,EXCLUDED_GIT_HISTORY,,
windows_script_toolkit.zip,windows_script_toolkit/.git/objects/85/d9b7ba6270b82bd213e3ae37bba069df79cbc6,EXCLUDED_GIT_HISTORY,,
windows_script_toolkit.zip,windows_script_toolkit/.git/objects/86/ae9a1e457b4c1c0f9136e00d7dd4aa70e82a80,EXCLUDED_GIT_HISTORY,,
windows_script_toolkit.zip,windows_script_toolkit/.git/objects/88/5ed394dc1bcfe1d2f4f7c9138e39541ae5114e,EXCLUDED_GIT_HISTORY,,
windows_script_toolkit.zip,windows_script_toolkit/.git/objects/8f/7aada5c1441a3be2dbd169eabfc7944b53cc98,EXCLUDED_GIT_HISTORY,,
windows_script_toolkit.zip,windows_script_toolkit/.git/objects/90/429805096f10df9e0f0270d3bc73d76c2e21c5,EXCLUDED_GIT_HISTORY,,
windows_script_toolkit.zip,windows_script_toolkit/.git/objects/91/14162aedeb6991f3c2cee5fdc26c293a181810,EXCLUDED_GIT_HISTORY,,
windows_script_toolkit.zip,windows_script_toolkit/.git/objects/92/3d351c2bda83ccc6ca12c0c13c9ef0344850ee,EXCLUDED_GIT_HISTORY,,
windows_script_toolkit.zip,windows_script_toolkit/.git/objects/94/49d1360de70259edde31e096a8a7f65c86c9b2,EXCLUDED_GIT_HISTORY,,
windows_script_toolkit.zip,windows_script_toolkit/.git/objects/94/dc7681401d3457da0927a7c61b8ac2fb2ac597,EXCLUDED_GIT_HISTORY,,
windows_script_toolkit.zip,windows_script_toolkit/.git/objects/95/570c6134b2b6b4c28827b7a6e38d8853e9f15d,EXCLUDED_GIT_HISTORY,,
windows_script_toolkit.zip,windows_script_toolkit/.git/objects/99/69e438311067a12d01b0f00e5bafdfd5889f26,EXCLUDED_GIT_HISTORY,,
windows_script_toolkit.zip,windows_script_toolkit/.git/objects/9a/1de38825ffbbbe92b3e5d0e868ed14c9617b3f,EXCLUDED_GIT_HISTORY,,
windows_script_toolkit.zip,windows_script_toolkit/.git/objects/9a/898932d7ed838b65cb0199049a06284138d7e9,EXCLUDED_GIT_HISTORY,,
windows_script_toolkit.zip,windows_script_toolkit/.git/objects/9d/88fba283dd3681afced2f8c61ef2a95851fffe,EXCLUDED_GIT_HISTORY,,
windows_script_toolkit.zip,windows_script_toolkit/.git/objects/a0/83fc53f2b4e4fea635243eb1ce39c7a87e25de,EXCLUDED_GIT_HISTORY,,
windows_script_toolkit.zip,windows_script_toolkit/.git/objects/a1/0546693018ce0c1d04628892ace23cfb4f1cc9,EXCLUDED_GIT_HISTORY,,
windows_script_toolkit.zip,windows_script_toolkit/.git/objects/a1/d47d43fbc89ae05f6b10e211d38e158cb93e01,EXCLUDED_GIT_HISTORY,,
windows_script_toolkit.zip,windows_script_toolkit/.git/objects/a3/204657842092798092f91c09f5184dfb3d9430,EXCLUDED_GIT_HISTORY,,
windows_script_toolkit.zip,windows_script_toolkit/.git/objects/a4/2ebc0e64dbbbddd5b03f94d1710accb0c956a4,EXCLUDED_GIT_HISTORY,,
windows_script_toolkit.zip,windows_script_toolkit/.git/objects/a4/cdd3589d5830cf5c496365202b3db777a8d4c1,EXCLUDED_GIT_HISTORY,,
windows_script_toolkit.zip,windows_script_toolkit/.git/objects/a5/6a676a7d2d5097e49b5f02514107c585d7b356,EXCLUDED_GIT_HISTORY,,
windows_script_toolkit.zip,windows_script_toolkit/.git/objects/a7/3451cda2e36d54f11e83fba42a7ac6b62c56c4,EXCLUDED_GIT_HISTORY,,
windows_script_toolkit.zip,windows_script_toolkit/.git/objects/a7/f2e58f13a337bb1b9af272577aa9431eaa5efa,EXCLUDED_GIT_HISTORY,,
windows_script_toolkit.zip,windows_script_toolkit/.git/objects/a8/5bfa1d934cbd51320fd964bbeb07c59f1c3490,EXCLUDED_GIT_HISTORY,,
windows_script_toolkit.zip,windows_script_toolkit/.git/objects/a8/ba4d0e809d8cbd83f861ce901af83c10dc505e,EXCLUDED_GIT_HISTORY,,
windows_script_toolkit.zip,windows_script_toolkit/.git/objects/a8/cd610f40b34899bbbe978e9373caa49221b3ca,EXCLUDED_GIT_HISTORY,,
windows_script_toolkit.zip,windows_script_toolkit/.git/objects/a9/80ecec3f99acd7d0ac19e862ac8f1fd4d64273,EXCLUDED_GIT_HISTORY,,
windows_script_toolkit.zip,windows_script_toolkit/.git/objects/aa/318bab8838ce53e1b20f5b35283fe4ce13bc39,EXCLUDED_GIT_HISTORY,,
windows_script_toolkit.zip,windows_script_toolkit/.git/objects/ab/c766f029d373c52a9727928d1c5a9bdb0acdd4,EXCLUDED_GIT_HISTORY,,
windows_script_toolkit.zip,windows_script_toolkit/.git/objects/ac/7247a8a0500a8edae228da8aa7a5522473f82b,EXCLUDED_GIT_HISTORY,,
windows_script_toolkit.zip,windows_script_toolkit/.git/objects/ae/072378de563d27dd6cab3f4fdfdc34999350a6,EXCLUDED_GIT_HISTORY,,
windows_script_toolkit.zip,windows_script_toolkit/.git/objects/b0/958e1b8522d122d4979729275353369325062d,EXCLUDED_GIT_HISTORY,,
windows_script_toolkit.zip,windows_script_toolkit/.git/objects/b0/ed564f8c1159c2dfb95daeed4b1c2a5b0c9e52,EXCLUDED_GIT_HISTORY,,
windows_script_toolkit.zip,windows_script_toolkit/.git/objects/b1/e0ed4a304fd8345072c1f60061156a5104448b,EXCLUDED_GIT_HISTORY,,
windows_script_toolkit.zip,windows_script_toolkit/.git/objects/b2/bad76899943f45437d8cd7fa37d79994e09129,EXCLUDED_GIT_HISTORY,,
windows_script_toolkit.zip,windows_script_toolkit/.git/objects/b3/5b677a44146590fd6fa6ef18a8a47f162a97a2,EXCLUDED_GIT_HISTORY,,
windows_script_toolkit.zip,windows_script_toolkit/.git/objects/b5/a6477e975747adb12363867e78cb717f8694e6,EXCLUDED_GIT_HISTORY,,
windows_script_toolkit.zip,windows_script_toolkit/.git/objects/b5/b521ef55a4ecaa03c72f4dfa837bdab7e9db4e,EXCLUDED_GIT_HISTORY,,
windows_script_toolkit.zip,windows_script_toolkit/.git/objects/b5/ff67867479fcee794d02e61669d5df46998155,EXCLUDED_GIT_HISTORY,,
windows_script_toolkit.zip,windows_script_toolkit/.git/objects/b7/d253ace17b68f09456cef140185059f4ac0892,EXCLUDED_GIT_HISTORY,,
windows_script_toolkit.zip,windows_script_toolkit/.git/objects/b7/d3539a27bd0b40d9082cd3f8e5f84a21c470ce,EXCLUDED_GIT_HISTORY,,
windows_script_toolkit.zip,windows_script_toolkit/.git/objects/b8/be11e9da6d814b8a775502a1df1f9cc2d1121f,EXCLUDED_GIT_HISTORY,,
windows_script_toolkit.zip,windows_script_toolkit/.git/objects/b9/7229d93a37d94292289b3aab509645af7fdca2,EXCLUDED_GIT_HISTORY,,
windows_script_toolkit.zip,windows_script_toolkit/.git/objects/b9/d30aaf3296692c86f54295b4f3cc671f62354f,EXCLUDED_GIT_HISTORY,,
windows_script_toolkit.zip,windows_script_toolkit/.git/objects/ba/f6181da82825300f6082e7b943c34bcae03378,EXCLUDED_GIT_HISTORY,,
windows_script_toolkit.zip,windows_script_toolkit/.git/objects/bd/340acd565ddaaf03a46f60788f550572def842,EXCLUDED_GIT_HISTORY,,
windows_script_toolkit.zip,windows_script_toolkit/.git/objects/be/d63a6542f5a414e3becebf3ea62817fbcf98dd,EXCLUDED_GIT_HISTORY,,
windows_script_toolkit.zip,windows_script_toolkit/.git/objects/c2/73fb8120eda983b28648d0e257c4f94b081c14,EXCLUDED_GIT_HISTORY,,
windows_script_toolkit.zip,windows_script_toolkit/.git/objects/c6/d39073cc358fde9da079802b4f34d26e705136,EXCLUDED_GIT_HISTORY,,
windows_script_toolkit.zip,windows_script_toolkit/.git/objects/c8/c82a3ff4cc973aca6ffc4e247df7b82880f81c,EXCLUDED_GIT_HISTORY,,
windows_script_toolkit.zip,windows_script_toolkit/.git/objects/c9/5d01d4bb97237ec4f6f94fbaf777011f31e270,EXCLUDED_GIT_HISTORY,,
windows_script_toolkit.zip,windows_script_toolkit/.git/objects/ca/1854475aaaf990da815632f3d2c9385803583a,EXCLUDED_GIT_HISTORY,,
windows_script_toolkit.zip,windows_script_toolkit/.git/objects/cb/c85ba1d6e791d80f484f40f6bd584df62ba2a8,EXCLUDED_GIT_HISTORY,,
windows_script_toolkit.zip,windows_script_toolkit/.git/objects/cb/fe976b95b5a36593d3d4f68ccdeb63ea957018,EXCLUDED_GIT_HISTORY,,
windows_script_toolkit.zip,windows_script_toolkit/.git/objects/ce/8ed2a2558ee9d589d8069e0ba86378f60f514c,EXCLUDED_GIT_HISTORY,,
windows_script_toolkit.zip,windows_script_toolkit/.git/objects/cf/4db53523f8a26e6a9b02a8b4175ed586913ae2,EXCLUDED_GIT_HISTORY,,
windows_script_toolkit.zip,windows_script_toolkit/.git/objects/d1/b2f6be45fc001e8551d1a6b4442167ab983914,EXCLUDED_GIT_HISTORY,,
windows_script_toolkit.zip,windows_script_toolkit/.git/objects/d4/4fe7431a6f7f2294d642eabc25500f90f0b56e,EXCLUDED_GIT_HISTORY,,
windows_script_toolkit.zip,windows_script_toolkit/.git/objects/db/1f99efd16d0e922ab94e76b8252e134d6bef9c,EXCLUDED_GIT_HISTORY,,
windows_script_toolkit.zip,windows_script_toolkit/.git/objects/e1/2e998cea1cee1d01d13827386b7566a052151e,EXCLUDED_GIT_HISTORY,,
windows_script_toolkit.zip,windows_script_toolkit/.git/objects/e1/84dcd4aa354c61b4520c09dbdf66c9a0132d1e,EXCLUDED_GIT_HISTORY,,
windows_script_toolkit.zip,windows_script_toolkit/.git/objects/e1/b8d3f10c9fe508a3774890a62ffe2833da251e,EXCLUDED_GIT_HISTORY,,
windows_script_toolkit.zip,windows_script_toolkit/.git/objects/e3/1558d4a22c23f2a08df5ef437be4f20e8320fc,EXCLUDED_GIT_HISTORY,,
windows_script_toolkit.zip,windows_script_toolkit/.git/objects/e4/595732ae178f75da37f09e90f4de00c3bb140e,EXCLUDED_GIT_HISTORY,,
windows_script_toolkit.zip,windows_script_toolkit/.git/objects/e7/c4b6d320274b277f3fd6e7b360ab3163fc3b7e,EXCLUDED_GIT_HISTORY,,
windows_script_toolkit.zip,windows_script_toolkit/.git/objects/e9/fa5fd5a789e0f7482c078ad0bde0900c04a29f,EXCLUDED_GIT_HISTORY,,
windows_script_toolkit.zip,windows_script_toolkit/.git/objects/ea/1a2c153f6c1f281ac23ee459193d5ff4891c03,EXCLUDED_GIT_HISTORY,,
windows_script_toolkit.zip,windows_script_toolkit/.git/objects/ea/7902462780e8c65869363698f5a03f537fc8b0,EXCLUDED_GIT_HISTORY,,
windows_script_toolkit.zip,windows_script_toolkit/.git/objects/ec/4afee541b9115e819a60e619b9c1dd9b45810b,EXCLUDED_GIT_HISTORY,,
windows_script_toolkit.zip,windows_script_toolkit/.git/objects/ec/e9165881d2716de4eb1b5af766fbf47da75814,EXCLUDED_GIT_HISTORY,,
windows_script_toolkit.zip,windows_script_toolkit/.git/objects/ef/a4c5e49520969d8b843128af299173022a8929,EXCLUDED_GIT_HISTORY,,
windows_script_toolkit.zip,windows_script_toolkit/.git/objects/f0/567cf3c1317472c7eacd496b5b44e66afe857d,EXCLUDED_GIT_HISTORY,,
windows_script_toolkit.zip,windows_script_toolkit/.git/objects/f0/7b9b8877f60561785f190e18bb02dee7c97cc6,EXCLUDED_GIT_HISTORY,,
windows_script_toolkit.zip,windows_script_toolkit/.git/objects/f0/e03de199dc75400150bba11da6c22d98bb5ed6,EXCLUDED_GIT_HISTORY,,
windows_script_toolkit.zip,windows_script_toolkit/.git/objects/f2/cc26adf47f89967de9cde9405ab0e6ba02be7c,EXCLUDED_GIT_HISTORY,,
windows_script_toolkit.zip,windows_script_toolkit/.git/objects/f4/c6efe6b746a5ca318bdacba4dd217137770278,EXCLUDED_GIT_HISTORY,,
windows_script_toolkit.zip,windows_script_toolkit/.git/objects/f4/c9e710aef1659e8d82c2d28fb510ca769ea324,EXCLUDED_GIT_HISTORY,,
windows_script_toolkit.zip,windows_script_toolkit/.git/objects/f5/e9e078df5b1778fbd86a9592affc9a74d0b487,EXCLUDED_GIT_HISTORY,,
windows_script_toolkit.zip,windows_script_toolkit/.git/objects/f6/e11d944a49ef70ab6451ed73bd1ed21c838400,EXCLUDED_GIT_HISTORY,,
windows_script_toolkit.zip,windows_script_toolkit/.git/objects/f7/13c5648ad2fa1adff6155966c06db7768a1db5,EXCLUDED_GIT_HISTORY,,
windows_script_toolkit.zip,windows_script_toolkit/.git/objects/f7/f71ed129a4de516658e2e358e1f7e894aa185a,EXCLUDED_GIT_HISTORY,,
windows_script_toolkit.zip,windows_script_toolkit/.git/objects/f9/bf36c477be7b0c1359f6b9a4e90a35f38200b8,EXCLUDED_GIT_HISTORY,,
windows_script_toolkit.zip,windows_script_toolkit/.git/objects/f9/cf52019c3c02c2c8d72624ae36a255a846a7f1,EXCLUDED_GIT_HISTORY,,
windows_script_toolkit.zip,windows_script_toolkit/.git/objects/fc/6c3a55960fb1f7b203b40e897a05e89b049b19,EXCLUDED_GIT_HISTORY,,
windows_script_toolkit.zip,windows_script_toolkit/.git/objects/ff/1437c5f0089c11e785ed3e9fdb4a54780bc4f0,EXCLUDED_GIT_HISTORY,,
windows_script_toolkit.zip,windows_script_toolkit/.git/objects/info/packs,EXCLUDED_GIT_HISTORY,,
windows_script_toolkit.zip,windows_script_toolkit/.git/objects/pack/multi-pack-index,EXCLUDED_GIT_HISTORY,,
windows_script_toolkit.zip,windows_script_toolkit/.git/objects/pack/pack-134f0ba670c3475cbfcb266833107537daf1aa00.idx,EXCLUDED_GIT_HISTORY,,
windows_script_toolkit.zip,windows_script_toolkit/.git/objects/pack/pack-134f0ba670c3475cbfcb266833107537daf1aa00.mtimes,EXCLUDED_GIT_HISTORY,,
windows_script_toolkit.zip,windows_script_toolkit/.git/objects/pack/pack-134f0ba670c3475cbfcb266833107537daf1aa00.pack,EXCLUDED_GIT_HISTORY,,
windows_script_toolkit.zip,windows_script_toolkit/.git/objects/pack/pack-134f0ba670c3475cbfcb266833107537daf1aa00.rev,EXCLUDED_GIT_HISTORY,,
windows_script_toolkit.zip,windows_script_toolkit/.git/objects/pack/pack-cf86b24fa48702816573cbc54e325f91fa71fdc2.idx,EXCLUDED_GIT_HISTORY,,
windows_script_toolkit.zip,windows_script_toolkit/.git/objects/pack/pack-cf86b24fa48702816573cbc54e325f91fa71fdc2.pack,EXCLUDED_GIT_HISTORY,,
windows_script_toolkit.zip,windows_script_toolkit/.git/objects/pack/pack-cf86b24fa48702816573cbc54e325f91fa71fdc2.rev,EXCLUDED_GIT_HISTORY,,
windows_script_toolkit.zip,windows_script_toolkit/.git/refs/heads/main,EXCLUDED_GIT_HISTORY,,
windows_script_toolkit.zip,windows_script_toolkit/.git/refs/remotes/origin/main,EXCLUDED_GIT_HISTORY,,
windows_script_toolkit.zip,windows_script_toolkit/Build/Build-Msi.ps1,EXCLUDED_LEGACY_OR_SITE_WORKFLOW_SEE_REPORT,,065f27b51a7d12d618e7e9534f868164467027797294f1e5b1e36284c8ae82e5
windows_script_toolkit.zip,windows_script_toolkit/Build/Build-PortableExe.ps1,EXCLUDED_LEGACY_OR_SITE_WORKFLOW_SEE_REPORT,,37c49599e49640f236f1665111d83b871752ea41d880b387ce2a2634d2139b75
windows_script_toolkit.zip,windows_script_toolkit/Build/T3CHNRD'S Windows Tool Kit.exe,EXCLUDED_LEGACY_BUILD_OR_UNMAPPED_BINARY,,d42f1723b868d81ed10969186a9fe903b410b16b895e4a4a57992341d271fe02
windows_script_toolkit.zip,windows_script_toolkit/Build/Installer/Product.wxs,EXCLUDED_LEGACY_SUPPORT_OR_DOCUMENTATION,,74ba32b159f79f43244f7e7e79bba1851c38a14c1c40c1bd31f31fa0b923c563
windows_script_toolkit.zip,windows_script_toolkit/Config/Toolkit.Settings.psd1,EXCLUDED_LEGACY_OR_SITE_WORKFLOW_SEE_REPORT,,9641430dd89fbf7129e1843020215ee824dc06f4ab600de597f920626c1e73cb
windows_script_toolkit.zip,windows_script_toolkit/dist/T3CHNRD'S Windows Tool Kit-portable.zip,EXCLUDED_LEGACY_BUILD_OR_UNMAPPED_BINARY,,0bc11cb6c622faa5de4573e2325091d0149275e732da281c9e94c8167e5bc146
windows_script_toolkit.zip,windows_script_toolkit/dist/portable/T3CHNRD'S Windows Tool Kit/PROJECT_PLAN.md,EXCLUDED_LEGACY_BUILD_OR_UNMAPPED_BINARY,,abc0b35c329094318dec0ca597206857cc9a63c00eb566069e2eae3913edc6b4
windows_script_toolkit.zip,windows_script_toolkit/dist/portable/T3CHNRD'S Windows Tool Kit/README.md,EXCLUDED_LEGACY_BUILD_OR_UNMAPPED_BINARY,,2ec250e62404ac685b6c5ffcb31bdc1180e1a9fe183ef5cf824c443a3483a0e0
windows_script_toolkit.zip,windows_script_toolkit/dist/portable/T3CHNRD'S Windows Tool Kit/T3CHNRD'S Windows Tool Kit.exe,EXCLUDED_LEGACY_BUILD_OR_UNMAPPED_BINARY,,d42f1723b868d81ed10969186a9fe903b410b16b895e4a4a57992341d271fe02
windows_script_toolkit.zip,windows_script_toolkit/dist/portable/T3CHNRD'S Windows Tool Kit/ToolkitLauncher.ps1,EXCLUDED_LEGACY_BUILD_OR_UNMAPPED_BINARY,,97febc2eac523888380a05fd4340a28c60708ac8622ce92c52c25b5f6c16742f
windows_script_toolkit.zip,windows_script_toolkit/dist/portable/T3CHNRD'S Windows Tool Kit/Config/Toolkit.Settings.psd1,EXCLUDED_LEGACY_BUILD_OR_UNMAPPED_BINARY,,9641430dd89fbf7129e1843020215ee824dc06f4ab600de597f920626c1e73cb
windows_script_toolkit.zip,windows_script_toolkit/dist/portable/T3CHNRD'S Windows Tool Kit/Docs/Script-Adaptation-Notes.md,EXCLUDED_LEGACY_BUILD_OR_UNMAPPED_BINARY,,bfa6e340d7f6d1d03e81043e08153072d659a18dffec150d4e83e6276faca5f0
windows_script_toolkit.zip,windows_script_toolkit/dist/portable/T3CHNRD'S Windows Tool Kit/Docs/Script-Review.md,EXCLUDED_LEGACY_BUILD_OR_UNMAPPED_BINARY,,71d2751737b99c42c44e85b63159a060277dc0ad1bf2a98642d6b6ee319f0924
windows_script_toolkit.zip,windows_script_toolkit/dist/portable/T3CHNRD'S Windows Tool Kit/Docs/Validation-2026-04-27.md,EXCLUDED_LEGACY_BUILD_OR_UNMAPPED_BINARY,,592c892c4d5356a3c3ffc3ceb4ac5e6e4dd0731405b67b0c17f80ccbd5286c78
windows_script_toolkit.zip,windows_script_toolkit/dist/portable/T3CHNRD'S Windows Tool Kit/Docs/Screenshots/.gitkeep,EXCLUDED_LEGACY_BUILD_OR_UNMAPPED_BINARY,,01ba4719c80b6fe911b091a7c05124b64eeece964e09c058ef8f9805daca546b
windows_script_toolkit.zip,windows_script_toolkit/dist/portable/T3CHNRD'S Windows Tool Kit/Integrations/Invoke-InstallMicrosoft365.ps1,EXCLUDED_LEGACY_BUILD_OR_UNMAPPED_BINARY,,47e3e8d1e1036a7da08c6f8e864b5f0ac5b937b456c7151f602163f07b977d98
windows_script_toolkit.zip,windows_script_toolkit/dist/portable/T3CHNRD'S Windows Tool Kit/Integrations/Invoke-MediaCreationWorkflow.ps1,EXCLUDED_LEGACY_BUILD_OR_UNMAPPED_BINARY,,abb0fa46a8bea6313b029bab5955d78a997f1e51003216a88d9747feff6cabd6
windows_script_toolkit.zip,windows_script_toolkit/dist/portable/T3CHNRD'S Windows Tool Kit/Integrations/Install-Microsoft365/Install-Microsoft365-main/.gitignore,EXCLUDED_LEGACY_BUILD_OR_UNMAPPED_BINARY,,6abfd49280d1564265bb72bbc57188e972bb0c9766e30033feb6b2f3c8f18b11
windows_script_toolkit.zip,windows_script_toolkit/dist/portable/T3CHNRD'S Windows Tool Kit/Integrations/Install-Microsoft365/Install-Microsoft365-main/Helpers.psm1,EXCLUDED_LEGACY_BUILD_OR_UNMAPPED_BINARY,,409ff34ca1bff33b69172e3564da77a76a42ed2ab730e22cfd0d92e9ee46c7c2
windows_script_toolkit.zip,windows_script_toolkit/dist/portable/T3CHNRD'S Windows Tool Kit/Integrations/Install-Microsoft365/Install-Microsoft365-main/Install-Microsoft365.ps1,EXCLUDED_LEGACY_BUILD_OR_UNMAPPED_BINARY,,b01b4088b68a8eaf01edb834292aeb0498e9432fa6fb78a3f9d546b152446214
windows_script_toolkit.zip,windows_script_toolkit/dist/portable/T3CHNRD'S Windows Tool Kit/Integrations/Install-Microsoft365/Install-Microsoft365-main/LICENSE,EXCLUDED_LEGACY_BUILD_OR_UNMAPPED_BINARY,,d1c65ea1552d33f51abb46299f9a1f11997758268fc906eb991435fa4daf1272
windows_script_toolkit.zip,windows_script_toolkit/dist/portable/T3CHNRD'S Windows Tool Kit/Integrations/Install-Microsoft365/Install-Microsoft365-main/README.md,EXCLUDED_LEGACY_BUILD_OR_UNMAPPED_BINARY,,951089aae9e23c0ca2beeb7149a88fa9838c4f1cdef857b8078b0b45050a22e3
windows_script_toolkit.zip,windows_script_toolkit/dist/portable/T3CHNRD'S Windows Tool Kit/Integrations/Install-Microsoft365/Install-Microsoft365-main/ValidateConfiguration.ps1,EXCLUDED_LEGACY_BUILD_OR_UNMAPPED_BINARY,,79b1a92ad86bdab9ce414acb257bf434da1c5bface1779f4cf3cbc5728684771
windows_script_toolkit.zip,windows_script_toolkit/dist/portable/T3CHNRD'S Windows Tool Kit/LegacyScripts/bootcertchcker.ps1,EXCLUDED_LEGACY_BUILD_OR_UNMAPPED_BINARY,,3d46bfa263a99b62c96485bf77820107c47cabcd4b3d90e2c5d6a03dc63c5447
windows_script_toolkit.zip,windows_script_toolkit/dist/portable/T3CHNRD'S Windows Tool Kit/LegacyScripts/Check-SecureBootCert.ps1,EXCLUDED_LEGACY_BUILD_OR_UNMAPPED_BINARY,,b2c41002b3f0738832ccccbf738f97d8fd01464ce7776a602fb882d898729d73
windows_script_toolkit.zip,windows_script_toolkit/dist/portable/T3CHNRD'S Windows Tool Kit/LegacyScripts/Fix_OneNote_Duplicates.ps1,EXCLUDED_LEGACY_BUILD_OR_UNMAPPED_BINARY,,f1d24e57b42e0ac7a724f4c0e82bdd0329ea767c67b946327e90bda2f550ca77
windows_script_toolkit.zip,windows_script_toolkit/dist/portable/T3CHNRD'S Windows Tool Kit/LegacyScripts/how_to_guide.ps1,EXCLUDED_LEGACY_BUILD_OR_UNMAPPED_BINARY,,8c0117fd5c9c24fbe1f0871db485a8f6199f599f47965d7e523cb0dc50a0ae77
windows_script_toolkit.zip,windows_script_toolkit/dist/portable/T3CHNRD'S Windows Tool Kit/LegacyScripts/Invoke-MassDuplicateCleanup.ps1,EXCLUDED_LEGACY_BUILD_OR_UNMAPPED_BINARY,,ec6aea3b554b32bd480ff832f8037c6e5434cf7e0364745e42e4b44f346d00d2
windows_script_toolkit.zip,windows_script_toolkit/dist/portable/T3CHNRD'S Windows Tool Kit/LegacyScripts/Invoke-ps2exe.ps1,EXCLUDED_LEGACY_BUILD_OR_UNMAPPED_BINARY,,d4c046573b836f26a980cf8de75c3316b01beeefe06d93eddf66a0559857e016
windows_script_toolkit.zip,windows_script_toolkit/dist/portable/T3CHNRD'S Windows Tool Kit/LegacyScripts/Launch_OneNote.ps1,EXCLUDED_LEGACY_BUILD_OR_UNMAPPED_BINARY,,fe3a242b6e30e8c4a13f2c76f1fe1945be021a85ba5f27eb20d0d53740e07a6b
windows_script_toolkit.zip,windows_script_toolkit/dist/portable/T3CHNRD'S Windows Tool Kit/LegacyScripts/Master Audit & Smart-Skip.ps1,PRESENT_EXACT,Windows/Scripts/Documentation/Master-Audit-Smart-Skip.ps1,45befdba28bc3f6845b48a676eb05effc342fb8e4073db54542b61248c5d96d5
windows_script_toolkit.zip,windows_script_toolkit/dist/portable/T3CHNRD'S Windows Tool Kit/LegacyScripts/master_onenote_importer.ps1,PRESENT_EXACT,Windows/Scripts/Documentation/Master-OneNote-Importer.ps1,96b28823ac0b686e163b3efdd7efdec6322c4d313c65234f9d9c398d5ee9bf2f
windows_script_toolkit.zip,windows_script_toolkit/dist/portable/T3CHNRD'S Windows Tool Kit/LegacyScripts/move_to_onenote.ps1,EXCLUDED_LEGACY_BUILD_OR_UNMAPPED_BINARY,,1873760c7cf433f889a11e329e76d937c260bb20737c130b4e32f638cf590f53
windows_script_toolkit.zip,windows_script_toolkit/dist/portable/T3CHNRD'S Windows Tool Kit/LegacyScripts/move_to_onenote_2.ps1,EXCLUDED_LEGACY_BUILD_OR_UNMAPPED_BINARY,,136bb9491bc9ba761c1df2bd690fa57f10493ac7896bb99055be961b440acf78
windows_script_toolkit.zip,windows_script_toolkit/dist/portable/T3CHNRD'S Windows Tool Kit/LegacyScripts/move_to_onenote_selfcheck.ps1,EXCLUDED_LEGACY_BUILD_OR_UNMAPPED_BINARY,,a55f8340e9c2a56c2d784ff9148ca23bc9462f24f584bcf64d091f191122ecb1
windows_script_toolkit.zip,windows_script_toolkit/dist/portable/T3CHNRD'S Windows Tool Kit/LegacyScripts/sortdoc.ps1,EXCLUDED_LEGACY_BUILD_OR_UNMAPPED_BINARY,,1f0f3ee0aa289cd9760d6946002fcbd242a11da225151b707e7dad1952553359
windows_script_toolkit.zip,windows_script_toolkit/dist/portable/T3CHNRD'S Windows Tool Kit/LegacyScripts/The Network Access Script.ps1,EXCLUDED_LEGACY_BUILD_OR_UNMAPPED_BINARY,,254666371cf5f4c2773c05173065d4020354958a3cd0968015c4ab27f83a00d0
windows_script_toolkit.zip,windows_script_toolkit/dist/portable/T3CHNRD'S Windows Tool Kit/Logs/.gitkeep,EXCLUDED_PREVIOUS_RUN_OUTPUT,,f01a374e9c81e3db89b3a42940c4d6a5447684986a1296e42bf13f196eed6295
windows_script_toolkit.zip,windows_script_toolkit/dist/portable/T3CHNRD'S Windows Tool Kit/Modules/HardwareDiagnostics/HardwareDiagnostics.psm1,EXCLUDED_LEGACY_BUILD_OR_UNMAPPED_BINARY,,754b297035d72bb2db8d232fe82cc962cd90a40daa027aba9e3aab5167587f80
windows_script_toolkit.zip,windows_script_toolkit/dist/portable/T3CHNRD'S Windows Tool Kit/Modules/MaintenanceToolkit/MaintenanceToolkit.psd1,EXCLUDED_LEGACY_BUILD_OR_UNMAPPED_BINARY,,2bd9075091d24f08d9d51e7e2e5b059edfd46a170aaae51e1ad4c1b541cf4b37
windows_script_toolkit.zip,windows_script_toolkit/dist/portable/T3CHNRD'S Windows Tool Kit/Modules/MaintenanceToolkit/MaintenanceToolkit.psm1,EXCLUDED_LEGACY_BUILD_OR_UNMAPPED_BINARY,,7999cf9e17f889a8974e67d769da5e36d2caa46159681c7cbe32d267a338fd13
windows_script_toolkit.zip,windows_script_toolkit/dist/portable/T3CHNRD'S Windows Tool Kit/Modules/StorageTools/StorageTools.psm1,EXCLUDED_LEGACY_BUILD_OR_UNMAPPED_BINARY,,3a17e3316da6a92322c79a167a6a7d3758dd703630b9181e7aa534ff4dc5cb78
windows_script_toolkit.zip,windows_script_toolkit/dist/portable/T3CHNRD'S Windows Tool Kit/Modules/UpdateTools/UpdateTools.psm1,EXCLUDED_LEGACY_BUILD_OR_UNMAPPED_BINARY,,a153befc76d03f2347d4b94d9932649ac29ac113e27a705ba976da5727f4b1cd
windows_script_toolkit.zip,windows_script_toolkit/dist/portable/T3CHNRD'S Windows Tool Kit/Scripts/Invoke-ToolkitTaskHost.ps1,EXCLUDED_LEGACY_BUILD_OR_UNMAPPED_BINARY,,c6f17c7862da671ca7d71c917a3e92ba8faebb68ae48086a29be183768ab2fbe
windows_script_toolkit.zip,windows_script_toolkit/dist/portable/T3CHNRD'S Windows Tool Kit/Scripts/Python/RepairDock/network_reset.py,EXCLUDED_LEGACY_BUILD_OR_UNMAPPED_BINARY,,bb623524241f0cdc97337ad1a6317d359b4125f892b82e676a86034379e0763b
windows_script_toolkit.zip,windows_script_toolkit/dist/portable/T3CHNRD'S Windows Tool Kit/Scripts/Python/RepairDock/system_repair.py,EXCLUDED_LEGACY_BUILD_OR_UNMAPPED_BINARY,,6b6b9df122becc5e0d0dba158d9ac76ab58916a0443596cee3625e1ae08007f8
windows_script_toolkit.zip,windows_script_toolkit/dist/portable/T3CHNRD'S Windows Tool Kit/Scripts/Tasks/Invoke-AmortPersistenceReview.ps1,PRESENT_EXACT,Windows/Scripts/Invoke-AmortPersistenceReview.ps1,68261d10759a54df9183a2d5d4ed059b92f0b1af094a5384521a1e68e690c677
windows_script_toolkit.zip,windows_script_toolkit/dist/portable/T3CHNRD'S Windows Tool Kit/Scripts/Tasks/Invoke-BackupBitLockerKeys.ps1,EXCLUDED_LEGACY_BUILD_OR_UNMAPPED_BINARY,,783ed0e782c76540640be06286ec7f4c51e2e804bdbfec149187169e35facaa7
windows_script_toolkit.zip,windows_script_toolkit/dist/portable/T3CHNRD'S Windows Tool Kit/Scripts/Tasks/Invoke-BeretBrowserReview.ps1,PRESENT_EXACT,Windows/Scripts/Invoke-BeretBrowserReview.ps1,de4025109763e1ee6f8184f79c8c7e048342ef6ee30bbb2326eea555f2c4dd12
windows_script_toolkit.zip,windows_script_toolkit/dist/portable/T3CHNRD'S Windows Tool Kit/Scripts/Tasks/Invoke-BiosUpdate.ps1,PRESENT_EXACT,Windows/Scripts/Updates/Invoke-BiosUpdate.ps1,dfd5f32a0da4d0ac5a68d8af08392d1ffd54f77e3e67c39c9bd510b1d9d60585
windows_script_toolkit.zip,windows_script_toolkit/dist/portable/T3CHNRD'S Windows Tool Kit/Scripts/Tasks/Invoke-ClearTempJunk.ps1,PRESENT_EXACT,Windows/Scripts/Invoke-ClearTempJunk.ps1,21c62c50942771fdf7fdee59f233e0583775bf638f7f2611658afdcf35cedb3a
windows_script_toolkit.zip,windows_script_toolkit/dist/portable/T3CHNRD'S Windows Tool Kit/Scripts/Tasks/Invoke-DataTransferWizard.ps1,EXCLUDED_LEGACY_BUILD_OR_UNMAPPED_BINARY,,91a59f5f8e1472cb152fbf25f6459f2c31b9d1fc2fa01ba424f4a873b9d0b745
windows_script_toolkit.zip,windows_script_toolkit/dist/portable/T3CHNRD'S Windows Tool Kit/Scripts/Tasks/Invoke-DebloatInventory.ps1,EXCLUDED_LEGACY_BUILD_OR_UNMAPPED_BINARY,,3dd62c3e62f807c75a8f9c9c447801725523277c9c6471f5b224f3003b8c5d89
windows_script_toolkit.zip,windows_script_toolkit/dist/portable/T3CHNRD'S Windows Tool Kit/Scripts/Tasks/Invoke-DefendAudit.ps1,PRESENT_EXACT,Windows/Scripts/Invoke-DefendAudit.ps1,d1c4bb885584ef89f4d54924a34e29ec2a65e78d4191255b057193b103d7f1b9
windows_script_toolkit.zip,windows_script_toolkit/dist/portable/T3CHNRD'S Windows Tool Kit/Scripts/Tasks/Invoke-DefenderQuickScan.ps1,PRESENT_EXACT,Windows/Scripts/Invoke-DefenderQuickScan.ps1,739c8a2ea7640b5f84a57f79b3c51fdf4368bc36d6b3347068e7edda5bfb29d8
windows_script_toolkit.zip,windows_script_toolkit/dist/portable/T3CHNRD'S Windows Tool Kit/Scripts/Tasks/Invoke-DeviceInformationReport.ps1,EXCLUDED_LEGACY_BUILD_OR_UNMAPPED_BINARY,,c5d17129917063a85bc6d291253631f1b2b9efda5cf10e59d0d9f29ea71bb182
windows_script_toolkit.zip,windows_script_toolkit/dist/portable/T3CHNRD'S Windows Tool Kit/Scripts/Tasks/Invoke-DhcpRenew.ps1,PRESENT_EXACT,Windows/Scripts/Invoke-DhcpRenew.ps1,8ff32cf519099f1aafbd9478e3a2224b27bd1f0ebc419cdf7b8170d7de20772c
windows_script_toolkit.zip,windows_script_toolkit/dist/portable/T3CHNRD'S Windows Tool Kit/Scripts/Tasks/Invoke-DisableBitLocker.ps1,PRESENT_EXACT,Windows/Scripts/Invoke-DisableBitLocker.ps1,68c22574a4b8e64bb669e7aafdfe45d01de5623a8081fdf24455c251fb59f776
windows_script_toolkit.zip,windows_script_toolkit/dist/portable/T3CHNRD'S Windows Tool Kit/Scripts/Tasks/Invoke-DiskSpaceMonitor.ps1,PRESENT_EXACT,Windows/Scripts/Invoke-DiskSpaceMonitor.ps1,9e732a87122862ff575f95a4cd999d5100b298314c20d612650201da21f3393f
windows_script_toolkit.zip,windows_script_toolkit/dist/portable/T3CHNRD'S Windows Tool Kit/Scripts/Tasks/Invoke-DomainLookup.ps1,PRESENT_EXACT,Windows/Scripts/Invoke-DomainLookup.ps1,ad5d4e55746c571cc13b594ca0c0515e8c707d381e2a0bf3b872674fb4d9632f
windows_script_toolkit.zip,windows_script_toolkit/dist/portable/T3CHNRD'S Windows Tool Kit/Scripts/Tasks/Invoke-DriverUpdate.ps1,PRESENT_EXACT,Windows/Scripts/Updates/Invoke-DriverUpdate.ps1,c144a053cf090d3e29301e342f80381573f51e16a24db924c3fbb5a58cfa8113
windows_script_toolkit.zip,windows_script_toolkit/dist/portable/T3CHNRD'S Windows Tool Kit/Scripts/Tasks/Invoke-DriveScanRepair.ps1,EXCLUDED_LEGACY_BUILD_OR_UNMAPPED_BINARY,,a124cce5a44e702cfcabe71b244fba410cb98e3452ebde18ebbfcd1663869890
windows_script_toolkit.zip,windows_script_toolkit/dist/portable/T3CHNRD'S Windows Tool Kit/Scripts/Tasks/Invoke-FirmwareUpdate.ps1,PRESENT_EXACT,Windows/Scripts/Updates/Invoke-FirmwareUpdate.ps1,bc2eb701f316c7acab24e9450335ab6d062978864e2219b83694e1a7dbbf26ad
windows_script_toolkit.zip,windows_script_toolkit/dist/portable/T3CHNRD'S Windows Tool Kit/Scripts/Tasks/Invoke-FreeCDriveSpace.ps1,PRESENT_EXACT,Windows/Scripts/Invoke-FreeCDriveSpace.ps1,5d1490a5a56e1dfc0b2eb6245d9a6c3ca65d0e5bbd0f964e6b9f67cf2823ee2f
windows_script_toolkit.zip,windows_script_toolkit/dist/portable/T3CHNRD'S Windows Tool Kit/Scripts/Tasks/Invoke-KillerEncryptionHelper.ps1,PRESENT_EXACT,Windows/Scripts/Utilities/Invoke-KillerEncryptionHelper.ps1,a58f46ce349d944e0ab32a11cb1cd3bb24aa5bfa901da5c1bf6b139ad4fc2e31
windows_script_toolkit.zip,windows_script_toolkit/dist/portable/T3CHNRD'S Windows Tool Kit/Scripts/Tasks/Invoke-KillerNetworkScan.ps1,EXCLUDED_LEGACY_BUILD_OR_UNMAPPED_BINARY,,28dfddf9c78bc717d73277abf0df0ca81eeb8e99916b1da5da3e9b81e03ab9bf
windows_script_toolkit.zip,windows_script_toolkit/dist/portable/T3CHNRD'S Windows Tool Kit/Scripts/Tasks/Invoke-LocalAccountSecurityAudit.ps1,PRESENT_EXACT,Windows/Scripts/Security/Invoke-LocalAccountSecurityAudit.ps1,5edf7fb76575dc97d2f0ee5306d2cf859cdc2ef6a99a739a783f55300cf3e36d
windows_script_toolkit.zip,windows_script_toolkit/dist/portable/T3CHNRD'S Windows Tool Kit/Scripts/Tasks/Invoke-MacAddressLookup.ps1,PRESENT_EXACT,Windows/Scripts/Network/Invoke-MacAddressLookup.ps1,aa2274ae2ffb04a310f94aa93a9ef27f4f6f151f5fafdcb8cb76d5b615140de7
windows_script_toolkit.zip,windows_script_toolkit/dist/portable/T3CHNRD'S Windows Tool Kit/Scripts/Tasks/Invoke-MaceCleanup.ps1,PRESENT_EXACT,Windows/Scripts/Maintenance/Invoke-MaceCleanup.ps1,efa99b62f3c0ca89bb19787ca9d1e5b4b23c5ce91cb586c04e3ae199bc1b0705
windows_script_toolkit.zip,windows_script_toolkit/dist/portable/T3CHNRD'S Windows Tool Kit/Scripts/Tasks/Invoke-NetworkMaintenance.ps1,PRESENT_EXACT,Windows/Scripts/Network/Invoke-NetworkMaintenance.ps1,e94e20ab6cad69813a87c5345f7ea914988fc8e369c1d8b07bfd2bffe38fb178
windows_script_toolkit.zip,windows_script_toolkit/dist/portable/T3CHNRD'S Windows Tool Kit/Scripts/Tasks/Invoke-OpenPortsAudit.ps1,PRESENT_EXACT,Windows/Scripts/Security/Invoke-OpenPortsAudit.ps1,bc4f01e78f4542349afc0c8733eb9e00669d824b483fbaf642ab332de17addbf
windows_script_toolkit.zip,windows_script_toolkit/dist/portable/T3CHNRD'S Windows Tool Kit/Scripts/Tasks/Invoke-OrcaSecurityReport.ps1,PRESENT_EXACT,Windows/Scripts/Security/Invoke-OrcaSecurityReport.ps1,7a34b18a9024966533e93b950b9a15c378dfb63229b12430bf478e3c687a81a8
windows_script_toolkit.zip,windows_script_toolkit/dist/portable/T3CHNRD'S Windows Tool Kit/Scripts/Tasks/Invoke-PowerShellRiskScan.ps1,PRESENT_EXACT,Windows/Scripts/Security/Invoke-PowerShellRiskScan.ps1,4f3e92c37f4e0458364f7d325122ac07799f6f96d48c4e1977919a7dceaf47dd
windows_script_toolkit.zip,windows_script_toolkit/dist/portable/T3CHNRD'S Windows Tool Kit/Scripts/Tasks/Invoke-ResetNetworkStack.ps1,PRESENT_EXACT,Windows/Scripts/Network/Invoke-ResetNetworkStack.ps1,a09ca48424706c82aeabebc1122ac38ee303effbf2479a6399c0a1288e47e6c2
windows_script_toolkit.zip,windows_script_toolkit/dist/portable/T3CHNRD'S Windows Tool Kit/Scripts/Tasks/Invoke-SecureBoot2023Update.ps1,EXCLUDED_LEGACY_BUILD_OR_UNMAPPED_BINARY,,93f004aca911e6ed95864c60b5845d46c0006e01028a6fc88340ad0dc4668b4b
windows_script_toolkit.zip,windows_script_toolkit/dist/portable/T3CHNRD'S Windows Tool Kit/Scripts/Tasks/Invoke-SecurityBaselineAudit.ps1,EXCLUDED_LEGACY_BUILD_OR_UNMAPPED_BINARY,,963cfbfe0120e956baf3b7b8b8cf381846e72e73814fda1427f6c036785382ea
windows_script_toolkit.zip,windows_script_toolkit/dist/portable/T3CHNRD'S Windows Tool Kit/Scripts/Tasks/Invoke-SecurityEventReview.ps1,PRESENT_EXACT,Windows/Scripts/Security/Invoke-SecurityEventReview.ps1,f310e0999c160c035589195a32c1af95ae8271319b80026c62c526690717cbfc
windows_script_toolkit.zip,windows_script_toolkit/dist/portable/T3CHNRD'S Windows Tool Kit/Scripts/Tasks/Invoke-ShadePrivacyAudit.ps1,PRESENT_EXACT,Windows/Scripts/Security/Invoke-ShadePrivacyAudit.ps1,d659e0a84f82b0ac09d714c24ca6972cb8dfbfe3b1152214d6a5cf39aae4fb87
windows_script_toolkit.zip,windows_script_toolkit/dist/portable/T3CHNRD'S Windows Tool Kit/Scripts/Tasks/Invoke-StartupItemsReview.ps1,PRESENT_EXACT,Windows/Scripts/Security/Invoke-StartupItemsReview.ps1,891b422249fc86af44ebb10cbe66dc129349769cf55b404c274819fd12ef0049
windows_script_toolkit.zip,windows_script_toolkit/dist/portable/T3CHNRD'S Windows Tool Kit/Scripts/Tasks/Invoke-UpdateAllApps.ps1,PRESENT_EXACT,Windows/Scripts/Updates/Invoke-UpdateAllApps.ps1,b5371d096d0d56e4549aa6e44e1a7e26db8f722e100c40954035eb8511ec7273
windows_script_toolkit.zip,windows_script_toolkit/dist/portable/T3CHNRD'S Windows Tool Kit/Scripts/Tasks/Invoke-WindowsRepairChecks.ps1,PRESENT_EXACT,Windows/Scripts/Maintenance/Invoke-WindowsRepairChecks.ps1,a8271a6bf657567194275ff21ccde1fbbe9e7853a3eb6d205ad45805972ad290
windows_script_toolkit.zip,windows_script_toolkit/dist/portable/T3CHNRD'S Windows Tool Kit/Scripts/Tasks/Invoke-WindowsUpdateTool.ps1,PRESENT_EXACT,Windows/Scripts/Updates/Invoke-WindowsUpdateTool.ps1,2eb4b01dd145978a23b87ae32248aeeba06605d5230292489cfd26bae0bd1c07
windows_script_toolkit.zip,windows_script_toolkit/dist/portable/T3CHNRD'S Windows Tool Kit/Scripts/Tasks/VendorUpdate.Common.ps1,EXCLUDED_LEGACY_BUILD_OR_UNMAPPED_BINARY,,9ee40ff9a8ced873ea7f11fb8a401d6cbe12ef14a1db81564743cec339652bab
windows_script_toolkit.zip,windows_script_toolkit/dist-build-20260423-111507/T3CHNRD'S Windows Tool Kit-portable.zip,EXCLUDED_LEGACY_BUILD_OR_UNMAPPED_BINARY,,af62fe1b006e30d14cef0ffb3c4cae6ec65efa829921d24d9bd5300f36e3cd4c
windows_script_toolkit.zip,windows_script_toolkit/dist-build-20260423-111507/portable/T3CHNRD'S Windows Tool Kit/PROJECT_PLAN.md,EXCLUDED_LEGACY_BUILD_OR_UNMAPPED_BINARY,,abc0b35c329094318dec0ca597206857cc9a63c00eb566069e2eae3913edc6b4
windows_script_toolkit.zip,windows_script_toolkit/dist-build-20260423-111507/portable/T3CHNRD'S Windows Tool Kit/README.md,EXCLUDED_LEGACY_BUILD_OR_UNMAPPED_BINARY,,fabed9f8c0986846e80b76fb1cbc749e6f9276f1808f5f69777ac609e65ca2f7
windows_script_toolkit.zip,windows_script_toolkit/dist-build-20260423-111507/portable/T3CHNRD'S Windows Tool Kit/T3CHNRD'S Windows Tool Kit.exe,EXCLUDED_LEGACY_BUILD_OR_UNMAPPED_BINARY,,5f4df38a57388f31a60eb5f78ccb17599dab7b0902bef254c535e9c52cbef5a3
windows_script_toolkit.zip,windows_script_toolkit/dist-build-20260423-111507/portable/T3CHNRD'S Windows Tool Kit/ToolkitLauncher.ps1,EXCLUDED_LEGACY_BUILD_OR_UNMAPPED_BINARY,,dca66473320fcb6583b011d4d737ccce3bc066cccaa077fe90fda131a491cdb6
windows_script_toolkit.zip,windows_script_toolkit/dist-build-20260423-111507/portable/T3CHNRD'S Windows Tool Kit/Config/Toolkit.Settings.psd1,EXCLUDED_LEGACY_BUILD_OR_UNMAPPED_BINARY,,54b9471e2b1d206c83c9f6847871dc7e34bacbbdf3b167be6a39f527cccf692f
windows_script_toolkit.zip,windows_script_toolkit/dist-build-20260423-111507/portable/T3CHNRD'S Windows Tool Kit/Docs/Script-Adaptation-Notes.md,EXCLUDED_LEGACY_BUILD_OR_UNMAPPED_BINARY,,bfa6e340d7f6d1d03e81043e08153072d659a18dffec150d4e83e6276faca5f0
windows_script_toolkit.zip,windows_script_toolkit/dist-build-20260423-111507/portable/T3CHNRD'S Windows Tool Kit/Docs/Script-Review.md,EXCLUDED_LEGACY_BUILD_OR_UNMAPPED_BINARY,,71d2751737b99c42c44e85b63159a060277dc0ad1bf2a98642d6b6ee319f0924
windows_script_toolkit.zip,windows_script_toolkit/dist-build-20260423-111507/portable/T3CHNRD'S Windows Tool Kit/Docs/Screenshots/.gitkeep,EXCLUDED_LEGACY_BUILD_OR_UNMAPPED_BINARY,,01ba4719c80b6fe911b091a7c05124b64eeece964e09c058ef8f9805daca546b
windows_script_toolkit.zip,windows_script_toolkit/dist-build-20260423-111507/portable/T3CHNRD'S Windows Tool Kit/Integrations/Invoke-InstallMicrosoft365.ps1,EXCLUDED_LEGACY_BUILD_OR_UNMAPPED_BINARY,,088c4d8c903d0f90b8438bd5ed94cd2720f8fc9e017fb691f4034e712935088a
windows_script_toolkit.zip,windows_script_toolkit/dist-build-20260423-111507/portable/T3CHNRD'S Windows Tool Kit/Integrations/Invoke-MediaCreationWorkflow.ps1,EXCLUDED_LEGACY_BUILD_OR_UNMAPPED_BINARY,,16b74b45e0f477f2ea26e83f82008436670ad3cba5442585e5b40bc54c1fcc97
windows_script_toolkit.zip,windows_script_toolkit/dist-build-20260423-111507/portable/T3CHNRD'S Windows Tool Kit/LegacyScripts/bootcertchcker.ps1,EXCLUDED_LEGACY_BUILD_OR_UNMAPPED_BINARY,,3d46bfa263a99b62c96485bf77820107c47cabcd4b3d90e2c5d6a03dc63c5447
windows_script_toolkit.zip,windows_script_toolkit/dist-build-20260423-111507/portable/T3CHNRD'S Windows Tool Kit/LegacyScripts/Check-SecureBootCert.ps1,EXCLUDED_LEGACY_BUILD_OR_UNMAPPED_BINARY,,b2c41002b3f0738832ccccbf738f97d8fd01464ce7776a602fb882d898729d73
windows_script_toolkit.zip,windows_script_toolkit/dist-build-20260423-111507/portable/T3CHNRD'S Windows Tool Kit/LegacyScripts/Fix_OneNote_Duplicates.ps1,EXCLUDED_LEGACY_BUILD_OR_UNMAPPED_BINARY,,f1d24e57b42e0ac7a724f4c0e82bdd0329ea767c67b946327e90bda2f550ca77
windows_script_toolkit.zip,windows_script_toolkit/dist-build-20260423-111507/portable/T3CHNRD'S Windows Tool Kit/LegacyScripts/how_to_guide.ps1,EXCLUDED_LEGACY_BUILD_OR_UNMAPPED_BINARY,,8c0117fd5c9c24fbe1f0871db485a8f6199f599f47965d7e523cb0dc50a0ae77
windows_script_toolkit.zip,windows_script_toolkit/dist-build-20260423-111507/portable/T3CHNRD'S Windows Tool Kit/LegacyScripts/Invoke-MassDuplicateCleanup.ps1,EXCLUDED_LEGACY_BUILD_OR_UNMAPPED_BINARY,,ec6aea3b554b32bd480ff832f8037c6e5434cf7e0364745e42e4b44f346d00d2
windows_script_toolkit.zip,windows_script_toolkit/dist-build-20260423-111507/portable/T3CHNRD'S Windows Tool Kit/LegacyScripts/Invoke-ps2exe.ps1,EXCLUDED_LEGACY_BUILD_OR_UNMAPPED_BINARY,,d4c046573b836f26a980cf8de75c3316b01beeefe06d93eddf66a0559857e016
windows_script_toolkit.zip,windows_script_toolkit/dist-build-20260423-111507/portable/T3CHNRD'S Windows Tool Kit/LegacyScripts/Launch_OneNote.ps1,EXCLUDED_LEGACY_BUILD_OR_UNMAPPED_BINARY,,fe3a242b6e30e8c4a13f2c76f1fe1945be021a85ba5f27eb20d0d53740e07a6b
windows_script_toolkit.zip,windows_script_toolkit/dist-build-20260423-111507/portable/T3CHNRD'S Windows Tool Kit/LegacyScripts/Master Audit & Smart-Skip.ps1,PRESENT_EXACT,Windows/Scripts/Documentation/Master-Audit-Smart-Skip.ps1,45befdba28bc3f6845b48a676eb05effc342fb8e4073db54542b61248c5d96d5
windows_script_toolkit.zip,windows_script_toolkit/dist-build-20260423-111507/portable/T3CHNRD'S Windows Tool Kit/LegacyScripts/master_onenote_importer.ps1,PRESENT_EXACT,Windows/Scripts/Documentation/Master-OneNote-Importer.ps1,96b28823ac0b686e163b3efdd7efdec6322c4d313c65234f9d9c398d5ee9bf2f
windows_script_toolkit.zip,windows_script_toolkit/dist-build-20260423-111507/portable/T3CHNRD'S Windows Tool Kit/LegacyScripts/move_to_onenote.ps1,EXCLUDED_LEGACY_BUILD_OR_UNMAPPED_BINARY,,1873760c7cf433f889a11e329e76d937c260bb20737c130b4e32f638cf590f53
windows_script_toolkit.zip,windows_script_toolkit/dist-build-20260423-111507/portable/T3CHNRD'S Windows Tool Kit/LegacyScripts/move_to_onenote_2.ps1,EXCLUDED_LEGACY_BUILD_OR_UNMAPPED_BINARY,,136bb9491bc9ba761c1df2bd690fa57f10493ac7896bb99055be961b440acf78
windows_script_toolkit.zip,windows_script_toolkit/dist-build-20260423-111507/portable/T3CHNRD'S Windows Tool Kit/LegacyScripts/move_to_onenote_selfcheck.ps1,EXCLUDED_LEGACY_BUILD_OR_UNMAPPED_BINARY,,a55f8340e9c2a56c2d784ff9148ca23bc9462f24f584bcf64d091f191122ecb1
windows_script_toolkit.zip,windows_script_toolkit/dist-build-20260423-111507/portable/T3CHNRD'S Windows Tool Kit/LegacyScripts/sortdoc.ps1,EXCLUDED_LEGACY_BUILD_OR_UNMAPPED_BINARY,,1f0f3ee0aa289cd9760d6946002fcbd242a11da225151b707e7dad1952553359
windows_script_toolkit.zip,windows_script_toolkit/dist-build-20260423-111507/portable/T3CHNRD'S Windows Tool Kit/LegacyScripts/The Network Access Script.ps1,EXCLUDED_LEGACY_BUILD_OR_UNMAPPED_BINARY,,254666371cf5f4c2773c05173065d4020354958a3cd0968015c4ab27f83a00d0
windows_script_toolkit.zip,windows_script_toolkit/dist-build-20260423-111507/portable/T3CHNRD'S Windows Tool Kit/Modules/MaintenanceToolkit/MaintenanceToolkit.psd1,EXCLUDED_LEGACY_BUILD_OR_UNMAPPED_BINARY,,2bd9075091d24f08d9d51e7e2e5b059edfd46a170aaae51e1ad4c1b541cf4b37
windows_script_toolkit.zip,windows_script_toolkit/dist-build-20260423-111507/portable/T3CHNRD'S Windows Tool Kit/Modules/MaintenanceToolkit/MaintenanceToolkit.psm1,EXCLUDED_LEGACY_BUILD_OR_UNMAPPED_BINARY,,9d68838b9ea55cf652d23fdba0f9ce735b2841340304bdb50e859249d5ad40a9
windows_script_toolkit.zip,windows_script_toolkit/dist-build-20260423-111507/portable/T3CHNRD'S Windows Tool Kit/Scripts/Tasks/Invoke-ClearTempJunk.ps1,EXCLUDED_LEGACY_BUILD_OR_UNMAPPED_BINARY,,ddda4413bda0cf184ec17b04494187b8aad4b749090ca890cf5675747d7e3144
windows_script_toolkit.zip,windows_script_toolkit/dist-build-20260423-111507/portable/T3CHNRD'S Windows Tool Kit/Scripts/Tasks/Invoke-DebloatInventory.ps1,EXCLUDED_LEGACY_BUILD_OR_UNMAPPED_BINARY,,1f7268b3b8267c1e0156b21003a38e1ec023f5fed76b37438630ea2856cdd935
windows_script_toolkit.zip,windows_script_toolkit/dist-build-20260423-111507/portable/T3CHNRD'S Windows Tool Kit/Scripts/Tasks/Invoke-DiskSpaceMonitor.ps1,PRESENT_EXACT,Windows/Scripts/Invoke-DiskSpaceMonitor.ps1,9e732a87122862ff575f95a4cd999d5100b298314c20d612650201da21f3393f
windows_script_toolkit.zip,windows_script_toolkit/dist-build-20260423-111507/portable/T3CHNRD'S Windows Tool Kit/Scripts/Tasks/Invoke-FreeCDriveSpace.ps1,PRESENT_EXACT,Windows/Scripts/Invoke-FreeCDriveSpace.ps1,5d1490a5a56e1dfc0b2eb6245d9a6c3ca65d0e5bbd0f964e6b9f67cf2823ee2f
windows_script_toolkit.zip,windows_script_toolkit/dist-build-20260423-111507/portable/T3CHNRD'S Windows Tool Kit/Scripts/Tasks/Invoke-NetworkMaintenance.ps1,PRESENT_EXACT,Windows/Scripts/Network/Invoke-NetworkMaintenance.ps1,e94e20ab6cad69813a87c5345f7ea914988fc8e369c1d8b07bfd2bffe38fb178
windows_script_toolkit.zip,windows_script_toolkit/dist-build-20260423-111507/portable/T3CHNRD'S Windows Tool Kit/Scripts/Tasks/Invoke-ResetNetworkStack.ps1,EXCLUDED_LEGACY_BUILD_OR_UNMAPPED_BINARY,,6c7c8757ef5dbd114b2312bba9f80f08c221d28c7646bd79558f65c671b66103
windows_script_toolkit.zip,windows_script_toolkit/dist-build-20260423-111507/portable/T3CHNRD'S Windows Tool Kit/Scripts/Tasks/Invoke-UpdateAllApps.ps1,EXCLUDED_LEGACY_BUILD_OR_UNMAPPED_BINARY,,d87be99ae81198e97beb2c147513389e8ef2e2ef5f618cf657379e95ac943fd9
windows_script_toolkit.zip,windows_script_toolkit/dist-build-20260423-111507/portable/T3CHNRD'S Windows Tool Kit/Scripts/Tasks/Invoke-WindowsRepairChecks.ps1,EXCLUDED_LEGACY_BUILD_OR_UNMAPPED_BINARY,,57596e47d7fa637273382f03cdffb736d9328f2a5e49a7bb10826eefdc786869
windows_script_toolkit.zip,windows_script_toolkit/dist-build-20260423-111951/T3CHNRD'S Windows Tool Kit-portable.zip,EXCLUDED_LEGACY_BUILD_OR_UNMAPPED_BINARY,,719f670aec9e86a6ffcfefdfee01e24634fc32767265a05deb23738420439447
windows_script_toolkit.zip,windows_script_toolkit/dist-build-20260423-111951/portable/T3CHNRD'S Windows Tool Kit/PROJECT_PLAN.md,EXCLUDED_LEGACY_BUILD_OR_UNMAPPED_BINARY,,abc0b35c329094318dec0ca597206857cc9a63c00eb566069e2eae3913edc6b4
windows_script_toolkit.zip,windows_script_toolkit/dist-build-20260423-111951/portable/T3CHNRD'S Windows Tool Kit/README.md,EXCLUDED_LEGACY_BUILD_OR_UNMAPPED_BINARY,,fabed9f8c0986846e80b76fb1cbc749e6f9276f1808f5f69777ac609e65ca2f7
windows_script_toolkit.zip,windows_script_toolkit/dist-build-20260423-111951/portable/T3CHNRD'S Windows Tool Kit/T3CHNRD'S Windows Tool Kit.exe,EXCLUDED_LEGACY_BUILD_OR_UNMAPPED_BINARY,,273da07cb2affbda960186962c6f95ca38511a4f2b37cf14b210693eaaae3788
windows_script_toolkit.zip,windows_script_toolkit/dist-build-20260423-111951/portable/T3CHNRD'S Windows Tool Kit/ToolkitLauncher.ps1,EXCLUDED_LEGACY_BUILD_OR_UNMAPPED_BINARY,,66d80585b6021f9e5ac68a4a69bf7761648706b7a2a4b37eface367615a17743
windows_script_toolkit.zip,windows_script_toolkit/dist-build-20260423-111951/portable/T3CHNRD'S Windows Tool Kit/Config/Toolkit.Settings.psd1,EXCLUDED_LEGACY_BUILD_OR_UNMAPPED_BINARY,,54b9471e2b1d206c83c9f6847871dc7e34bacbbdf3b167be6a39f527cccf692f
windows_script_toolkit.zip,windows_script_toolkit/dist-build-20260423-111951/portable/T3CHNRD'S Windows Tool Kit/Docs/Script-Adaptation-Notes.md,EXCLUDED_LEGACY_BUILD_OR_UNMAPPED_BINARY,,bfa6e340d7f6d1d03e81043e08153072d659a18dffec150d4e83e6276faca5f0
windows_script_toolkit.zip,windows_script_toolkit/dist-build-20260423-111951/portable/T3CHNRD'S Windows Tool Kit/Docs/Script-Review.md,EXCLUDED_LEGACY_BUILD_OR_UNMAPPED_BINARY,,71d2751737b99c42c44e85b63159a060277dc0ad1bf2a98642d6b6ee319f0924
windows_script_toolkit.zip,windows_script_toolkit/dist-build-20260423-111951/portable/T3CHNRD'S Windows Tool Kit/Docs/Screenshots/.gitkeep,EXCLUDED_LEGACY_BUILD_OR_UNMAPPED_BINARY,,01ba4719c80b6fe911b091a7c05124b64eeece964e09c058ef8f9805daca546b
windows_script_toolkit.zip,windows_script_toolkit/dist-build-20260423-111951/portable/T3CHNRD'S Windows Tool Kit/Integrations/Invoke-InstallMicrosoft365.ps1,EXCLUDED_LEGACY_BUILD_OR_UNMAPPED_BINARY,,088c4d8c903d0f90b8438bd5ed94cd2720f8fc9e017fb691f4034e712935088a
windows_script_toolkit.zip,windows_script_toolkit/dist-build-20260423-111951/portable/T3CHNRD'S Windows Tool Kit/Integrations/Invoke-MediaCreationWorkflow.ps1,EXCLUDED_LEGACY_BUILD_OR_UNMAPPED_BINARY,,16b74b45e0f477f2ea26e83f82008436670ad3cba5442585e5b40bc54c1fcc97
windows_script_toolkit.zip,windows_script_toolkit/dist-build-20260423-111951/portable/T3CHNRD'S Windows Tool Kit/LegacyScripts/bootcertchcker.ps1,EXCLUDED_LEGACY_BUILD_OR_UNMAPPED_BINARY,,3d46bfa263a99b62c96485bf77820107c47cabcd4b3d90e2c5d6a03dc63c5447
windows_script_toolkit.zip,windows_script_toolkit/dist-build-20260423-111951/portable/T3CHNRD'S Windows Tool Kit/LegacyScripts/Check-SecureBootCert.ps1,EXCLUDED_LEGACY_BUILD_OR_UNMAPPED_BINARY,,b2c41002b3f0738832ccccbf738f97d8fd01464ce7776a602fb882d898729d73
windows_script_toolkit.zip,windows_script_toolkit/dist-build-20260423-111951/portable/T3CHNRD'S Windows Tool Kit/LegacyScripts/Fix_OneNote_Duplicates.ps1,EXCLUDED_LEGACY_BUILD_OR_UNMAPPED_BINARY,,f1d24e57b42e0ac7a724f4c0e82bdd0329ea767c67b946327e90bda2f550ca77
windows_script_toolkit.zip,windows_script_toolkit/dist-build-20260423-111951/portable/T3CHNRD'S Windows Tool Kit/LegacyScripts/how_to_guide.ps1,EXCLUDED_LEGACY_BUILD_OR_UNMAPPED_BINARY,,8c0117fd5c9c24fbe1f0871db485a8f6199f599f47965d7e523cb0dc50a0ae77
windows_script_toolkit.zip,windows_script_toolkit/dist-build-20260423-111951/portable/T3CHNRD'S Windows Tool Kit/LegacyScripts/Invoke-MassDuplicateCleanup.ps1,EXCLUDED_LEGACY_BUILD_OR_UNMAPPED_BINARY,,ec6aea3b554b32bd480ff832f8037c6e5434cf7e0364745e42e4b44f346d00d2
windows_script_toolkit.zip,windows_script_toolkit/dist-build-20260423-111951/portable/T3CHNRD'S Windows Tool Kit/LegacyScripts/Invoke-ps2exe.ps1,EXCLUDED_LEGACY_BUILD_OR_UNMAPPED_BINARY,,d4c046573b836f26a980cf8de75c3316b01beeefe06d93eddf66a0559857e016
windows_script_toolkit.zip,windows_script_toolkit/dist-build-20260423-111951/portable/T3CHNRD'S Windows Tool Kit/LegacyScripts/Launch_OneNote.ps1,EXCLUDED_LEGACY_BUILD_OR_UNMAPPED_BINARY,,fe3a242b6e30e8c4a13f2c76f1fe1945be021a85ba5f27eb20d0d53740e07a6b
windows_script_toolkit.zip,windows_script_toolkit/dist-build-20260423-111951/portable/T3CHNRD'S Windows Tool Kit/LegacyScripts/Master Audit & Smart-Skip.ps1,PRESENT_EXACT,Windows/Scripts/Documentation/Master-Audit-Smart-Skip.ps1,45befdba28bc3f6845b48a676eb05effc342fb8e4073db54542b61248c5d96d5
windows_script_toolkit.zip,windows_script_toolkit/dist-build-20260423-111951/portable/T3CHNRD'S Windows Tool Kit/LegacyScripts/master_onenote_importer.ps1,PRESENT_EXACT,Windows/Scripts/Documentation/Master-OneNote-Importer.ps1,96b28823ac0b686e163b3efdd7efdec6322c4d313c65234f9d9c398d5ee9bf2f
windows_script_toolkit.zip,windows_script_toolkit/dist-build-20260423-111951/portable/T3CHNRD'S Windows Tool Kit/LegacyScripts/move_to_onenote.ps1,EXCLUDED_LEGACY_BUILD_OR_UNMAPPED_BINARY,,1873760c7cf433f889a11e329e76d937c260bb20737c130b4e32f638cf590f53
windows_script_toolkit.zip,windows_script_toolkit/dist-build-20260423-111951/portable/T3CHNRD'S Windows Tool Kit/LegacyScripts/move_to_onenote_2.ps1,EXCLUDED_LEGACY_BUILD_OR_UNMAPPED_BINARY,,136bb9491bc9ba761c1df2bd690fa57f10493ac7896bb99055be961b440acf78
windows_script_toolkit.zip,windows_script_toolkit/dist-build-20260423-111951/portable/T3CHNRD'S Windows Tool Kit/LegacyScripts/move_to_onenote_selfcheck.ps1,EXCLUDED_LEGACY_BUILD_OR_UNMAPPED_BINARY,,a55f8340e9c2a56c2d784ff9148ca23bc9462f24f584bcf64d091f191122ecb1
windows_script_toolkit.zip,windows_script_toolkit/dist-build-20260423-111951/portable/T3CHNRD'S Windows Tool Kit/LegacyScripts/sortdoc.ps1,EXCLUDED_LEGACY_BUILD_OR_UNMAPPED_BINARY,,1f0f3ee0aa289cd9760d6946002fcbd242a11da225151b707e7dad1952553359
windows_script_toolkit.zip,windows_script_toolkit/dist-build-20260423-111951/portable/T3CHNRD'S Windows Tool Kit/LegacyScripts/The Network Access Script.ps1,EXCLUDED_LEGACY_BUILD_OR_UNMAPPED_BINARY,,254666371cf5f4c2773c05173065d4020354958a3cd0968015c4ab27f83a00d0
windows_script_toolkit.zip,windows_script_toolkit/dist-build-20260423-111951/portable/T3CHNRD'S Windows Tool Kit/Modules/MaintenanceToolkit/MaintenanceToolkit.psd1,EXCLUDED_LEGACY_BUILD_OR_UNMAPPED_BINARY,,2bd9075091d24f08d9d51e7e2e5b059edfd46a170aaae51e1ad4c1b541cf4b37
windows_script_toolkit.zip,windows_script_toolkit/dist-build-20260423-111951/portable/T3CHNRD'S Windows Tool Kit/Modules/MaintenanceToolkit/MaintenanceToolkit.psm1,EXCLUDED_LEGACY_BUILD_OR_UNMAPPED_BINARY,,b8c757bed9806acdce3b6248997981dd9b197cb0a553fc41b3c3c2e20a2e3110
windows_script_toolkit.zip,windows_script_toolkit/dist-build-20260423-111951/portable/T3CHNRD'S Windows Tool Kit/Scripts/Tasks/Invoke-ClearTempJunk.ps1,EXCLUDED_LEGACY_BUILD_OR_UNMAPPED_BINARY,,ddda4413bda0cf184ec17b04494187b8aad4b749090ca890cf5675747d7e3144
windows_script_toolkit.zip,windows_script_toolkit/dist-build-20260423-111951/portable/T3CHNRD'S Windows Tool Kit/Scripts/Tasks/Invoke-DebloatInventory.ps1,EXCLUDED_LEGACY_BUILD_OR_UNMAPPED_BINARY,,1f7268b3b8267c1e0156b21003a38e1ec023f5fed76b37438630ea2856cdd935
windows_script_toolkit.zip,windows_script_toolkit/dist-build-20260423-111951/portable/T3CHNRD'S Windows Tool Kit/Scripts/Tasks/Invoke-DiskSpaceMonitor.ps1,PRESENT_EXACT,Windows/Scripts/Invoke-DiskSpaceMonitor.ps1,9e732a87122862ff575f95a4cd999d5100b298314c20d612650201da21f3393f
windows_script_toolkit.zip,windows_script_toolkit/dist-build-20260423-111951/portable/T3CHNRD'S Windows Tool Kit/Scripts/Tasks/Invoke-FreeCDriveSpace.ps1,PRESENT_EXACT,Windows/Scripts/Invoke-FreeCDriveSpace.ps1,5d1490a5a56e1dfc0b2eb6245d9a6c3ca65d0e5bbd0f964e6b9f67cf2823ee2f
windows_script_toolkit.zip,windows_script_toolkit/dist-build-20260423-111951/portable/T3CHNRD'S Windows Tool Kit/Scripts/Tasks/Invoke-NetworkMaintenance.ps1,PRESENT_EXACT,Windows/Scripts/Network/Invoke-NetworkMaintenance.ps1,e94e20ab6cad69813a87c5345f7ea914988fc8e369c1d8b07bfd2bffe38fb178
windows_script_toolkit.zip,windows_script_toolkit/dist-build-20260423-111951/portable/T3CHNRD'S Windows Tool Kit/Scripts/Tasks/Invoke-ResetNetworkStack.ps1,EXCLUDED_LEGACY_BUILD_OR_UNMAPPED_BINARY,,6c7c8757ef5dbd114b2312bba9f80f08c221d28c7646bd79558f65c671b66103
windows_script_toolkit.zip,windows_script_toolkit/dist-build-20260423-111951/portable/T3CHNRD'S Windows Tool Kit/Scripts/Tasks/Invoke-UpdateAllApps.ps1,EXCLUDED_LEGACY_BUILD_OR_UNMAPPED_BINARY,,d87be99ae81198e97beb2c147513389e8ef2e2ef5f618cf657379e95ac943fd9
windows_script_toolkit.zip,windows_script_toolkit/dist-build-20260423-111951/portable/T3CHNRD'S Windows Tool Kit/Scripts/Tasks/Invoke-WindowsRepairChecks.ps1,EXCLUDED_LEGACY_BUILD_OR_UNMAPPED_BINARY,,57596e47d7fa637273382f03cdffb736d9328f2a5e49a7bb10826eefdc786869
windows_script_toolkit.zip,windows_script_toolkit/dist-build-20260423-112440/T3CHNRD'S Windows Tool Kit-portable.zip,EXCLUDED_LEGACY_BUILD_OR_UNMAPPED_BINARY,,a12861d61355cdf9f1d8a621d3d8deda5f72fb7a24fc0d6ee3b0743872560327
windows_script_toolkit.zip,windows_script_toolkit/dist-build-20260423-112440/portable/T3CHNRD'S Windows Tool Kit/PROJECT_PLAN.md,EXCLUDED_LEGACY_BUILD_OR_UNMAPPED_BINARY,,abc0b35c329094318dec0ca597206857cc9a63c00eb566069e2eae3913edc6b4
windows_script_toolkit.zip,windows_script_toolkit/dist-build-20260423-112440/portable/T3CHNRD'S Windows Tool Kit/README.md,EXCLUDED_LEGACY_BUILD_OR_UNMAPPED_BINARY,,fabed9f8c0986846e80b76fb1cbc749e6f9276f1808f5f69777ac609e65ca2f7
windows_script_toolkit.zip,windows_script_toolkit/dist-build-20260423-112440/portable/T3CHNRD'S Windows Tool Kit/T3CHNRD'S Windows Tool Kit.exe,EXCLUDED_LEGACY_BUILD_OR_UNMAPPED_BINARY,,ceaf2274dbcfed4189100ad405397445e250091f500eda85ed30e52441c07ceb
windows_script_toolkit.zip,windows_script_toolkit/dist-build-20260423-112440/portable/T3CHNRD'S Windows Tool Kit/ToolkitLauncher.ps1,EXCLUDED_LEGACY_BUILD_OR_UNMAPPED_BINARY,,66d80585b6021f9e5ac68a4a69bf7761648706b7a2a4b37eface367615a17743
windows_script_toolkit.zip,windows_script_toolkit/dist-build-20260423-112440/portable/T3CHNRD'S Windows Tool Kit/Config/Toolkit.Settings.psd1,EXCLUDED_LEGACY_BUILD_OR_UNMAPPED_BINARY,,54b9471e2b1d206c83c9f6847871dc7e34bacbbdf3b167be6a39f527cccf692f
windows_script_toolkit.zip,windows_script_toolkit/dist-build-20260423-112440/portable/T3CHNRD'S Windows Tool Kit/Docs/Script-Adaptation-Notes.md,EXCLUDED_LEGACY_BUILD_OR_UNMAPPED_BINARY,,bfa6e340d7f6d1d03e81043e08153072d659a18dffec150d4e83e6276faca5f0
windows_script_toolkit.zip,windows_script_toolkit/dist-build-20260423-112440/portable/T3CHNRD'S Windows Tool Kit/Docs/Script-Review.md,EXCLUDED_LEGACY_BUILD_OR_UNMAPPED_BINARY,,71d2751737b99c42c44e85b63159a060277dc0ad1bf2a98642d6b6ee319f0924
windows_script_toolkit.zip,windows_script_toolkit/dist-build-20260423-112440/portable/T3CHNRD'S Windows Tool Kit/Docs/Screenshots/.gitkeep,EXCLUDED_LEGACY_BUILD_OR_UNMAPPED_BINARY,,01ba4719c80b6fe911b091a7c05124b64eeece964e09c058ef8f9805daca546b
windows_script_toolkit.zip,windows_script_toolkit/dist-build-20260423-112440/portable/T3CHNRD'S Windows Tool Kit/Integrations/Invoke-InstallMicrosoft365.ps1,EXCLUDED_LEGACY_BUILD_OR_UNMAPPED_BINARY,,088c4d8c903d0f90b8438bd5ed94cd2720f8fc9e017fb691f4034e712935088a
windows_script_toolkit.zip,windows_script_toolkit/dist-build-20260423-112440/portable/T3CHNRD'S Windows Tool Kit/Integrations/Invoke-MediaCreationWorkflow.ps1,EXCLUDED_LEGACY_BUILD_OR_UNMAPPED_BINARY,,16b74b45e0f477f2ea26e83f82008436670ad3cba5442585e5b40bc54c1fcc97
windows_script_toolkit.zip,windows_script_toolkit/dist-build-20260423-112440/portable/T3CHNRD'S Windows Tool Kit/LegacyScripts/bootcertchcker.ps1,EXCLUDED_LEGACY_BUILD_OR_UNMAPPED_BINARY,,3d46bfa263a99b62c96485bf77820107c47cabcd4b3d90e2c5d6a03dc63c5447
windows_script_toolkit.zip,windows_script_toolkit/dist-build-20260423-112440/portable/T3CHNRD'S Windows Tool Kit/LegacyScripts/Check-SecureBootCert.ps1,EXCLUDED_LEGACY_BUILD_OR_UNMAPPED_BINARY,,b2c41002b3f0738832ccccbf738f97d8fd01464ce7776a602fb882d898729d73
windows_script_toolkit.zip,windows_script_toolkit/dist-build-20260423-112440/portable/T3CHNRD'S Windows Tool Kit/LegacyScripts/Fix_OneNote_Duplicates.ps1,EXCLUDED_LEGACY_BUILD_OR_UNMAPPED_BINARY,,f1d24e57b42e0ac7a724f4c0e82bdd0329ea767c67b946327e90bda2f550ca77
windows_script_toolkit.zip,windows_script_toolkit/dist-build-20260423-112440/portable/T3CHNRD'S Windows Tool Kit/LegacyScripts/how_to_guide.ps1,EXCLUDED_LEGACY_BUILD_OR_UNMAPPED_BINARY,,8c0117fd5c9c24fbe1f0871db485a8f6199f599f47965d7e523cb0dc50a0ae77
windows_script_toolkit.zip,windows_script_toolkit/dist-build-20260423-112440/portable/T3CHNRD'S Windows Tool Kit/LegacyScripts/Invoke-MassDuplicateCleanup.ps1,EXCLUDED_LEGACY_BUILD_OR_UNMAPPED_BINARY,,ec6aea3b554b32bd480ff832f8037c6e5434cf7e0364745e42e4b44f346d00d2
windows_script_toolkit.zip,windows_script_toolkit/dist-build-20260423-112440/portable/T3CHNRD'S Windows Tool Kit/LegacyScripts/Invoke-ps2exe.ps1,EXCLUDED_LEGACY_BUILD_OR_UNMAPPED_BINARY,,d4c046573b836f26a980cf8de75c3316b01beeefe06d93eddf66a0559857e016
windows_script_toolkit.zip,windows_script_toolkit/dist-build-20260423-112440/portable/T3CHNRD'S Windows Tool Kit/LegacyScripts/Launch_OneNote.ps1,EXCLUDED_LEGACY_BUILD_OR_UNMAPPED_BINARY,,fe3a242b6e30e8c4a13f2c76f1fe1945be021a85ba5f27eb20d0d53740e07a6b
windows_script_toolkit.zip,windows_script_toolkit/dist-build-20260423-112440/portable/T3CHNRD'S Windows Tool Kit/LegacyScripts/Master Audit & Smart-Skip.ps1,PRESENT_EXACT,Windows/Scripts/Documentation/Master-Audit-Smart-Skip.ps1,45befdba28bc3f6845b48a676eb05effc342fb8e4073db54542b61248c5d96d5
windows_script_toolkit.zip,windows_script_toolkit/dist-build-20260423-112440/portable/T3CHNRD'S Windows Tool Kit/LegacyScripts/master_onenote_importer.ps1,PRESENT_EXACT,Windows/Scripts/Documentation/Master-OneNote-Importer.ps1,96b28823ac0b686e163b3efdd7efdec6322c4d313c65234f9d9c398d5ee9bf2f
windows_script_toolkit.zip,windows_script_toolkit/dist-build-20260423-112440/portable/T3CHNRD'S Windows Tool Kit/LegacyScripts/move_to_onenote.ps1,EXCLUDED_LEGACY_BUILD_OR_UNMAPPED_BINARY,,1873760c7cf433f889a11e329e76d937c260bb20737c130b4e32f638cf590f53
windows_script_toolkit.zip,windows_script_toolkit/dist-build-20260423-112440/portable/T3CHNRD'S Windows Tool Kit/LegacyScripts/move_to_onenote_2.ps1,EXCLUDED_LEGACY_BUILD_OR_UNMAPPED_BINARY,,136bb9491bc9ba761c1df2bd690fa57f10493ac7896bb99055be961b440acf78
windows_script_toolkit.zip,windows_script_toolkit/dist-build-20260423-112440/portable/T3CHNRD'S Windows Tool Kit/LegacyScripts/move_to_onenote_selfcheck.ps1,EXCLUDED_LEGACY_BUILD_OR_UNMAPPED_BINARY,,a55f8340e9c2a56c2d784ff9148ca23bc9462f24f584bcf64d091f191122ecb1
windows_script_toolkit.zip,windows_script_toolkit/dist-build-20260423-112440/portable/T3CHNRD'S Windows Tool Kit/LegacyScripts/sortdoc.ps1,EXCLUDED_LEGACY_BUILD_OR_UNMAPPED_BINARY,,1f0f3ee0aa289cd9760d6946002fcbd242a11da225151b707e7dad1952553359
windows_script_toolkit.zip,windows_script_toolkit/dist-build-20260423-112440/portable/T3CHNRD'S Windows Tool Kit/LegacyScripts/The Network Access Script.ps1,EXCLUDED_LEGACY_BUILD_OR_UNMAPPED_BINARY,,254666371cf5f4c2773c05173065d4020354958a3cd0968015c4ab27f83a00d0
windows_script_toolkit.zip,windows_script_toolkit/dist-build-20260423-112440/portable/T3CHNRD'S Windows Tool Kit/Modules/MaintenanceToolkit/MaintenanceToolkit.psd1,EXCLUDED_LEGACY_BUILD_OR_UNMAPPED_BINARY,,2bd9075091d24f08d9d51e7e2e5b059edfd46a170aaae51e1ad4c1b541cf4b37
windows_script_toolkit.zip,windows_script_toolkit/dist-build-20260423-112440/portable/T3CHNRD'S Windows Tool Kit/Modules/MaintenanceToolkit/MaintenanceToolkit.psm1,EXCLUDED_LEGACY_BUILD_OR_UNMAPPED_BINARY,,a6846ea1f00ed3eb623e8178b35358d84f104967db26ece4081a552e48a597af
windows_script_toolkit.zip,windows_script_toolkit/dist-build-20260423-112440/portable/T3CHNRD'S Windows Tool Kit/Scripts/Tasks/Invoke-ClearTempJunk.ps1,EXCLUDED_LEGACY_BUILD_OR_UNMAPPED_BINARY,,ddda4413bda0cf184ec17b04494187b8aad4b749090ca890cf5675747d7e3144
windows_script_toolkit.zip,windows_script_toolkit/dist-build-20260423-112440/portable/T3CHNRD'S Windows Tool Kit/Scripts/Tasks/Invoke-DebloatInventory.ps1,EXCLUDED_LEGACY_BUILD_OR_UNMAPPED_BINARY,,1f7268b3b8267c1e0156b21003a38e1ec023f5fed76b37438630ea2856cdd935
windows_script_toolkit.zip,windows_script_toolkit/dist-build-20260423-112440/portable/T3CHNRD'S Windows Tool Kit/Scripts/Tasks/Invoke-DiskSpaceMonitor.ps1,PRESENT_EXACT,Windows/Scripts/Invoke-DiskSpaceMonitor.ps1,9e732a87122862ff575f95a4cd999d5100b298314c20d612650201da21f3393f
windows_script_toolkit.zip,windows_script_toolkit/dist-build-20260423-112440/portable/T3CHNRD'S Windows Tool Kit/Scripts/Tasks/Invoke-FreeCDriveSpace.ps1,PRESENT_EXACT,Windows/Scripts/Invoke-FreeCDriveSpace.ps1,5d1490a5a56e1dfc0b2eb6245d9a6c3ca65d0e5bbd0f964e6b9f67cf2823ee2f
windows_script_toolkit.zip,windows_script_toolkit/dist-build-20260423-112440/portable/T3CHNRD'S Windows Tool Kit/Scripts/Tasks/Invoke-NetworkMaintenance.ps1,PRESENT_EXACT,Windows/Scripts/Network/Invoke-NetworkMaintenance.ps1,e94e20ab6cad69813a87c5345f7ea914988fc8e369c1d8b07bfd2bffe38fb178
windows_script_toolkit.zip,windows_script_toolkit/dist-build-20260423-112440/portable/T3CHNRD'S Windows Tool Kit/Scripts/Tasks/Invoke-ResetNetworkStack.ps1,EXCLUDED_LEGACY_BUILD_OR_UNMAPPED_BINARY,,6c7c8757ef5dbd114b2312bba9f80f08c221d28c7646bd79558f65c671b66103
windows_script_toolkit.zip,windows_script_toolkit/dist-build-20260423-112440/portable/T3CHNRD'S Windows Tool Kit/Scripts/Tasks/Invoke-UpdateAllApps.ps1,EXCLUDED_LEGACY_BUILD_OR_UNMAPPED_BINARY,,d87be99ae81198e97beb2c147513389e8ef2e2ef5f618cf657379e95ac943fd9
windows_script_toolkit.zip,windows_script_toolkit/dist-build-20260423-112440/portable/T3CHNRD'S Windows Tool Kit/Scripts/Tasks/Invoke-WindowsRepairChecks.ps1,EXCLUDED_LEGACY_BUILD_OR_UNMAPPED_BINARY,,57596e47d7fa637273382f03cdffb736d9328f2a5e49a7bb10826eefdc786869
windows_script_toolkit.zip,windows_script_toolkit/dist-latest/T3CHNRD'S Windows Tool Kit-portable.zip,EXCLUDED_LEGACY_BUILD_OR_UNMAPPED_BINARY,,93572abc5d8f3e08141223a8be4b73232e56b50b38c165831d321318124c3811
windows_script_toolkit.zip,windows_script_toolkit/dist-latest/portable/T3CHNRD'S Windows Tool Kit/PROJECT_PLAN.md,EXCLUDED_LEGACY_BUILD_OR_UNMAPPED_BINARY,,abc0b35c329094318dec0ca597206857cc9a63c00eb566069e2eae3913edc6b4
windows_script_toolkit.zip,windows_script_toolkit/dist-latest/portable/T3CHNRD'S Windows Tool Kit/README.md,EXCLUDED_LEGACY_BUILD_OR_UNMAPPED_BINARY,,fabed9f8c0986846e80b76fb1cbc749e6f9276f1808f5f69777ac609e65ca2f7
windows_script_toolkit.zip,windows_script_toolkit/dist-latest/portable/T3CHNRD'S Windows Tool Kit/T3CHNRD'S Windows Tool Kit.exe,EXCLUDED_LEGACY_BUILD_OR_UNMAPPED_BINARY,,80b7206b20d086ec8fca8038cbf59fd5ec6d2e4313d8bc148563345d7727774a
windows_script_toolkit.zip,windows_script_toolkit/dist-latest/portable/T3CHNRD'S Windows Tool Kit/ToolkitLauncher.ps1,EXCLUDED_LEGACY_BUILD_OR_UNMAPPED_BINARY,,d0a3465161a43a2e4f22c54255a6b4f78e77d6d51c4ae85d04a0dbeb63019d67
windows_script_toolkit.zip,windows_script_toolkit/dist-latest/portable/T3CHNRD'S Windows Tool Kit/Config/Toolkit.Settings.psd1,EXCLUDED_LEGACY_BUILD_OR_UNMAPPED_BINARY,,6c0413f51b327e7f7c8a96267ab145adbf9209daf3324abccf6894632ad4fbf8
windows_script_toolkit.zip,windows_script_toolkit/dist-latest/portable/T3CHNRD'S Windows Tool Kit/Docs/Script-Adaptation-Notes.md,EXCLUDED_LEGACY_BUILD_OR_UNMAPPED_BINARY,,bfa6e340d7f6d1d03e81043e08153072d659a18dffec150d4e83e6276faca5f0
windows_script_toolkit.zip,windows_script_toolkit/dist-latest/portable/T3CHNRD'S Windows Tool Kit/Docs/Script-Review.md,EXCLUDED_LEGACY_BUILD_OR_UNMAPPED_BINARY,,71d2751737b99c42c44e85b63159a060277dc0ad1bf2a98642d6b6ee319f0924
windows_script_toolkit.zip,windows_script_toolkit/dist-latest/portable/T3CHNRD'S Windows Tool Kit/Docs/Screenshots/.gitkeep,EXCLUDED_LEGACY_BUILD_OR_UNMAPPED_BINARY,,01ba4719c80b6fe911b091a7c05124b64eeece964e09c058ef8f9805daca546b
windows_script_toolkit.zip,windows_script_toolkit/dist-latest/portable/T3CHNRD'S Windows Tool Kit/Integrations/Invoke-InstallMicrosoft365.ps1,EXCLUDED_LEGACY_BUILD_OR_UNMAPPED_BINARY,,088c4d8c903d0f90b8438bd5ed94cd2720f8fc9e017fb691f4034e712935088a
windows_script_toolkit.zip,windows_script_toolkit/dist-latest/portable/T3CHNRD'S Windows Tool Kit/Integrations/Invoke-MediaCreationWorkflow.ps1,EXCLUDED_LEGACY_BUILD_OR_UNMAPPED_BINARY,,16b74b45e0f477f2ea26e83f82008436670ad3cba5442585e5b40bc54c1fcc97
windows_script_toolkit.zip,windows_script_toolkit/dist-latest/portable/T3CHNRD'S Windows Tool Kit/LegacyScripts/bootcertchcker.ps1,EXCLUDED_LEGACY_BUILD_OR_UNMAPPED_BINARY,,3d46bfa263a99b62c96485bf77820107c47cabcd4b3d90e2c5d6a03dc63c5447
windows_script_toolkit.zip,windows_script_toolkit/dist-latest/portable/T3CHNRD'S Windows Tool Kit/LegacyScripts/Check-SecureBootCert.ps1,EXCLUDED_LEGACY_BUILD_OR_UNMAPPED_BINARY,,b2c41002b3f0738832ccccbf738f97d8fd01464ce7776a602fb882d898729d73
windows_script_toolkit.zip,windows_script_toolkit/dist-latest/portable/T3CHNRD'S Windows Tool Kit/LegacyScripts/Fix_OneNote_Duplicates.ps1,EXCLUDED_LEGACY_BUILD_OR_UNMAPPED_BINARY,,f1d24e57b42e0ac7a724f4c0e82bdd0329ea767c67b946327e90bda2f550ca77
windows_script_toolkit.zip,windows_script_toolkit/dist-latest/portable/T3CHNRD'S Windows Tool Kit/LegacyScripts/how_to_guide.ps1,EXCLUDED_LEGACY_BUILD_OR_UNMAPPED_BINARY,,8c0117fd5c9c24fbe1f0871db485a8f6199f599f47965d7e523cb0dc50a0ae77
windows_script_toolkit.zip,windows_script_toolkit/dist-latest/portable/T3CHNRD'S Windows Tool Kit/LegacyScripts/Invoke-MassDuplicateCleanup.ps1,EXCLUDED_LEGACY_BUILD_OR_UNMAPPED_BINARY,,ec6aea3b554b32bd480ff832f8037c6e5434cf7e0364745e42e4b44f346d00d2
windows_script_toolkit.zip,windows_script_toolkit/dist-latest/portable/T3CHNRD'S Windows Tool Kit/LegacyScripts/Invoke-ps2exe.ps1,EXCLUDED_LEGACY_BUILD_OR_UNMAPPED_BINARY,,d4c046573b836f26a980cf8de75c3316b01beeefe06d93eddf66a0559857e016
windows_script_toolkit.zip,windows_script_toolkit/dist-latest/portable/T3CHNRD'S Windows Tool Kit/LegacyScripts/Launch_OneNote.ps1,EXCLUDED_LEGACY_BUILD_OR_UNMAPPED_BINARY,,fe3a242b6e30e8c4a13f2c76f1fe1945be021a85ba5f27eb20d0d53740e07a6b
windows_script_toolkit.zip,windows_script_toolkit/dist-latest/portable/T3CHNRD'S Windows Tool Kit/LegacyScripts/Master Audit & Smart-Skip.ps1,PRESENT_EXACT,Windows/Scripts/Documentation/Master-Audit-Smart-Skip.ps1,45befdba28bc3f6845b48a676eb05effc342fb8e4073db54542b61248c5d96d5
windows_script_toolkit.zip,windows_script_toolkit/dist-latest/portable/T3CHNRD'S Windows Tool Kit/LegacyScripts/master_onenote_importer.ps1,PRESENT_EXACT,Windows/Scripts/Documentation/Master-OneNote-Importer.ps1,96b28823ac0b686e163b3efdd7efdec6322c4d313c65234f9d9c398d5ee9bf2f
windows_script_toolkit.zip,windows_script_toolkit/dist-latest/portable/T3CHNRD'S Windows Tool Kit/LegacyScripts/move_to_onenote.ps1,EXCLUDED_LEGACY_BUILD_OR_UNMAPPED_BINARY,,1873760c7cf433f889a11e329e76d937c260bb20737c130b4e32f638cf590f53
windows_script_toolkit.zip,windows_script_toolkit/dist-latest/portable/T3CHNRD'S Windows Tool Kit/LegacyScripts/move_to_onenote_2.ps1,EXCLUDED_LEGACY_BUILD_OR_UNMAPPED_BINARY,,136bb9491bc9ba761c1df2bd690fa57f10493ac7896bb99055be961b440acf78
windows_script_toolkit.zip,windows_script_toolkit/dist-latest/portable/T3CHNRD'S Windows Tool Kit/LegacyScripts/move_to_onenote_selfcheck.ps1,EXCLUDED_LEGACY_BUILD_OR_UNMAPPED_BINARY,,a55f8340e9c2a56c2d784ff9148ca23bc9462f24f584bcf64d091f191122ecb1
windows_script_toolkit.zip,windows_script_toolkit/dist-latest/portable/T3CHNRD'S Windows Tool Kit/LegacyScripts/sortdoc.ps1,EXCLUDED_LEGACY_BUILD_OR_UNMAPPED_BINARY,,1f0f3ee0aa289cd9760d6946002fcbd242a11da225151b707e7dad1952553359
windows_script_toolkit.zip,windows_script_toolkit/dist-latest/portable/T3CHNRD'S Windows Tool Kit/LegacyScripts/The Network Access Script.ps1,EXCLUDED_LEGACY_BUILD_OR_UNMAPPED_BINARY,,254666371cf5f4c2773c05173065d4020354958a3cd0968015c4ab27f83a00d0
windows_script_toolkit.zip,windows_script_toolkit/dist-latest/portable/T3CHNRD'S Windows Tool Kit/Logs/Toolkit-20260423.log,EXCLUDED_PREVIOUS_RUN_OUTPUT,,f3f9c7bfe9c21b3d4b6530d33ace0671432deb0396bf0d3c959d247214ee3a6a
windows_script_toolkit.zip,windows_script_toolkit/dist-latest/portable/T3CHNRD'S Windows Tool Kit/Modules/MaintenanceToolkit/MaintenanceToolkit.psd1,EXCLUDED_LEGACY_BUILD_OR_UNMAPPED_BINARY,,2bd9075091d24f08d9d51e7e2e5b059edfd46a170aaae51e1ad4c1b541cf4b37
windows_script_toolkit.zip,windows_script_toolkit/dist-latest/portable/T3CHNRD'S Windows Tool Kit/Modules/MaintenanceToolkit/MaintenanceToolkit.psm1,EXCLUDED_LEGACY_BUILD_OR_UNMAPPED_BINARY,,1b5d4b0b6c2fa739d75f1f447d760c8822c8380984d457bbb50cfec16bb503bd
windows_script_toolkit.zip,windows_script_toolkit/dist-latest/portable/T3CHNRD'S Windows Tool Kit/Scripts/Tasks/Invoke-BiosUpdate.ps1,EXCLUDED_LEGACY_BUILD_OR_UNMAPPED_BINARY,,43d7424ba0d5482333faaa091e75c1b4ff121f19410ed1f783a2666a6d240231
windows_script_toolkit.zip,windows_script_toolkit/dist-latest/portable/T3CHNRD'S Windows Tool Kit/Scripts/Tasks/Invoke-ClearTempJunk.ps1,EXCLUDED_LEGACY_BUILD_OR_UNMAPPED_BINARY,,ddda4413bda0cf184ec17b04494187b8aad4b749090ca890cf5675747d7e3144
windows_script_toolkit.zip,windows_script_toolkit/dist-latest/portable/T3CHNRD'S Windows Tool Kit/Scripts/Tasks/Invoke-DebloatInventory.ps1,EXCLUDED_LEGACY_BUILD_OR_UNMAPPED_BINARY,,1f7268b3b8267c1e0156b21003a38e1ec023f5fed76b37438630ea2856cdd935
windows_script_toolkit.zip,windows_script_toolkit/dist-latest/portable/T3CHNRD'S Windows Tool Kit/Scripts/Tasks/Invoke-DiskSpaceMonitor.ps1,PRESENT_EXACT,Windows/Scripts/Invoke-DiskSpaceMonitor.ps1,9e732a87122862ff575f95a4cd999d5100b298314c20d612650201da21f3393f
windows_script_toolkit.zip,windows_script_toolkit/dist-latest/portable/T3CHNRD'S Windows Tool Kit/Scripts/Tasks/Invoke-DriverUpdate.ps1,EXCLUDED_LEGACY_BUILD_OR_UNMAPPED_BINARY,,f478583e3deb7bfa61e09a7fcc6217e92f52654c415ca31b1aa8e114baba42af
windows_script_toolkit.zip,windows_script_toolkit/dist-latest/portable/T3CHNRD'S Windows Tool Kit/Scripts/Tasks/Invoke-FirmwareUpdate.ps1,EXCLUDED_LEGACY_BUILD_OR_UNMAPPED_BINARY,,9b423c44e6cdca361ed7d9986a3830d86966ce18983b0ecbcae1ed5961c58ded
windows_script_toolkit.zip,windows_script_toolkit/dist-latest/portable/T3CHNRD'S Windows Tool Kit/Scripts/Tasks/Invoke-FreeCDriveSpace.ps1,PRESENT_EXACT,Windows/Scripts/Invoke-FreeCDriveSpace.ps1,5d1490a5a56e1dfc0b2eb6245d9a6c3ca65d0e5bbd0f964e6b9f67cf2823ee2f
windows_script_toolkit.zip,windows_script_toolkit/dist-latest/portable/T3CHNRD'S Windows Tool Kit/Scripts/Tasks/Invoke-NetworkMaintenance.ps1,PRESENT_EXACT,Windows/Scripts/Network/Invoke-NetworkMaintenance.ps1,e94e20ab6cad69813a87c5345f7ea914988fc8e369c1d8b07bfd2bffe38fb178
windows_script_toolkit.zip,windows_script_toolkit/dist-latest/portable/T3CHNRD'S Windows Tool Kit/Scripts/Tasks/Invoke-ResetNetworkStack.ps1,EXCLUDED_LEGACY_BUILD_OR_UNMAPPED_BINARY,,6c7c8757ef5dbd114b2312bba9f80f08c221d28c7646bd79558f65c671b66103
windows_script_toolkit.zip,windows_script_toolkit/dist-latest/portable/T3CHNRD'S Windows Tool Kit/Scripts/Tasks/Invoke-UpdateAllApps.ps1,EXCLUDED_LEGACY_BUILD_OR_UNMAPPED_BINARY,,b7b979a7bbe6ef53deff31e9d7c569ace9a47eefce4acf20048d3c6eec668086
windows_script_toolkit.zip,windows_script_toolkit/dist-latest/portable/T3CHNRD'S Windows Tool Kit/Scripts/Tasks/Invoke-WindowsRepairChecks.ps1,EXCLUDED_LEGACY_BUILD_OR_UNMAPPED_BINARY,,14e1cbdaf165b6089ae304efa8cc89c7d21355a011609ee4b6588c2bccf5de39
windows_script_toolkit.zip,windows_script_toolkit/dist-latest/portable/T3CHNRD'S Windows Tool Kit/Scripts/Tasks/Invoke-WindowsUpdateTool.ps1,PRESENT_EXACT,Windows/Scripts/Updates/Invoke-WindowsUpdateTool.ps1,2eb4b01dd145978a23b87ae32248aeeba06605d5230292489cfd26bae0bd1c07
windows_script_toolkit.zip,windows_script_toolkit/dist-latest/portable/T3CHNRD'S Windows Tool Kit/Scripts/Tasks/VendorUpdate.Common.ps1,EXCLUDED_LEGACY_BUILD_OR_UNMAPPED_BINARY,,4c4a9b784ebe816a025c6ff5e61f85da4d78dc7f5a9ca4c9930c6e3d53d8ec55
windows_script_toolkit.zip,windows_script_toolkit/Docs/Script-Adaptation-Notes.md,EXCLUDED_LEGACY_SUPPORT_OR_DOCUMENTATION,,bfa6e340d7f6d1d03e81043e08153072d659a18dffec150d4e83e6276faca5f0
windows_script_toolkit.zip,windows_script_toolkit/Docs/Script-Review.md,EXCLUDED_LEGACY_SUPPORT_OR_DOCUMENTATION,,71d2751737b99c42c44e85b63159a060277dc0ad1bf2a98642d6b6ee319f0924
windows_script_toolkit.zip,windows_script_toolkit/Docs/Validation-2026-04-27.md,EXCLUDED_LEGACY_SUPPORT_OR_DOCUMENTATION,,592c892c4d5356a3c3ffc3ceb4ac5e6e4dd0731405b67b0c17f80ccbd5286c78
windows_script_toolkit.zip,windows_script_toolkit/Docs/Screenshots/.gitkeep,EXCLUDED_LEGACY_SUPPORT_OR_DOCUMENTATION,,01ba4719c80b6fe911b091a7c05124b64eeece964e09c058ef8f9805daca546b
windows_script_toolkit.zip,windows_script_toolkit/Integrations/Invoke-InstallMicrosoft365.ps1,EXCLUDED_LEGACY_OR_SITE_WORKFLOW_SEE_REPORT,,47e3e8d1e1036a7da08c6f8e864b5f0ac5b937b456c7151f602163f07b977d98
windows_script_toolkit.zip,windows_script_toolkit/Integrations/Invoke-MediaCreationWorkflow.ps1,EXCLUDED_LEGACY_OR_SITE_WORKFLOW_SEE_REPORT,,abb0fa46a8bea6313b029bab5955d78a997f1e51003216a88d9747feff6cabd6
windows_script_toolkit.zip,windows_script_toolkit/Integrations/Install-Microsoft365/Install-Microsoft365-main/.gitignore,EXCLUDED_LEGACY_SUPPORT_OR_DOCUMENTATION,,6abfd49280d1564265bb72bbc57188e972bb0c9766e30033feb6b2f3c8f18b11
windows_script_toolkit.zip,windows_script_toolkit/Integrations/Install-Microsoft365/Install-Microsoft365-main/Helpers.psm1,EXCLUDED_LEGACY_OR_SITE_WORKFLOW_SEE_REPORT,,409ff34ca1bff33b69172e3564da77a76a42ed2ab730e22cfd0d92e9ee46c7c2
windows_script_toolkit.zip,windows_script_toolkit/Integrations/Install-Microsoft365/Install-Microsoft365-main/Install-Microsoft365.ps1,EXCLUDED_LEGACY_OR_SITE_WORKFLOW_SEE_REPORT,,b01b4088b68a8eaf01edb834292aeb0498e9432fa6fb78a3f9d546b152446214
windows_script_toolkit.zip,windows_script_toolkit/Integrations/Install-Microsoft365/Install-Microsoft365-main/LICENSE,EXCLUDED_LEGACY_SUPPORT_OR_DOCUMENTATION,,d1c65ea1552d33f51abb46299f9a1f11997758268fc906eb991435fa4daf1272
windows_script_toolkit.zip,windows_script_toolkit/Integrations/Install-Microsoft365/Install-Microsoft365-main/README.md,EXCLUDED_LEGACY_SUPPORT_OR_DOCUMENTATION,,951089aae9e23c0ca2beeb7149a88fa9838c4f1cdef857b8078b0b45050a22e3
windows_script_toolkit.zip,windows_script_toolkit/Integrations/Install-Microsoft365/Install-Microsoft365-main/ValidateConfiguration.ps1,EXCLUDED_LEGACY_OR_SITE_WORKFLOW_SEE_REPORT,,79b1a92ad86bdab9ce414acb257bf434da1c5bface1779f4cf3cbc5728684771
windows_script_toolkit.zip,windows_script_toolkit/LegacyScripts/bootcertchcker.ps1,EXCLUDED_LEGACY_OR_SITE_WORKFLOW_SEE_REPORT,,3d46bfa263a99b62c96485bf77820107c47cabcd4b3d90e2c5d6a03dc63c5447
windows_script_toolkit.zip,windows_script_toolkit/LegacyScripts/Check-SecureBootCert.ps1,EXCLUDED_LEGACY_OR_SITE_WORKFLOW_SEE_REPORT,,b2c41002b3f0738832ccccbf738f97d8fd01464ce7776a602fb882d898729d73
windows_script_toolkit.zip,windows_script_toolkit/LegacyScripts/Fix_OneNote_Duplicates.ps1,EXCLUDED_LEGACY_OR_SITE_WORKFLOW_SEE_REPORT,,f1d24e57b42e0ac7a724f4c0e82bdd0329ea767c67b946327e90bda2f550ca77
windows_script_toolkit.zip,windows_script_toolkit/LegacyScripts/how_to_guide.ps1,EXCLUDED_LEGACY_OR_SITE_WORKFLOW_SEE_REPORT,,8c0117fd5c9c24fbe1f0871db485a8f6199f599f47965d7e523cb0dc50a0ae77
windows_script_toolkit.zip,windows_script_toolkit/LegacyScripts/Invoke-MassDuplicateCleanup.ps1,EXCLUDED_LEGACY_OR_SITE_WORKFLOW_SEE_REPORT,,ec6aea3b554b32bd480ff832f8037c6e5434cf7e0364745e42e4b44f346d00d2
windows_script_toolkit.zip,windows_script_toolkit/LegacyScripts/Invoke-ps2exe.ps1,EXCLUDED_LEGACY_OR_SITE_WORKFLOW_SEE_REPORT,,d4c046573b836f26a980cf8de75c3316b01beeefe06d93eddf66a0559857e016
windows_script_toolkit.zip,windows_script_toolkit/LegacyScripts/Launch_OneNote.ps1,EXCLUDED_LEGACY_OR_SITE_WORKFLOW_SEE_REPORT,,fe3a242b6e30e8c4a13f2c76f1fe1945be021a85ba5f27eb20d0d53740e07a6b
windows_script_toolkit.zip,windows_script_toolkit/LegacyScripts/Master Audit & Smart-Skip.ps1,PRESENT_EXACT,Windows/Scripts/Documentation/Master-Audit-Smart-Skip.ps1,45befdba28bc3f6845b48a676eb05effc342fb8e4073db54542b61248c5d96d5
windows_script_toolkit.zip,windows_script_toolkit/LegacyScripts/master_onenote_importer.ps1,PRESENT_EXACT,Windows/Scripts/Documentation/Master-OneNote-Importer.ps1,96b28823ac0b686e163b3efdd7efdec6322c4d313c65234f9d9c398d5ee9bf2f
windows_script_toolkit.zip,windows_script_toolkit/LegacyScripts/move_to_onenote.ps1,EXCLUDED_LEGACY_OR_SITE_WORKFLOW_SEE_REPORT,,1873760c7cf433f889a11e329e76d937c260bb20737c130b4e32f638cf590f53
windows_script_toolkit.zip,windows_script_toolkit/LegacyScripts/move_to_onenote_2.ps1,EXCLUDED_LEGACY_OR_SITE_WORKFLOW_SEE_REPORT,,136bb9491bc9ba761c1df2bd690fa57f10493ac7896bb99055be961b440acf78
windows_script_toolkit.zip,windows_script_toolkit/LegacyScripts/move_to_onenote_selfcheck.ps1,EXCLUDED_LEGACY_OR_SITE_WORKFLOW_SEE_REPORT,,a55f8340e9c2a56c2d784ff9148ca23bc9462f24f584bcf64d091f191122ecb1
windows_script_toolkit.zip,windows_script_toolkit/LegacyScripts/sortdoc.ps1,EXCLUDED_LEGACY_OR_SITE_WORKFLOW_SEE_REPORT,,1f0f3ee0aa289cd9760d6946002fcbd242a11da225151b707e7dad1952553359
windows_script_toolkit.zip,windows_script_toolkit/LegacyScripts/The Network Access Script.ps1,EXCLUDED_LEGACY_OR_SITE_WORKFLOW_SEE_REPORT,,254666371cf5f4c2773c05173065d4020354958a3cd0968015c4ab27f83a00d0
windows_script_toolkit.zip,windows_script_toolkit/Logs/.gitkeep,PRESENT_EXACT,Diagnostic-Reports/.gitkeep,e3b0c44298fc1c149afbf4c8996fb92427ae41e4649b934ca495991b7852b855
windows_script_toolkit.zip,windows_script_toolkit/Logs/debloat-selection.txt,EXCLUDED_PREVIOUS_RUN_OUTPUT,,eb8042be014adec7fa54166f9f5549a3f7cfde9d1a44847d56ebad3cd672e1ec
windows_script_toolkit.zip,windows_script_toolkit/Logs/DeviceInformation-20260514-132622.txt,EXCLUDED_PREVIOUS_RUN_OUTPUT,,c74e7d8f214642c5ed0c64d6f4615f682126f6dbcdf7d82b078bb8b8b98393b6
windows_script_toolkit.zip,windows_script_toolkit/Logs/InstalledApps-appx-20260428-075953.csv,EXCLUDED_PREVIOUS_RUN_OUTPUT,,5b2b3e928e22580e3b44a8bab7b073dcc715977438203ab8b81664d448ccbf09
windows_script_toolkit.zip,windows_script_toolkit/Logs/InstalledApps-winget-20260428-075953.txt,EXCLUDED_PREVIOUS_RUN_OUTPUT,,011a8023dda65179df0af654d188338b833d376768356145d1204d2ad4df6043
windows_script_toolkit.zip,windows_script_toolkit/Logs/KillerScanLocal-20260514-132701.csv,PRESENT_EXACT,Diagnostic-Reports/.gitkeep,e3b0c44298fc1c149afbf4c8996fb92427ae41e4649b934ca495991b7852b855
windows_script_toolkit.zip,windows_script_toolkit/Logs/SecurityAudit-FRAMEWORK_FW1-20260512-072713.txt,EXCLUDED_PREVIOUS_RUN_OUTPUT,,66ae677d86c57a549b230c08343544191d2eca08ba0de88d59363e470b57d6e0
windows_script_toolkit.zip,windows_script_toolkit/Logs/SelectedApps-review-20260428-075953.txt,EXCLUDED_PREVIOUS_RUN_OUTPUT,,514e2373242666f799f70cfcdbf475225995cb2e62b7318afca84a98a271025c
windows_script_toolkit.zip,windows_script_toolkit/Logs/task-Apps-DebloatHelper-20260428-075952-stderr.log,PRESENT_EXACT,Diagnostic-Reports/.gitkeep,e3b0c44298fc1c149afbf4c8996fb92427ae41e4649b934ca495991b7852b855
windows_script_toolkit.zip,windows_script_toolkit/Logs/task-Apps-DebloatHelper-20260428-075952-stdout.log,EXCLUDED_PREVIOUS_RUN_OUTPUT,,f0351bc6fcf7a10890ce9c565f05854160bdbe99a2120d375eaf029c81fb4394
windows_script_toolkit.zip,windows_script_toolkit/Logs/task-Cleanup-TempFiles-20260428-074559-stderr.log,PRESENT_EXACT,Diagnostic-Reports/.gitkeep,e3b0c44298fc1c149afbf4c8996fb92427ae41e4649b934ca495991b7852b855
windows_script_toolkit.zip,windows_script_toolkit/Logs/task-Cleanup-TempFiles-20260428-074559-stdout.log,EXCLUDED_PREVIOUS_RUN_OUTPUT,,aac9a4fca0716dbf9aea3ef50e6748e49b6f912bcb7e68100f139b892b7092bc
windows_script_toolkit.zip,windows_script_toolkit/Logs/task-Integration-Microsoft365-20260428-080128-stderr.log,PRESENT_EXACT,Diagnostic-Reports/.gitkeep,e3b0c44298fc1c149afbf4c8996fb92427ae41e4649b934ca495991b7852b855
windows_script_toolkit.zip,windows_script_toolkit/Logs/task-Integration-Microsoft365-20260428-080128-stdout.log,EXCLUDED_PREVIOUS_RUN_OUTPUT,,19b894da6cfc2edb2156fb63d778d8f6094af36a56fcd3b9ac31042a3679fc99
windows_script_toolkit.zip,windows_script_toolkit/Logs/task-Legacy-CheckSecureBootCert-20260427-151507-stderr.log,PRESENT_EXACT,Diagnostic-Reports/.gitkeep,e3b0c44298fc1c149afbf4c8996fb92427ae41e4649b934ca495991b7852b855
windows_script_toolkit.zip,windows_script_toolkit/Logs/task-Legacy-CheckSecureBootCert-20260427-151507-stdout.log,EXCLUDED_PREVIOUS_RUN_OUTPUT,,eaa947b15e6f7c6066ba37d1c3c340b43d549ba1534d321ca94c1034ef5d3945
windows_script_toolkit.zip,windows_script_toolkit/Logs/task-Storage-NewComputerSetup-20260428-080029-stderr.log,PRESENT_EXACT,Diagnostic-Reports/.gitkeep,e3b0c44298fc1c149afbf4c8996fb92427ae41e4649b934ca495991b7852b855
windows_script_toolkit.zip,windows_script_toolkit/Logs/task-Storage-NewComputerSetup-20260428-080029-stdout.log,EXCLUDED_PREVIOUS_RUN_OUTPUT,,9a2763b35d5f2b733441a533b763c403fd718b6a9be7592d8437f36f24f2a903
windows_script_toolkit.zip,windows_script_toolkit/Logs/Toolkit-20260427.log,EXCLUDED_PREVIOUS_RUN_OUTPUT,,3226987206888c6978825ac3921c9ec323400eb22f28f8139323ea96321df8bb
windows_script_toolkit.zip,windows_script_toolkit/Logs/Toolkit-20260428.log,EXCLUDED_PREVIOUS_RUN_OUTPUT,,bde89118b74086725533ef7fb75eb71b4bb0564ba2409f698b9ecd8c0c129950
windows_script_toolkit.zip,windows_script_toolkit/Logs/Toolkit-20260429.log,EXCLUDED_PREVIOUS_RUN_OUTPUT,,1d6985b37faf4e24a91f300b633aa915545c2537c8db6ffe2b149157bfd50874
windows_script_toolkit.zip,windows_script_toolkit/Logs/Toolkit-20260430.log,EXCLUDED_PREVIOUS_RUN_OUTPUT,,d865d52d0e596804fd89c98c1f2ee086b955376f4c2c8d3c6ab3ad5a9becd224
windows_script_toolkit.zip,windows_script_toolkit/Logs/Toolkit-20260501.log,EXCLUDED_PREVIOUS_RUN_OUTPUT,,ede114461721d5c2303c5039e623923ae86ce13bc8fdee9c91aa061ca2a2f4eb
windows_script_toolkit.zip,windows_script_toolkit/Logs/Toolkit-20260507.log,EXCLUDED_PREVIOUS_RUN_OUTPUT,,8e05cbaad12cfb1ee0b83768323e7cd4c8c7afaffc0ece2fb66524d0d86b77f2
windows_script_toolkit.zip,windows_script_toolkit/Logs/Toolkit-20260508.log,EXCLUDED_PREVIOUS_RUN_OUTPUT,,1a2fa56f4139dfab4d26a0e9317c4b0142afa02855293d8fdc04e97df22f90a0
windows_script_toolkit.zip,windows_script_toolkit/Logs/Toolkit-20260512.log,EXCLUDED_PREVIOUS_RUN_OUTPUT,,312d91ab8a1810f1ecf1c6c3d288e46ee250f2b5ce8c4e6fd009fcca18ebc745
windows_script_toolkit.zip,windows_script_toolkit/Logs/Toolkit-20260514.log,EXCLUDED_PREVIOUS_RUN_OUTPUT,,8f398496deb3c9e043e711286b2a3c5ce5c7f4bf57718020b0d8906708ec4a3b
windows_script_toolkit.zip,windows_script_toolkit/Logs/Toolkit-20260601.log,EXCLUDED_PREVIOUS_RUN_OUTPUT,,22f2dfb022a34b15882455eaca3b7ee6916d6013811411dfb869273cc2bf34f6
windows_script_toolkit.zip,windows_script_toolkit/Logs/Toolkit-20260605.log,EXCLUDED_PREVIOUS_RUN_OUTPUT,,89deb793b1ff3c97ae6226bc686864b0033408760857cbc99786cbecf5d93f1c
windows_script_toolkit.zip,windows_script_toolkit/Logs/Toolkit-20260610.log,EXCLUDED_PREVIOUS_RUN_OUTPUT,,245092b74c96b2fd139a9a5191ef385be0f12acd41e90f3228ab53d316bdc6b3
windows_script_toolkit.zip,windows_script_toolkit/Logs/Toolkit-UI-20260430.log,EXCLUDED_PREVIOUS_RUN_OUTPUT,,e0b8add745dd7c415510865946111736a992c334ee4cd6c01b76ef8ee76f0318
windows_script_toolkit.zip,windows_script_toolkit/Logs/Toolkit-UI-20260501.log,EXCLUDED_PREVIOUS_RUN_OUTPUT,,ac6c9dae6e0cf069b0fac70d90892d9a96b90a95100c0cd2aebff453712c1b2c
windows_script_toolkit.zip,windows_script_toolkit/Logs/Toolkit-UI-20260505.log,EXCLUDED_PREVIOUS_RUN_OUTPUT,,7556c0faeb666369b60a91ea22d1434ec061df37ee24044d40bb0ef60741b353
windows_script_toolkit.zip,windows_script_toolkit/Logs/Toolkit-UI-20260507.log,EXCLUDED_PREVIOUS_RUN_OUTPUT,,5191f79bfa81f7b521e29d9e6102eab90bad1150f6c7a994d8c43170116e5236
windows_script_toolkit.zip,windows_script_toolkit/Logs/Toolkit-UI-20260508.log,EXCLUDED_PREVIOUS_RUN_OUTPUT,,99c786291cbaba3466aad25e7115df7bfb8a03f93e7523476eb422c343d430fd
windows_script_toolkit.zip,windows_script_toolkit/Logs/Toolkit-UI-20260512.log,EXCLUDED_PREVIOUS_RUN_OUTPUT,,f50c648460a01faf134fb8ca92a940c8cd49d64ce5eb7bf434fcb74f0b799408
windows_script_toolkit.zip,windows_script_toolkit/Logs/Toolkit-UI-20260514.log,EXCLUDED_PREVIOUS_RUN_OUTPUT,,09607b84310f7f49715bf39f986cb8991a7f733f6ae7db3ea5ddff3707980a2c
windows_script_toolkit.zip,windows_script_toolkit/Logs/Toolkit-UI-20260601.log,EXCLUDED_PREVIOUS_RUN_OUTPUT,,61f466292661cc0fe79abcdc92b44e08b9168342508010e14d2d988e02ede6de
windows_script_toolkit.zip,windows_script_toolkit/Logs/Toolkit-UI-20260605.log,EXCLUDED_PREVIOUS_RUN_OUTPUT,,a162f402b895b1286bbd940f00a264d775faae84011607eb7a7c611d08cd84d8
windows_script_toolkit.zip,windows_script_toolkit/Logs/Toolkit-UI-20260610.log,EXCLUDED_PREVIOUS_RUN_OUTPUT,,06a70c73bc4e8a8c72296a3a1a6076304f4235719bae82b8752e59022afcc658
windows_script_toolkit.zip,windows_script_toolkit/Modules/HardwareDiagnostics/HardwareDiagnostics.psm1,EXCLUDED_LEGACY_OR_SITE_WORKFLOW_SEE_REPORT,,754b297035d72bb2db8d232fe82cc962cd90a40daa027aba9e3aab5167587f80
windows_script_toolkit.zip,windows_script_toolkit/Modules/MaintenanceToolkit/MaintenanceToolkit.psd1,EXCLUDED_LEGACY_OR_SITE_WORKFLOW_SEE_REPORT,,2bd9075091d24f08d9d51e7e2e5b059edfd46a170aaae51e1ad4c1b541cf4b37
windows_script_toolkit.zip,windows_script_toolkit/Modules/MaintenanceToolkit/MaintenanceToolkit.psm1,EXCLUDED_LEGACY_OR_SITE_WORKFLOW_SEE_REPORT,,7999cf9e17f889a8974e67d769da5e36d2caa46159681c7cbe32d267a338fd13
windows_script_toolkit.zip,windows_script_toolkit/Modules/StorageTools/StorageTools.psm1,EXCLUDED_LEGACY_OR_SITE_WORKFLOW_SEE_REPORT,,3a17e3316da6a92322c79a167a6a7d3758dd703630b9181e7aa534ff4dc5cb78
windows_script_toolkit.zip,windows_script_toolkit/Modules/UpdateTools/UpdateTools.psm1,EXCLUDED_LEGACY_OR_SITE_WORKFLOW_SEE_REPORT,,a153befc76d03f2347d4b94d9932649ac29ac113e27a705ba976da5727f4b1cd
windows_script_toolkit.zip,windows_script_toolkit/Scripts/Invoke-ToolkitTaskHost.ps1,EXCLUDED_LEGACY_OR_SITE_WORKFLOW_SEE_REPORT,,c6f17c7862da671ca7d71c917a3e92ba8faebb68ae48086a29be183768ab2fbe
windows_script_toolkit.zip,windows_script_toolkit/Scripts/Python/RepairDock/network_reset.py,EXCLUDED_LEGACY_SUPPORT_OR_DOCUMENTATION,,bb623524241f0cdc97337ad1a6317d359b4125f892b82e676a86034379e0763b
windows_script_toolkit.zip,windows_script_toolkit/Scripts/Python/RepairDock/system_repair.py,EXCLUDED_LEGACY_SUPPORT_OR_DOCUMENTATION,,6b6b9df122becc5e0d0dba158d9ac76ab58916a0443596cee3625e1ae08007f8
windows_script_toolkit.zip,windows_script_toolkit/Scripts/Tasks/Invoke-AmortPersistenceReview.ps1,PRESENT_EXACT,Windows/Scripts/Invoke-AmortPersistenceReview.ps1,68261d10759a54df9183a2d5d4ed059b92f0b1af094a5384521a1e68e690c677
windows_script_toolkit.zip,windows_script_toolkit/Scripts/Tasks/Invoke-BackupBitLockerKeys.ps1,EXCLUDED_LEGACY_OR_SITE_WORKFLOW_SEE_REPORT,,783ed0e782c76540640be06286ec7f4c51e2e804bdbfec149187169e35facaa7
windows_script_toolkit.zip,windows_script_toolkit/Scripts/Tasks/Invoke-BeretBrowserReview.ps1,PRESENT_EXACT,Windows/Scripts/Invoke-BeretBrowserReview.ps1,de4025109763e1ee6f8184f79c8c7e048342ef6ee30bbb2326eea555f2c4dd12
windows_script_toolkit.zip,windows_script_toolkit/Scripts/Tasks/Invoke-BiosUpdate.ps1,PRESENT_EXACT,Windows/Scripts/Updates/Invoke-BiosUpdate.ps1,dfd5f32a0da4d0ac5a68d8af08392d1ffd54f77e3e67c39c9bd510b1d9d60585
windows_script_toolkit.zip,windows_script_toolkit/Scripts/Tasks/Invoke-ClearTempJunk.ps1,PRESENT_EXACT,Windows/Scripts/Invoke-ClearTempJunk.ps1,21c62c50942771fdf7fdee59f233e0583775bf638f7f2611658afdcf35cedb3a
windows_script_toolkit.zip,windows_script_toolkit/Scripts/Tasks/Invoke-DataTransferWizard.ps1,EXCLUDED_LEGACY_OR_SITE_WORKFLOW_SEE_REPORT,,91a59f5f8e1472cb152fbf25f6459f2c31b9d1fc2fa01ba424f4a873b9d0b745
windows_script_toolkit.zip,windows_script_toolkit/Scripts/Tasks/Invoke-DebloatInventory.ps1,EXCLUDED_LEGACY_OR_SITE_WORKFLOW_SEE_REPORT,,3dd62c3e62f807c75a8f9c9c447801725523277c9c6471f5b224f3003b8c5d89
windows_script_toolkit.zip,windows_script_toolkit/Scripts/Tasks/Invoke-DefendAudit.ps1,PRESENT_EXACT,Windows/Scripts/Invoke-DefendAudit.ps1,d1c4bb885584ef89f4d54924a34e29ec2a65e78d4191255b057193b103d7f1b9
windows_script_toolkit.zip,windows_script_toolkit/Scripts/Tasks/Invoke-DefenderQuickScan.ps1,PRESENT_EXACT,Windows/Scripts/Invoke-DefenderQuickScan.ps1,739c8a2ea7640b5f84a57f79b3c51fdf4368bc36d6b3347068e7edda5bfb29d8
windows_script_toolkit.zip,windows_script_toolkit/Scripts/Tasks/Invoke-DeviceInformationReport.ps1,EXCLUDED_LEGACY_OR_SITE_WORKFLOW_SEE_REPORT,,c5d17129917063a85bc6d291253631f1b2b9efda5cf10e59d0d9f29ea71bb182
windows_script_toolkit.zip,windows_script_toolkit/Scripts/Tasks/Invoke-DhcpRenew.ps1,PRESENT_EXACT,Windows/Scripts/Invoke-DhcpRenew.ps1,8ff32cf519099f1aafbd9478e3a2224b27bd1f0ebc419cdf7b8170d7de20772c
windows_script_toolkit.zip,windows_script_toolkit/Scripts/Tasks/Invoke-DisableBitLocker.ps1,PRESENT_EXACT,Windows/Scripts/Invoke-DisableBitLocker.ps1,68c22574a4b8e64bb669e7aafdfe45d01de5623a8081fdf24455c251fb59f776
windows_script_toolkit.zip,windows_script_toolkit/Scripts/Tasks/Invoke-DiskSpaceMonitor.ps1,PRESENT_EXACT,Windows/Scripts/Invoke-DiskSpaceMonitor.ps1,9e732a87122862ff575f95a4cd999d5100b298314c20d612650201da21f3393f
windows_script_toolkit.zip,windows_script_toolkit/Scripts/Tasks/Invoke-DomainLookup.ps1,PRESENT_EXACT,Windows/Scripts/Invoke-DomainLookup.ps1,ad5d4e55746c571cc13b594ca0c0515e8c707d381e2a0bf3b872674fb4d9632f
windows_script_toolkit.zip,windows_script_toolkit/Scripts/Tasks/Invoke-DriverUpdate.ps1,PRESENT_EXACT,Windows/Scripts/Updates/Invoke-DriverUpdate.ps1,c144a053cf090d3e29301e342f80381573f51e16a24db924c3fbb5a58cfa8113
windows_script_toolkit.zip,windows_script_toolkit/Scripts/Tasks/Invoke-DriveScanRepair.ps1,EXCLUDED_LEGACY_OR_SITE_WORKFLOW_SEE_REPORT,,a124cce5a44e702cfcabe71b244fba410cb98e3452ebde18ebbfcd1663869890
windows_script_toolkit.zip,windows_script_toolkit/Scripts/Tasks/Invoke-FirmwareUpdate.ps1,PRESENT_EXACT,Windows/Scripts/Updates/Invoke-FirmwareUpdate.ps1,bc2eb701f316c7acab24e9450335ab6d062978864e2219b83694e1a7dbbf26ad
windows_script_toolkit.zip,windows_script_toolkit/Scripts/Tasks/Invoke-FreeCDriveSpace.ps1,PRESENT_EXACT,Windows/Scripts/Invoke-FreeCDriveSpace.ps1,5d1490a5a56e1dfc0b2eb6245d9a6c3ca65d0e5bbd0f964e6b9f67cf2823ee2f
windows_script_toolkit.zip,windows_script_toolkit/Scripts/Tasks/Invoke-KillerEncryptionHelper.ps1,PRESENT_EXACT,Windows/Scripts/Utilities/Invoke-KillerEncryptionHelper.ps1,a58f46ce349d944e0ab32a11cb1cd3bb24aa5bfa901da5c1bf6b139ad4fc2e31
windows_script_toolkit.zip,windows_script_toolkit/Scripts/Tasks/Invoke-KillerNetworkScan.ps1,EXCLUDED_LEGACY_OR_SITE_WORKFLOW_SEE_REPORT,,28dfddf9c78bc717d73277abf0df0ca81eeb8e99916b1da5da3e9b81e03ab9bf
windows_script_toolkit.zip,windows_script_toolkit/Scripts/Tasks/Invoke-LocalAccountSecurityAudit.ps1,PRESENT_EXACT,Windows/Scripts/Security/Invoke-LocalAccountSecurityAudit.ps1,5edf7fb76575dc97d2f0ee5306d2cf859cdc2ef6a99a739a783f55300cf3e36d
windows_script_toolkit.zip,windows_script_toolkit/Scripts/Tasks/Invoke-MacAddressLookup.ps1,PRESENT_EXACT,Windows/Scripts/Network/Invoke-MacAddressLookup.ps1,aa2274ae2ffb04a310f94aa93a9ef27f4f6f151f5fafdcb8cb76d5b615140de7
windows_script_toolkit.zip,windows_script_toolkit/Scripts/Tasks/Invoke-MaceCleanup.ps1,PRESENT_EXACT,Windows/Scripts/Maintenance/Invoke-MaceCleanup.ps1,efa99b62f3c0ca89bb19787ca9d1e5b4b23c5ce91cb586c04e3ae199bc1b0705
windows_script_toolkit.zip,windows_script_toolkit/Scripts/Tasks/Invoke-NetworkMaintenance.ps1,PRESENT_EXACT,Windows/Scripts/Network/Invoke-NetworkMaintenance.ps1,e94e20ab6cad69813a87c5345f7ea914988fc8e369c1d8b07bfd2bffe38fb178
windows_script_toolkit.zip,windows_script_toolkit/Scripts/Tasks/Invoke-OpenPortsAudit.ps1,PRESENT_EXACT,Windows/Scripts/Security/Invoke-OpenPortsAudit.ps1,bc4f01e78f4542349afc0c8733eb9e00669d824b483fbaf642ab332de17addbf
windows_script_toolkit.zip,windows_script_toolkit/Scripts/Tasks/Invoke-OrcaSecurityReport.ps1,PRESENT_EXACT,Windows/Scripts/Security/Invoke-OrcaSecurityReport.ps1,7a34b18a9024966533e93b950b9a15c378dfb63229b12430bf478e3c687a81a8
windows_script_toolkit.zip,windows_script_toolkit/Scripts/Tasks/Invoke-PowerShellRiskScan.ps1,PRESENT_EXACT,Windows/Scripts/Security/Invoke-PowerShellRiskScan.ps1,4f3e92c37f4e0458364f7d325122ac07799f6f96d48c4e1977919a7dceaf47dd
windows_script_toolkit.zip,windows_script_toolkit/Scripts/Tasks/Invoke-ResetNetworkStack.ps1,PRESENT_EXACT,Windows/Scripts/Network/Invoke-ResetNetworkStack.ps1,a09ca48424706c82aeabebc1122ac38ee303effbf2479a6399c0a1288e47e6c2
windows_script_toolkit.zip,windows_script_toolkit/Scripts/Tasks/Invoke-SecureBoot2023Update.ps1,EXCLUDED_LEGACY_OR_SITE_WORKFLOW_SEE_REPORT,,93f004aca911e6ed95864c60b5845d46c0006e01028a6fc88340ad0dc4668b4b
windows_script_toolkit.zip,windows_script_toolkit/Scripts/Tasks/Invoke-SecurityBaselineAudit.ps1,EXCLUDED_LEGACY_OR_SITE_WORKFLOW_SEE_REPORT,,963cfbfe0120e956baf3b7b8b8cf381846e72e73814fda1427f6c036785382ea
windows_script_toolkit.zip,windows_script_toolkit/Scripts/Tasks/Invoke-SecurityEventReview.ps1,PRESENT_EXACT,Windows/Scripts/Security/Invoke-SecurityEventReview.ps1,f310e0999c160c035589195a32c1af95ae8271319b80026c62c526690717cbfc
windows_script_toolkit.zip,windows_script_toolkit/Scripts/Tasks/Invoke-ShadePrivacyAudit.ps1,PRESENT_EXACT,Windows/Scripts/Security/Invoke-ShadePrivacyAudit.ps1,d659e0a84f82b0ac09d714c24ca6972cb8dfbfe3b1152214d6a5cf39aae4fb87
windows_script_toolkit.zip,windows_script_toolkit/Scripts/Tasks/Invoke-StartupItemsReview.ps1,PRESENT_EXACT,Windows/Scripts/Security/Invoke-StartupItemsReview.ps1,891b422249fc86af44ebb10cbe66dc129349769cf55b404c274819fd12ef0049
windows_script_toolkit.zip,windows_script_toolkit/Scripts/Tasks/Invoke-UpdateAllApps.ps1,PRESENT_EXACT,Windows/Scripts/Updates/Invoke-UpdateAllApps.ps1,b5371d096d0d56e4549aa6e44e1a7e26db8f722e100c40954035eb8511ec7273
windows_script_toolkit.zip,windows_script_toolkit/Scripts/Tasks/Invoke-WindowsRepairChecks.ps1,PRESENT_EXACT,Windows/Scripts/Maintenance/Invoke-WindowsRepairChecks.ps1,a8271a6bf657567194275ff21ccde1fbbe9e7853a3eb6d205ad45805972ad290
windows_script_toolkit.zip,windows_script_toolkit/Scripts/Tasks/Invoke-WindowsUpdateTool.ps1,PRESENT_EXACT,Windows/Scripts/Updates/Invoke-WindowsUpdateTool.ps1,2eb4b01dd145978a23b87ae32248aeeba06605d5230292489cfd26bae0bd1c07
windows_script_toolkit.zip,windows_script_toolkit/Scripts/Tasks/VendorUpdate.Common.ps1,EXCLUDED_LEGACY_OR_SITE_WORKFLOW_SEE_REPORT,,9ee40ff9a8ced873ea7f11fb8a401d6cbe12ef14a1db81564743cec339652bab
windows_script_toolkit.zip,windows_script_toolkit/source_scripts/bootcertchcker.ps1,EXCLUDED_LEGACY_OR_SITE_WORKFLOW_SEE_REPORT,,3d46bfa263a99b62c96485bf77820107c47cabcd4b3d90e2c5d6a03dc63c5447
windows_script_toolkit.zip,windows_script_toolkit/source_scripts/Check-SecureBootCert.ps1,EXCLUDED_LEGACY_OR_SITE_WORKFLOW_SEE_REPORT,,b2c41002b3f0738832ccccbf738f97d8fd01464ce7776a602fb882d898729d73
windows_script_toolkit.zip,windows_script_toolkit/source_scripts/Fix_OneNote_Duplicates.ps1,EXCLUDED_LEGACY_OR_SITE_WORKFLOW_SEE_REPORT,,f1d24e57b42e0ac7a724f4c0e82bdd0329ea767c67b946327e90bda2f550ca77
windows_script_toolkit.zip,windows_script_toolkit/source_scripts/how_to_guide.ps1,EXCLUDED_LEGACY_OR_SITE_WORKFLOW_SEE_REPORT,,8c0117fd5c9c24fbe1f0871db485a8f6199f599f47965d7e523cb0dc50a0ae77
windows_script_toolkit.zip,windows_script_toolkit/source_scripts/Invoke-MassDuplicateCleanup.ps1,EXCLUDED_LEGACY_OR_SITE_WORKFLOW_SEE_REPORT,,ec6aea3b554b32bd480ff832f8037c6e5434cf7e0364745e42e4b44f346d00d2
windows_script_toolkit.zip,windows_script_toolkit/source_scripts/Invoke-ps2exe.ps1,EXCLUDED_LEGACY_OR_SITE_WORKFLOW_SEE_REPORT,,d4c046573b836f26a980cf8de75c3316b01beeefe06d93eddf66a0559857e016
windows_script_toolkit.zip,windows_script_toolkit/source_scripts/Launch_OneNote.ps1,EXCLUDED_LEGACY_OR_SITE_WORKFLOW_SEE_REPORT,,fe3a242b6e30e8c4a13f2c76f1fe1945be021a85ba5f27eb20d0d53740e07a6b
windows_script_toolkit.zip,windows_script_toolkit/source_scripts/Master Audit & Smart-Skip.ps1,PRESENT_EXACT,Windows/Scripts/Documentation/Master-Audit-Smart-Skip.ps1,45befdba28bc3f6845b48a676eb05effc342fb8e4073db54542b61248c5d96d5
windows_script_toolkit.zip,windows_script_toolkit/source_scripts/master_onenote_importer.ps1,PRESENT_EXACT,Windows/Scripts/Documentation/Master-OneNote-Importer.ps1,96b28823ac0b686e163b3efdd7efdec6322c4d313c65234f9d9c398d5ee9bf2f
windows_script_toolkit.zip,windows_script_toolkit/source_scripts/move_to_onenote.ps1,EXCLUDED_LEGACY_OR_SITE_WORKFLOW_SEE_REPORT,,1873760c7cf433f889a11e329e76d937c260bb20737c130b4e32f638cf590f53
windows_script_toolkit.zip,windows_script_toolkit/source_scripts/move_to_onenote_2.ps1,EXCLUDED_LEGACY_OR_SITE_WORKFLOW_SEE_REPORT,,136bb9491bc9ba761c1df2bd690fa57f10493ac7896bb99055be961b440acf78
windows_script_toolkit.zip,windows_script_toolkit/source_scripts/move_to_onenote_selfcheck.ps1,EXCLUDED_LEGACY_OR_SITE_WORKFLOW_SEE_REPORT,,a55f8340e9c2a56c2d784ff9148ca23bc9462f24f584bcf64d091f191122ecb1
windows_script_toolkit.zip,windows_script_toolkit/source_scripts/sortdoc.ps1,EXCLUDED_LEGACY_OR_SITE_WORKFLOW_SEE_REPORT,,1f0f3ee0aa289cd9760d6946002fcbd242a11da225151b707e7dad1952553359
windows_script_toolkit.zip,windows_script_toolkit/source_scripts/The Network Access Script.ps1,EXCLUDED_LEGACY_OR_SITE_WORKFLOW_SEE_REPORT,,254666371cf5f4c2773c05173065d4020354958a3cd0968015c4ab27f83a00d0
personal_PS_scripts.zip,personal_PS_scripts/Network-Subnet-Toggle-v3/Launch-Network-Subnet-Toggle-v3.cmd,EXCLUDED_LEGACY_SUPPORT_OR_DOCUMENTATION,,b0e15b39103597f6761dcbd8b996d4680768103f1699a6a071ba3b4306690c5c
personal_PS_scripts.zip,personal_PS_scripts/Network-Subnet-Toggle-v3/Network-Subnet-Toggle-v3.ps1,PRESENT_EXACT,Windows/Scripts/Network/Network-Subnet-Toggle-v3.ps1,81ffd18ded3e5f94f4a0246b3944f468187aad76194901f06f2da5be12893d6b
personal_PS_scripts.zip,personal_PS_scripts/Network-Subnet-Toggle-v3/README.txt,EXCLUDED_LEGACY_SUPPORT_OR_DOCUMENTATION,,44b44ed6c2c9de7976c17359a9a5487f12d3e710b10244a35b069bad25df25ba
personal_PS_scripts.zip,personal_PS_scripts/windows diag script lite/README-Windows-Diagnostic-Tools (1).txt,EXCLUDED_LEGACY_SUPPORT_OR_DOCUMENTATION,,a1f88aa80784139fcc678fd62577b2f09842398f7181e24da1f78d4a7d250e7a
personal_PS_scripts.zip,personal_PS_scripts/windows diag script lite/README-Windows-IT-Diagnostic-Toolkit.txt,EXCLUDED_LEGACY_SUPPORT_OR_DOCUMENTATION,,95e08d3343521552f1458a7a311debc64e2cc626e7c36b811b993c461b80a9d4
personal_PS_scripts.zip,personal_PS_scripts/windows diag script lite/Windows-Diagnostic-Tools (1).ps1,EXCLUDED_LEGACY_OR_SITE_WORKFLOW_SEE_REPORT,,1185dbaac6988835fa70bb07d97d011aa460b7737da81cb29cf32bfeb3a6d8d4
personal_PS_scripts.zip,personal_PS_scripts/windows diag script lite/Windows-Diagnostic-Tools (1).txt,EXCLUDED_LEGACY_SUPPORT_OR_DOCUMENTATION,,1185dbaac6988835fa70bb07d97d011aa460b7737da81cb29cf32bfeb3a6d8d4
personal_PS_scripts.zip,personal_PS_scripts/windows diag script lite/Windows-IT-Diagnostic-Toolkit.ps1,EXCLUDED_LEGACY_OR_SITE_WORKFLOW_SEE_REPORT,,372c0a977c157de9a0a3978c9bd518bea6e92406b8ce3d01ceb0a417c3b2ccbc
personal_PS_scripts.zip,personal_PS_scripts/windows diag script lite/Windows-IT-Diagnostic-Toolkit.txt,EXCLUDED_LEGACY_SUPPORT_OR_DOCUMENTATION,,372c0a977c157de9a0a3978c9bd518bea6e92406b8ce3d01ceb0a417c3b2ccbc
personal_PS_scripts.zip,personal_PS_scripts/windows diag script lite/Diagnostic-Reports/FRAMEWORK_FW1_2026-09-15_101322/Application-Crashes.txt,EXCLUDED_PREVIOUS_RUN_OUTPUT,,6cbb3c110b5f2a74f9ae0fbf5605b43931be9059f0907ceb051898afc2b7df2a
personal_PS_scripts.zip,personal_PS_scripts/windows diag script lite/Diagnostic-Reports/FRAMEWORK_FW1_2026-09-15_101322/BSOD-System-Events.txt,EXCLUDED_PREVIOUS_RUN_OUTPUT,,f3825b21e2df4b3a84c7e33f524dd8de54aaabb8e3706129ca86773f4e04ce3c
personal_PS_scripts.zip,personal_PS_scripts/windows diag script lite/Diagnostic-Reports/FRAMEWORK_FW1_2026-09-15_101322/Disk-Space.txt,EXCLUDED_PREVIOUS_RUN_OUTPUT,,3c48181dbaf6348939fc2b0fc480c450657e4d5d48ab61b50a5225b7d339d6d2
personal_PS_scripts.zip,personal_PS_scripts/windows diag script lite/Diagnostic-Reports/FRAMEWORK_FW1_2026-09-15_101322/OS-Memory-Uptime.txt,EXCLUDED_PREVIOUS_RUN_OUTPUT,,6cd5f5323190d7725fc0199a231d96f21b041401185c84bf766c036bb0a1f766
personal_PS_scripts.zip,personal_PS_scripts/windows diag script lite/Diagnostic-Reports/FRAMEWORK_FW1_2026-09-15_101322/Physical-Disks.txt,EXCLUDED_PREVIOUS_RUN_OUTPUT,,836644b7c4e143e337fe53278f106914f6cabf11965cce8475a7c53dd75ab11f
personal_PS_scripts.zip,personal_PS_scripts/windows diag script lite/Diagnostic-Reports/FRAMEWORK_FW1_2026-09-15_101322/Startup-Programs.txt,EXCLUDED_PREVIOUS_RUN_OUTPUT,,864a436ffc5b7e16bb5cd8eb612a805ec2c000e532f3664151deaac91fea7711
personal_PS_scripts.zip,personal_PS_scripts/windows diag script lite/Diagnostic-Reports/FRAMEWORK_FW1_2026-09-15_101322/SystemInfo.txt,EXCLUDED_PREVIOUS_RUN_OUTPUT,,4463c4883b61b0421b9074d58832684469192c9439a5fc408bc702c2d985ada8
personal_PS_scripts.zip,personal_PS_scripts/windows diag script lite/Diagnostic-Reports/FRAMEWORK_FW1_2026-09-15_101322/Top-Processes.txt,EXCLUDED_PREVIOUS_RUN_OUTPUT,,682f60bad97ce6b4bf679c3893ff1e45060e68bfa0c31c81f9496dafacaf4298
personal_PS_scripts.zip,personal_PS_scripts/misc diag scripts/move_to_onenote.ps1,EXCLUDED_LEGACY_OR_SITE_WORKFLOW_SEE_REPORT,,1873760c7cf433f889a11e329e76d937c260bb20737c130b4e32f638cf590f53
personal_PS_scripts.zip,personal_PS_scripts/misc diag scripts/move_to_onenote_2.ps1,EXCLUDED_LEGACY_OR_SITE_WORKFLOW_SEE_REPORT,,136bb9491bc9ba761c1df2bd690fa57f10493ac7896bb99055be961b440acf78
personal_PS_scripts.zip,personal_PS_scripts/misc diag scripts/move_to_onenote_selfcheck.ps1,EXCLUDED_LEGACY_OR_SITE_WORKFLOW_SEE_REPORT,,a55f8340e9c2a56c2d784ff9148ca23bc9462f24f584bcf64d091f191122ecb1
personal_PS_scripts.zip,personal_PS_scripts/misc diag scripts/network quick connect.SED,EXCLUDED_LEGACY_SUPPORT_OR_DOCUMENTATION,,3f6432ec4cac772783d14afee04570a842b10d442d3cee23e7e34af78214a6df
personal_PS_scripts.zip,personal_PS_scripts/misc diag scripts/secure_boot_update.ps1,PRESENT_EXACT,Windows/Scripts/Maintenance/Invoke-SecureBoot2023Update.ps1,75ffef632d0394a2b1d6eedd0a0b5848106013511af0c1713312d64ca194880e
personal_PS_scripts.zip,personal_PS_scripts/misc diag scripts/secure_cert_boot_update.ps1,PRESENT_EXACT,Windows/Scripts/Maintenance/Invoke-SecureBoot2023Update.ps1,75ffef632d0394a2b1d6eedd0a0b5848106013511af0c1713312d64ca194880e
personal_PS_scripts.zip,personal_PS_scripts/misc diag scripts/sortdoc.ps1,EXCLUDED_LEGACY_OR_SITE_WORKFLOW_SEE_REPORT,,1f0f3ee0aa289cd9760d6946002fcbd242a11da225151b707e7dad1952553359
personal_PS_scripts.zip,personal_PS_scripts/misc diag scripts/The Network Access Script.ps1,EXCLUDED_LEGACY_OR_SITE_WORKFLOW_SEE_REPORT,,254666371cf5f4c2773c05173065d4020354958a3cd0968015c4ab27f83a00d0
personal_PS_scripts.zip,personal_PS_scripts/misc diag scripts/Troubleshoots_Exchange_OWA_webmail_availability_FIXED.ps1,PRESENT_EXACT,Windows/Scripts/Server/Troubleshoot-Exchange-OWA.ps1,320e111f3263426cde353cab9593ce461bfa94be64076a0bf10c8776041aa8a7
personal_PS_scripts.zip,personal_PS_scripts/misc diag scripts/aluminum_blanking_32x32.ico,EXCLUDED_LEGACY_SUPPORT_OR_DOCUMENTATION,,4fb3af68ed37bf662f70987879f28886210cb293b10349119150b42c5956adf0
personal_PS_scripts.zip,personal_PS_scripts/misc diag scripts/bootcertchcker.ps1,EXCLUDED_LEGACY_OR_SITE_WORKFLOW_SEE_REPORT,,3d46bfa263a99b62c96485bf77820107c47cabcd4b3d90e2c5d6a03dc63c5447
personal_PS_scripts.zip,personal_PS_scripts/misc diag scripts/Check-SecureBootCert.ps1,EXCLUDED_LEGACY_OR_SITE_WORKFLOW_SEE_REPORT,,b2c41002b3f0738832ccccbf738f97d8fd01464ce7776a602fb882d898729d73
personal_PS_scripts.zip,personal_PS_scripts/misc diag scripts/Disable_sleep24.ps1,PRESENT_EXACT,Windows/Scripts/Maintenance/Disable-Sleep24.ps1,569f9165758e898525e6092a2c19a13cadfa0cd36acca9941f79774bbf012c2a
personal_PS_scripts.zip,personal_PS_scripts/misc diag scripts/ExecutionPolicy.ps1,EXCLUDED_LEGACY_OR_SITE_WORKFLOW_SEE_REPORT,,1c66a763f30a11168471c444e93b68a1b9f98e755c238d492844a7dfb9a23255
personal_PS_scripts.zip,personal_PS_scripts/misc diag scripts/Fix_OneNote_Duplicates.ps1,EXCLUDED_LEGACY_OR_SITE_WORKFLOW_SEE_REPORT,,f1d24e57b42e0ac7a724f4c0e82bdd0329ea767c67b946327e90bda2f550ca77
personal_PS_scripts.zip,personal_PS_scripts/misc diag scripts/how_to_guide.ps1,EXCLUDED_LEGACY_OR_SITE_WORKFLOW_SEE_REPORT,,8c0117fd5c9c24fbe1f0871db485a8f6199f599f47965d7e523cb0dc50a0ae77
personal_PS_scripts.zip,personal_PS_scripts/misc diag scripts/Install-DotNet-Offline.ps1,EXCLUDED_LEGACY_OR_SITE_WORKFLOW_SEE_REPORT,,282d5df7aa8878d6596d8b82bbf491afff68c874b6f6fa8f5b78c3cacba934a8
personal_PS_scripts.zip,personal_PS_scripts/misc diag scripts/Invoke-MassDuplicateCleanup.ps1,EXCLUDED_LEGACY_OR_SITE_WORKFLOW_SEE_REPORT,,ec6aea3b554b32bd480ff832f8037c6e5434cf7e0364745e42e4b44f346d00d2
personal_PS_scripts.zip,personal_PS_scripts/misc diag scripts/Invoke-ps2exe.ps1,EXCLUDED_LEGACY_OR_SITE_WORKFLOW_SEE_REPORT,,d4c046573b836f26a980cf8de75c3316b01beeefe06d93eddf66a0559857e016
personal_PS_scripts.zip,personal_PS_scripts/misc diag scripts/KillerScan.exe,EXCLUDED_LEGACY_BUILD_OR_UNMAPPED_BINARY,,655821374decb59e959f2d7866dd164c64a5a17f2382c211a2625b9fb4ef6b4f
personal_PS_scripts.zip,personal_PS_scripts/misc diag scripts/Launch_OneNote.ps1,EXCLUDED_LEGACY_OR_SITE_WORKFLOW_SEE_REPORT,,fe3a242b6e30e8c4a13f2c76f1fe1945be021a85ba5f27eb20d0d53740e07a6b
personal_PS_scripts.zip,personal_PS_scripts/misc diag scripts/Master Audit & Smart-Skip.ps1,PRESENT_EXACT,Windows/Scripts/Documentation/Master-Audit-Smart-Skip.ps1,45befdba28bc3f6845b48a676eb05effc342fb8e4073db54542b61248c5d96d5
personal_PS_scripts.zip,personal_PS_scripts/misc diag scripts/master_onenote_importer.ps1,PRESENT_EXACT,Windows/Scripts/Documentation/Master-OneNote-Importer.ps1,96b28823ac0b686e163b3efdd7efdec6322c4d313c65234f9d9c398d5ee9bf2f
personal_PS_scripts.zip,personal_PS_scripts/windows master mega diag script/Windows-Master-Diagnostic-Toolkit.ps1,EXCLUDED_LEGACY_OR_SITE_WORKFLOW_SEE_REPORT,,fcfb86bb01015b1361a726fe15aa7ae79b4048fb0b70632409ea83df7d3c7407
personal_PS_scripts.zip,personal_PS_scripts/windows master mega diag script/README.txt,EXCLUDED_LEGACY_SUPPORT_OR_DOCUMENTATION,,baf05e9cca60eb8af41d5b5bc4fbecb1266eb1cd60af8c3ead2b62cddf7dffe0
personal_PS_scripts.zip,personal_PS_scripts/windows master mega diag script/Windows-Master-Diagnostic-Toolkit/README.txt,EXCLUDED_LEGACY_SUPPORT_OR_DOCUMENTATION,,732d5a93a4f730d7ec037318e0242b3b5de6e3155bbe8c372265b50c64cb2683
personal_PS_scripts.zip,personal_PS_scripts/windows master mega diag script/Windows-Master-Diagnostic-Toolkit/START-HERE.txt,EXCLUDED_LEGACY_SUPPORT_OR_DOCUMENTATION,,55ade9ded30e96ec832ea31be792242c7eb3b9dcdde0b4f2bf13c053f7b6ae02
personal_PS_scripts.zip,personal_PS_scripts/windows master mega diag script/Windows-Master-Diagnostic-Toolkit/START-TOOLKIT.cmd,EXCLUDED_LEGACY_SUPPORT_OR_DOCUMENTATION,,806579c6d0feb2ada48476cc2cfdc135c3bbcd522b4abc969a14ee50033d04ec
personal_PS_scripts.zip,personal_PS_scripts/windows master mega diag script/Windows-Master-Diagnostic-Toolkit/Windows-Master-Diagnostic-Toolkit.ps1,EXCLUDED_LEGACY_OR_SITE_WORKFLOW_SEE_REPORT,,554e520b556f59dd3df3a9b020011d28c9d4325906b14cf9f5721af4bb763bca
personal_PS_scripts.zip,personal_PS_scripts/windows master mega diag script/Windows-Master-Diagnostic-Toolkit/Windows-Master-Diagnostic-Toolkit.txt,EXCLUDED_LEGACY_SUPPORT_OR_DOCUMENTATION,,554e520b556f59dd3df3a9b020011d28c9d4325906b14cf9f5721af4bb763bca
personal_PS_scripts.zip,personal_PS_scripts/windows master mega diag script/Windows-Master-Diagnostic-Toolkit/Config/Toolkit.Settings.psd1,PRESENT_LINE_ENDINGS_ONLY,Windows/Config/Toolkit.Settings.psd1,b70033a141e5544eeef722b3f5941b469d875675e0e2e1b5d95bb31f8f9be626
personal_PS_scripts.zip,personal_PS_scripts/windows master mega diag script/Windows-Master-Diagnostic-Toolkit/Docs/FULL-AUDIT-RESULTS.txt,EXCLUDED_LEGACY_SUPPORT_OR_DOCUMENTATION,,3ab5a9557cc566eeb6f36b336837da2e35f105a903e3db73204c053467552d6d
personal_PS_scripts.zip,personal_PS_scripts/windows master mega diag script/Windows-Master-Diagnostic-Toolkit/Docs/INTEGRATION-NOTES.txt,EXCLUDED_LEGACY_SUPPORT_OR_DOCUMENTATION,,d54d34ffc3d3f8fc54726c1f72293823301e47033adc0873435b3f9a7a3179ca
personal_PS_scripts.zip,personal_PS_scripts/windows master mega diag script/Windows-Master-Diagnostic-Toolkit/Resources/NewComputerSetup/new_computer_setup/avg_antivirus_free_setup.exe,PRESENT_EXACT,Windows/Resources/NewComputerSetup/avg_antivirus_free_setup.exe,22157c792daa0143c5b4fabf41c27c9b20a6c1072347ce4fc41557838b9363eb
personal_PS_scripts.zip,personal_PS_scripts/windows master mega diag script/Windows-Master-Diagnostic-Toolkit/Resources/NewComputerSetup/new_computer_setup/ccsetup_online_setup.exe,PRESENT_EXACT,Windows/Resources/NewComputerSetup/ccsetup_online_setup.exe,458e4983ab704f8a4a13bbfa7de0e7bfd45851e7be2086fc4e2e35d1993806a4
personal_PS_scripts.zip,personal_PS_scripts/windows master mega diag script/Windows-Master-Diagnostic-Toolkit/Resources/NewComputerSetup/new_computer_setup/ChromeSetup (1).exe,PRESENT_EXACT,Windows/Resources/NewComputerSetup/ChromeSetup (1).exe,db4f4421d5fa376271f5b28d4788d91008eb059e7164046bcdde69442d1775c1
personal_PS_scripts.zip,personal_PS_scripts/windows master mega diag script/Windows-Master-Diagnostic-Toolkit/Resources/NewComputerSetup/new_computer_setup/Firefox Installer.exe,PRESENT_EXACT,Windows/Resources/NewComputerSetup/Firefox Installer.exe,4f23e650013776a95ae07e53dce4efa656baccfe5428a0a6095302ac6eec1953
personal_PS_scripts.zip,personal_PS_scripts/windows master mega diag script/Windows-Master-Diagnostic-Toolkit/Resources/NewComputerSetup/new_computer_setup/MBSetup-8.8.exe,PRESENT_EXACT,Windows/Resources/NewComputerSetup/MBSetup-8.8.exe,918a02c8513e819b011ea79ffb5f0a87ddcf1ab108a37efd5959c350fe0e68e4
personal_PS_scripts.zip,personal_PS_scripts/windows master mega diag script/Windows-Master-Diagnostic-Toolkit/Resources/NewComputerSetup/new_computer_setup/Win11Debloat-master.zip,EXCLUDED_NESTED_ARCHIVE_DUPLICATE,,ec8444abcbdb5cad925b87d187c755454b6b6781e6804f884f7b1af30df89e59
personal_PS_scripts.zip,personal_PS_scripts/windows master mega diag script/Windows-Master-Diagnostic-Toolkit/Resources/NewComputerSetup/new_computer_setup/winutil-main.zip,EXCLUDED_NESTED_ARCHIVE_DUPLICATE,,287f0ca1ee7fbff34d5c86716e448a03b55f09601143790421e8602fdb9fc24f
personal_PS_scripts.zip,personal_PS_scripts/windows master mega diag script/Windows-Master-Diagnostic-Toolkit/Resources/NewComputerSetup/new_computer_setup/Win11Debloat-master/Win11Debloat-master/.gitignore,PRESENT_EXACT,Windows/Resources/NewComputerSetup/Win11Debloat-master/Win11Debloat-master/.gitignore,d58ec19aa81cbfee9afe3fc0f88ea801982a7034a78e0f709222baa85ae3e960
personal_PS_scripts.zip,personal_PS_scripts/windows master mega diag script/Windows-Master-Diagnostic-Toolkit/Resources/NewComputerSetup/new_computer_setup/Win11Debloat-master/Win11Debloat-master/LICENSE,PRESENT_EXACT,Windows/Resources/NewComputerSetup/Win11Debloat-master/Win11Debloat-master/LICENSE,22e6feacbf3cf84858d5b4b7f3355ccfbe7be6a8c633a41407ab41d0f0a8b4b8
personal_PS_scripts.zip,personal_PS_scripts/windows master mega diag script/Windows-Master-Diagnostic-Toolkit/Resources/NewComputerSetup/new_computer_setup/Win11Debloat-master/Win11Debloat-master/README.md,PRESENT_EXACT,Windows/Resources/NewComputerSetup/Win11Debloat-master/Win11Debloat-master/README.md,4ce9495a3dde43234d9132fa9aa3ff1b4bdf1ef9f2a9fdf3682697a0a74c9791
personal_PS_scripts.zip,personal_PS_scripts/windows master mega diag script/Windows-Master-Diagnostic-Toolkit/Resources/NewComputerSetup/new_computer_setup/Win11Debloat-master/Win11Debloat-master/Run.bat,PRESENT_EXACT,Windows/Resources/NewComputerSetup/Win11Debloat-master/Win11Debloat-master/Run.bat,3c0e42dc17b901dea7ecef460f5763240b99a3d7f955c428862dacc8e895c4eb
personal_PS_scripts.zip,personal_PS_scripts/windows master mega diag script/Windows-Master-Diagnostic-Toolkit/Resources/NewComputerSetup/new_computer_setup/Win11Debloat-master/Win11Debloat-master/Win11Debloat.ps1,PRESENT_EXACT,Windows/Resources/NewComputerSetup/Win11Debloat-master/Win11Debloat-master/Win11Debloat.ps1,1ace81fc73c227f403d8f20a86d7eb0fa7f34985a017379bf141e04941d2caad
personal_PS_scripts.zip,personal_PS_scripts/windows master mega diag script/Windows-Master-Diagnostic-Toolkit/Resources/NewComputerSetup/new_computer_setup/Win11Debloat-master/Win11Debloat-master/.github/CONTRIBUTING.md,PRESENT_EXACT,Windows/Resources/NewComputerSetup/Win11Debloat-master/Win11Debloat-master/.github/CONTRIBUTING.md,2a0e403195d5b7a757f7947f481b7a97a8d8e1760e185d354a961f521eddd91c
personal_PS_scripts.zip,personal_PS_scripts/windows master mega diag script/Windows-Master-Diagnostic-Toolkit/Resources/NewComputerSetup/new_computer_setup/Win11Debloat-master/Win11Debloat-master/.github/FUNDING.yml,PRESENT_EXACT,Windows/Resources/NewComputerSetup/Win11Debloat-master/Win11Debloat-master/.github/FUNDING.yml,2230ea5712492396fe26c35023d05b560213b19c8247ae6289f3fe6663c088ce
personal_PS_scripts.zip,personal_PS_scripts/windows master mega diag script/Windows-Master-Diagnostic-Toolkit/Resources/NewComputerSetup/new_computer_setup/Win11Debloat-master/Win11Debloat-master/.github/ISSUE_TEMPLATE/bug_report.yml,PRESENT_EXACT,Windows/Resources/NewComputerSetup/Win11Debloat-master/Win11Debloat-master/.github/ISSUE_TEMPLATE/bug_report.yml,bf995b05285d1e07cdeb934fd2debb6e2f0b8ca165e246e9503a6964b9bd184f
personal_PS_scripts.zip,personal_PS_scripts/windows master mega diag script/Windows-Master-Diagnostic-Toolkit/Resources/NewComputerSetup/new_computer_setup/Win11Debloat-master/Win11Debloat-master/.github/ISSUE_TEMPLATE/config.yml,PRESENT_EXACT,Windows/Resources/NewComputerSetup/Win11Debloat-master/Win11Debloat-master/.github/ISSUE_TEMPLATE/config.yml,28fbe08c02b06809686a37cce1193b3022319b20193365711fc990f2dd80e90d
personal_PS_scripts.zip,personal_PS_scripts/windows master mega diag script/Windows-Master-Diagnostic-Toolkit/Resources/NewComputerSetup/new_computer_setup/Win11Debloat-master/Win11Debloat-master/.github/ISSUE_TEMPLATE/feature_request.yml,PRESENT_EXACT,Windows/Resources/NewComputerSetup/Win11Debloat-master/Win11Debloat-master/.github/ISSUE_TEMPLATE/feature_request.yml,b0c914f1b6e47c174320fb69dc142987eb6f6a1d891591908136c5a54f7db304
personal_PS_scripts.zip,personal_PS_scripts/windows master mega diag script/Windows-Master-Diagnostic-Toolkit/Resources/NewComputerSetup/new_computer_setup/Win11Debloat-master/Win11Debloat-master/.github/workflows/tests.yml,PRESENT_EXACT,Windows/Resources/NewComputerSetup/Win11Debloat-master/Win11Debloat-master/.github/workflows/tests.yml,08cfd0b6fa359e116d9b0d6be40c94f4c9bac1fd16de39ec24a1c0c9fc3635d3
personal_PS_scripts.zip,personal_PS_scripts/windows master mega diag script/Windows-Master-Diagnostic-Toolkit/Resources/NewComputerSetup/new_computer_setup/Win11Debloat-master/Win11Debloat-master/Assets/Images/menu.png,PRESENT_EXACT,Windows/Resources/NewComputerSetup/Win11Debloat-master/Win11Debloat-master/Assets/Images/menu.png,2c05039021e5df4e988311c0ce6232bca2e798a670167f8290b2e0a048503f7e
personal_PS_scripts.zip,personal_PS_scripts/windows master mega diag script/Windows-Master-Diagnostic-Toolkit/Resources/NewComputerSetup/new_computer_setup/Win11Debloat-master/Win11Debloat-master/Assets/Start/start2.bin,PRESENT_EXACT,Windows/Resources/NewComputerSetup/Win11Debloat-master/Win11Debloat-master/Assets/Start/start2.bin,2378a237691508b6bfe78aae3b8c54d626f230d00bfc888213868c02ec81ee65
personal_PS_scripts.zip,personal_PS_scripts/windows master mega diag script/Windows-Master-Diagnostic-Toolkit/Resources/NewComputerSetup/new_computer_setup/Win11Debloat-master/Win11Debloat-master/Assets/Start/What is this file.txt,PRESENT_EXACT,Windows/Resources/NewComputerSetup/Win11Debloat-master/Win11Debloat-master/Assets/Start/What is this file.txt,7f86b1f1076e4edfd98c47d9c2a4631c75d85aa33124ead0c51033d2dd237cb4
personal_PS_scripts.zip,personal_PS_scripts/windows master mega diag script/Windows-Master-Diagnostic-Toolkit/Resources/NewComputerSetup/new_computer_setup/Win11Debloat-master/Win11Debloat-master/Config/Apps.json,PRESENT_EXACT,Windows/Resources/NewComputerSetup/Win11Debloat-master/Win11Debloat-master/Config/Apps.json,acef5d6f67a6ab62f96205c84e7fe365d025732c7ba8ba6bc91490ece5b1121b
personal_PS_scripts.zip,personal_PS_scripts/windows master mega diag script/Windows-Master-Diagnostic-Toolkit/Resources/NewComputerSetup/new_computer_setup/Win11Debloat-master/Win11Debloat-master/Config/DefaultSettings.json,PRESENT_EXACT,Windows/Resources/NewComputerSetup/Win11Debloat-master/Win11Debloat-master/Config/DefaultSettings.json,af3523ffa2ecb1eec80c7a3e3aba3a5891f80e81e01ca5df950dab23532cb862
personal_PS_scripts.zip,personal_PS_scripts/windows master mega diag script/Windows-Master-Diagnostic-Toolkit/Resources/NewComputerSetup/new_computer_setup/Win11Debloat-master/Win11Debloat-master/Config/Features.json,PRESENT_EXACT,Windows/Resources/NewComputerSetup/Win11Debloat-master/Win11Debloat-master/Config/Features.json,572eeebbb4ca8273c7846cb2df0647d176d3538afcac99dea238b86fc445ea43
personal_PS_scripts.zip,personal_PS_scripts/windows master mega diag script/Windows-Master-Diagnostic-Toolkit/Resources/NewComputerSetup/new_computer_setup/Win11Debloat-master/Win11Debloat-master/Config/LastUsedSettings.json,EXCLUDED_PREVIOUS_RUN_OUTPUT,,71a7437c9a7565490d4eb76274675b15b4f2de3d03603c94f8606b3ef820f83b
personal_PS_scripts.zip,personal_PS_scripts/windows master mega diag script/Windows-Master-Diagnostic-Toolkit/Resources/NewComputerSetup/new_computer_setup/Win11Debloat-master/Win11Debloat-master/Logs/Win11Debloat.log,EXCLUDED_PREVIOUS_RUN_OUTPUT,,1ebbd6483091fa83e022aa7289b9887f5c4756a4ffd26b945aa0faca131be217
personal_PS_scripts.zip,personal_PS_scripts/windows master mega diag script/Windows-Master-Diagnostic-Toolkit/Resources/NewComputerSetup/new_computer_setup/Win11Debloat-master/Win11Debloat-master/Regfiles/Add_All_Folders_Under_This_PC.reg,PRESENT_EXACT,Windows/Resources/NewComputerSetup/Win11Debloat-master/Win11Debloat-master/Regfiles/Add_All_Folders_Under_This_PC.reg;Windows/Resources/NewComputerSetup/Win11Debloat-master/Win11Debloat-master/Regfiles/Sysprep/Add_All_Folders_Under_This_PC.reg,1ba445588abbdb83f34afd75fb342a948b235c98d70aa8400d7a8e78fd108185
personal_PS_scripts.zip,personal_PS_scripts/windows master mega diag script/Windows-Master-Diagnostic-Toolkit/Resources/NewComputerSetup/new_computer_setup/Win11Debloat-master/Win11Debloat-master/Regfiles/Align_Taskbar_Left.reg,PRESENT_EXACT,Windows/Resources/NewComputerSetup/Win11Debloat-master/Win11Debloat-master/Regfiles/Align_Taskbar_Left.reg,f94b4247c21de0e276b4f91393dc4e4bdabe57c7c28680be020167638e1e5d79
personal_PS_scripts.zip,personal_PS_scripts/windows master mega diag script/Windows-Master-Diagnostic-Toolkit/Resources/NewComputerSetup/new_computer_setup/Win11Debloat-master/Win11Debloat-master/Regfiles/Combine_MMTaskbar_Always.reg,PRESENT_EXACT,Windows/Resources/NewComputerSetup/Win11Debloat-master/Win11Debloat-master/Regfiles/Combine_MMTaskbar_Always.reg,572352a51d24dc713aeec199325cd20fe26742c2451b1fc35af26c404e8aa069
personal_PS_scripts.zip,personal_PS_scripts/windows master mega diag script/Windows-Master-Diagnostic-Toolkit/Resources/NewComputerSetup/new_computer_setup/Win11Debloat-master/Win11Debloat-master/Regfiles/Combine_MMTaskbar_Never.reg,PRESENT_EXACT,Windows/Resources/NewComputerSetup/Win11Debloat-master/Win11Debloat-master/Regfiles/Combine_MMTaskbar_Never.reg,ae1f2c3d92c06cea778a23df9f80c9cbd3ea801a880a0980e0ce2e29b5235827
personal_PS_scripts.zip,personal_PS_scripts/windows master mega diag script/Windows-Master-Diagnostic-Toolkit/Resources/NewComputerSetup/new_computer_setup/Win11Debloat-master/Win11Debloat-master/Regfiles/Combine_MMTaskbar_When_Full.reg,PRESENT_EXACT,Windows/Resources/NewComputerSetup/Win11Debloat-master/Win11Debloat-master/Regfiles/Combine_MMTaskbar_When_Full.reg,a1c19db92d4bd05f2addaeb5f93c5293db25cd6d637c9427d36677a228652924
personal_PS_scripts.zip,personal_PS_scripts/windows master mega diag script/Windows-Master-Diagnostic-Toolkit/Resources/NewComputerSetup/new_computer_setup/Win11Debloat-master/Win11Debloat-master/Regfiles/Combine_Taskbar_Always.reg,PRESENT_EXACT,Windows/Resources/NewComputerSetup/Win11Debloat-master/Win11Debloat-master/Regfiles/Combine_Taskbar_Always.reg,e5bcc8b79d12cab5d3d09fc451927ce099e75283cc5aeaa045860c6400017666
personal_PS_scripts.zip,personal_PS_scripts/windows master mega diag script/Windows-Master-Diagnostic-Toolkit/Resources/NewComputerSetup/new_computer_setup/Win11Debloat-master/Win11Debloat-master/Regfiles/Combine_Taskbar_Never.reg,PRESENT_EXACT,Windows/Resources/NewComputerSetup/Win11Debloat-master/Win11Debloat-master/Regfiles/Combine_Taskbar_Never.reg,e22c0105c14866baddfcab1461cba34feffdf71751e2a162080fc447f06b79c3
personal_PS_scripts.zip,personal_PS_scripts/windows master mega diag script/Windows-Master-Diagnostic-Toolkit/Resources/NewComputerSetup/new_computer_setup/Win11Debloat-master/Win11Debloat-master/Regfiles/Combine_Taskbar_When_Full.reg,PRESENT_EXACT,Windows/Resources/NewComputerSetup/Win11Debloat-master/Win11Debloat-master/Regfiles/Combine_Taskbar_When_Full.reg,c59c4077eb2dd3e32468e053b1a325bdda69119284974f18478876382abc0e60
personal_PS_scripts.zip,personal_PS_scripts/windows master mega diag script/Windows-Master-Diagnostic-Toolkit/Resources/NewComputerSetup/new_computer_setup/Win11Debloat-master/Win11Debloat-master/Regfiles/Disable_AI_Recall.reg,PRESENT_EXACT,Windows/Resources/NewComputerSetup/Win11Debloat-master/Win11Debloat-master/Regfiles/Disable_AI_Recall.reg,7f5c62a6394a75d4b7c881535e94f7e61d3391cdde0db87b45c11e6cfe9676af
personal_PS_scripts.zip,personal_PS_scripts/windows master mega diag script/Windows-Master-Diagnostic-Toolkit/Resources/NewComputerSetup/new_computer_setup/Win11Debloat-master/Win11Debloat-master/Regfiles/Disable_AI_Service_Auto_Start.reg,PRESENT_EXACT,Windows/Resources/NewComputerSetup/Win11Debloat-master/Win11Debloat-master/Regfiles/Disable_AI_Service_Auto_Start.reg;Windows/Resources/NewComputerSetup/Win11Debloat-master/Win11Debloat-master/Regfiles/Sysprep/Disable_AI_Service_Auto_Start.reg,d153db56b2bbd005af47fd30a0a102f7f779324f237fdf086883ddc305594140
personal_PS_scripts.zip,personal_PS_scripts/windows master mega diag script/Windows-Master-Diagnostic-Toolkit/Resources/NewComputerSetup/new_computer_setup/Win11Debloat-master/Win11Debloat-master/Regfiles/Disable_Animations.reg,PRESENT_EXACT,Windows/Resources/NewComputerSetup/Win11Debloat-master/Win11Debloat-master/Regfiles/Disable_Animations.reg,bd35767f0cc662d29bed3c01e0ce1b13fcebcc4ac578fd5665d59befb2dd2380
personal_PS_scripts.zip,personal_PS_scripts/windows master mega diag script/Windows-Master-Diagnostic-Toolkit/Resources/NewComputerSetup/new_computer_setup/Win11Debloat-master/Win11Debloat-master/Regfiles/Disable_Bing_Cortana_In_Search.reg,PRESENT_EXACT,Windows/Resources/NewComputerSetup/Win11Debloat-master/Win11Debloat-master/Regfiles/Disable_Bing_Cortana_In_Search.reg,d247168a918bf379bedcbb7fd2e7e42b2a6877875e107e68562ca2c7cc54ac84
personal_PS_scripts.zip,personal_PS_scripts/windows master mega diag script/Windows-Master-Diagnostic-Toolkit/Resources/NewComputerSetup/new_computer_setup/Win11Debloat-master/Win11Debloat-master/Regfiles/Disable_Bitlocker_Auto_Encryption.reg,PRESENT_EXACT,Windows/Resources/NewComputerSetup/Win11Debloat-master/Win11Debloat-master/Regfiles/Disable_Bitlocker_Auto_Encryption.reg;Windows/Resources/NewComputerSetup/Win11Debloat-master/Win11Debloat-master/Regfiles/Sysprep/Disable_Bitlocker_Auto_Encryption.reg,efb411e654bc02de30d76fe22d3fa21398e2eb361d344ff2fae2614ab9b1bc83
personal_PS_scripts.zip,personal_PS_scripts/windows master mega diag script/Windows-Master-Diagnostic-Toolkit/Resources/NewComputerSetup/new_computer_setup/Win11Debloat-master/Win11Debloat-master/Regfiles/Disable_Brave_Bloat.reg,PRESENT_EXACT,Windows/Resources/NewComputerSetup/Win11Debloat-master/Win11Debloat-master/Regfiles/Disable_Brave_Bloat.reg;Windows/Resources/NewComputerSetup/Win11Debloat-master/Win11Debloat-master/Regfiles/Sysprep/Disable_Brave_Bloat.reg,2c8504174f124cf6cecda8332694282629b0c723239c622067ae0366813192d8
personal_PS_scripts.zip,personal_PS_scripts/windows master mega diag script/Windows-Master-Diagnostic-Toolkit/Resources/NewComputerSetup/new_computer_setup/Win11Debloat-master/Win11Debloat-master/Regfiles/Disable_Chat_Taskbar.reg,PRESENT_EXACT,Windows/Resources/NewComputerSetup/Win11Debloat-master/Win11Debloat-master/Regfiles/Disable_Chat_Taskbar.reg,1de8b10b81c5c5b6191ec949d93c47a35168cacc340c90db8fa521c4dfbe6a8a
personal_PS_scripts.zip,personal_PS_scripts/windows master mega diag script/Windows-Master-Diagnostic-Toolkit/Resources/NewComputerSetup/new_computer_setup/Win11Debloat-master/Win11Debloat-master/Regfiles/Disable_Click_to_Do.reg,PRESENT_EXACT,Windows/Resources/NewComputerSetup/Win11Debloat-master/Win11Debloat-master/Regfiles/Disable_Click_to_Do.reg,f5d5dcfd9c55d0fb50c1c9cf964c044bd95ea468e31b23be37e2694ed02e411c
personal_PS_scripts.zip,personal_PS_scripts/windows master mega diag script/Windows-Master-Diagnostic-Toolkit/Resources/NewComputerSetup/new_computer_setup/Win11Debloat-master/Win11Debloat-master/Regfiles/Disable_Copilot.reg,PRESENT_EXACT,Windows/Resources/NewComputerSetup/Win11Debloat-master/Win11Debloat-master/Regfiles/Disable_Copilot.reg,dc742a4f908907b2206408cde3c46ede2fc02ab5662bc62b91d8da0ecfe3f88d
personal_PS_scripts.zip,personal_PS_scripts/windows master mega diag script/Windows-Master-Diagnostic-Toolkit/Resources/NewComputerSetup/new_computer_setup/Win11Debloat-master/Win11Debloat-master/Regfiles/Disable_Delivery_Optimization.reg,PRESENT_EXACT,Windows/Resources/NewComputerSetup/Win11Debloat-master/Win11Debloat-master/Regfiles/Disable_Delivery_Optimization.reg;Windows/Resources/NewComputerSetup/Win11Debloat-master/Win11Debloat-master/Regfiles/Sysprep/Disable_Delivery_Optimization.reg,54028dab9b1ab7437f91304959f17f13af2e6a9206d435ce515c6e27b6b1547b
personal_PS_scripts.zip,personal_PS_scripts/windows master mega diag script/Windows-Master-Diagnostic-Toolkit/Resources/NewComputerSetup/new_computer_setup/Win11Debloat-master/Win11Debloat-master/Regfiles/Disable_Desktop_Spotlight.reg,PRESENT_EXACT,Windows/Resources/NewComputerSetup/Win11Debloat-master/Win11Debloat-master/Regfiles/Disable_Desktop_Spotlight.reg,a49b6c74b71fb0129accaaab6b083d588202f9d099eab1d00591bba60fd9b173
personal_PS_scripts.zip,personal_PS_scripts/windows master mega diag script/Windows-Master-Diagnostic-Toolkit/Resources/NewComputerSetup/new_computer_setup/Win11Debloat-master/Win11Debloat-master/Regfiles/Disable_Device_Auto_App_Download.reg,PRESENT_EXACT,Windows/Resources/NewComputerSetup/Win11Debloat-master/Win11Debloat-master/Regfiles/Disable_Device_Auto_App_Download.reg;Windows/Resources/NewComputerSetup/Win11Debloat-master/Win11Debloat-master/Regfiles/Sysprep/Disable_Device_Auto_App_Download.reg,5a7a105241ae0b2137a9365e51d3f63786c7f6ac1ce0b01fc990b51a9a750947
personal_PS_scripts.zip,personal_PS_scripts/windows master mega diag script/Windows-Master-Diagnostic-Toolkit/Resources/NewComputerSetup/new_computer_setup/Win11Debloat-master/Win11Debloat-master/Regfiles/Disable_DVR.reg,PRESENT_EXACT,Windows/Resources/NewComputerSetup/Win11Debloat-master/Win11Debloat-master/Regfiles/Disable_DVR.reg,7b67dfcb226bf50bb7dd61be981fb54a08a47be2efda89765fad1c88bc56afe6
personal_PS_scripts.zip,personal_PS_scripts/windows master mega diag script/Windows-Master-Diagnostic-Toolkit/Resources/NewComputerSetup/new_computer_setup/Win11Debloat-master/Win11Debloat-master/Regfiles/Disable_Edge_Ads_And_Suggestions.reg,PRESENT_EXACT,Windows/Resources/NewComputerSetup/Win11Debloat-master/Win11Debloat-master/Regfiles/Disable_Edge_Ads_And_Suggestions.reg;Windows/Resources/NewComputerSetup/Win11Debloat-master/Win11Debloat-master/Regfiles/Sysprep/Disable_Edge_Ads_And_Suggestions.reg,4d94e0b11b20fe8ba3870f407a708af87e34b1ab1397b342ef2f63c622f8c2c2
personal_PS_scripts.zip,personal_PS_scripts/windows master mega diag script/Windows-Master-Diagnostic-Toolkit/Resources/NewComputerSetup/new_computer_setup/Win11Debloat-master/Win11Debloat-master/Regfiles/Disable_Edge_AI_Features.reg,PRESENT_EXACT,Windows/Resources/NewComputerSetup/Win11Debloat-master/Win11Debloat-master/Regfiles/Disable_Edge_AI_Features.reg;Windows/Resources/NewComputerSetup/Win11Debloat-master/Win11Debloat-master/Regfiles/Sysprep/Disable_Edge_AI_Features.reg,ff0e5e22c97513a6658c678f7b81a0d87f709243feb21d387ee2f503191b49d7
personal_PS_scripts.zip,personal_PS_scripts/windows master mega diag script/Windows-Master-Diagnostic-Toolkit/Resources/NewComputerSetup/new_computer_setup/Win11Debloat-master/Win11Debloat-master/Regfiles/Disable_Enhance_Pointer_Precision.reg,PRESENT_EXACT,Windows/Resources/NewComputerSetup/Win11Debloat-master/Win11Debloat-master/Regfiles/Disable_Enhance_Pointer_Precision.reg,cd8cfe6ac1a77681210b39bd85e670f88dc51a5911547540480902745e289c8e
personal_PS_scripts.zip,personal_PS_scripts/windows master mega diag script/Windows-Master-Diagnostic-Toolkit/Resources/NewComputerSetup/new_computer_setup/Win11Debloat-master/Win11Debloat-master/Regfiles/Disable_Fast_Startup.reg,PRESENT_EXACT,Windows/Resources/NewComputerSetup/Win11Debloat-master/Win11Debloat-master/Regfiles/Disable_Fast_Startup.reg;Windows/Resources/NewComputerSetup/Win11Debloat-master/Win11Debloat-master/Regfiles/Sysprep/Disable_Fast_Startup.reg,ba8ac3589193fcaaa26ff5a88fdb4ccf973c7a64dec28b727cf5e2677a80b67c
personal_PS_scripts.zip,personal_PS_scripts/windows master mega diag script/Windows-Master-Diagnostic-Toolkit/Resources/NewComputerSetup/new_computer_setup/Win11Debloat-master/Win11Debloat-master/Regfiles/Disable_Find_My_Device.reg,PRESENT_EXACT,Windows/Resources/NewComputerSetup/Win11Debloat-master/Win11Debloat-master/Regfiles/Disable_Find_My_Device.reg;Windows/Resources/NewComputerSetup/Win11Debloat-master/Win11Debloat-master/Regfiles/Sysprep/Disable_Find_My_Device.reg,b100f8876be8efec490891c90ec04d10a3f0d677da102fdfc917ccf575383fbb
personal_PS_scripts.zip,personal_PS_scripts/windows master mega diag script/Windows-Master-Diagnostic-Toolkit/Resources/NewComputerSetup/new_computer_setup/Win11Debloat-master/Win11Debloat-master/Regfiles/Disable_Game_Bar_Integration.reg,PRESENT_EXACT,Windows/Resources/NewComputerSetup/Win11Debloat-master/Win11Debloat-master/Regfiles/Disable_Game_Bar_Integration.reg,a39888ca0313cc0b8b04d2841dbe78faf6d53d6213dcec338d1e112ead9f7e9d
personal_PS_scripts.zip,personal_PS_scripts/windows master mega diag script/Windows-Master-Diagnostic-Toolkit/Resources/NewComputerSetup/new_computer_setup/Win11Debloat-master/Win11Debloat-master/Regfiles/Disable_Give_access_to_context_menu.reg,PRESENT_EXACT,Windows/Resources/NewComputerSetup/Win11Debloat-master/Win11Debloat-master/Regfiles/Disable_Give_access_to_context_menu.reg;Windows/Resources/NewComputerSetup/Win11Debloat-master/Win11Debloat-master/Regfiles/Sysprep/Disable_Give_access_to_context_menu.reg,88fb1f6b2d32097b34c86a1340adf4fd4a5b39feec2eb1822f65d734f80b4834
personal_PS_scripts.zip,personal_PS_scripts/windows master mega diag script/Windows-Master-Diagnostic-Toolkit/Resources/NewComputerSetup/new_computer_setup/Win11Debloat-master/Win11Debloat-master/Regfiles/Disable_Location_Services.reg,PRESENT_EXACT,Windows/Resources/NewComputerSetup/Win11Debloat-master/Win11Debloat-master/Regfiles/Disable_Location_Services.reg;Windows/Resources/NewComputerSetup/Win11Debloat-master/Win11Debloat-master/Regfiles/Sysprep/Disable_Location_Services.reg,9c09d489e019425d0da82c0bd9eddea3ee6aa4a9f2f4ebf8298fc32aaa5611dd
personal_PS_scripts.zip,personal_PS_scripts/windows master mega diag script/Windows-Master-Diagnostic-Toolkit/Resources/NewComputerSetup/new_computer_setup/Win11Debloat-master/Win11Debloat-master/Regfiles/Disable_Lockscreen_Tips.reg,PRESENT_EXACT,Windows/Resources/NewComputerSetup/Win11Debloat-master/Win11Debloat-master/Regfiles/Disable_Lockscreen_Tips.reg,b44b7100e1a2cf08f0ad80e955907d0931cc808d7fdc6879a47294f1da9689ec
personal_PS_scripts.zip,personal_PS_scripts/windows master mega diag script/Windows-Master-Diagnostic-Toolkit/Resources/NewComputerSetup/new_computer_setup/Win11Debloat-master/Win11Debloat-master/Regfiles/Disable_Modern_Standby_Networking.reg,PRESENT_EXACT,Windows/Resources/NewComputerSetup/Win11Debloat-master/Win11Debloat-master/Regfiles/Disable_Modern_Standby_Networking.reg;Windows/Resources/NewComputerSetup/Win11Debloat-master/Win11Debloat-master/Regfiles/Sysprep/Disable_Modern_Standby_Networking.reg,391d75c0f01edae5c0cb0adc3e0030fb70b7ddf048489bf9a5965c9d17f1e722
personal_PS_scripts.zip,personal_PS_scripts/windows master mega diag script/Windows-Master-Diagnostic-Toolkit/Resources/NewComputerSetup/new_computer_setup/Win11Debloat-master/Win11Debloat-master/Regfiles/Disable_Notepad_AI_Features.reg,PRESENT_EXACT,Windows/Resources/NewComputerSetup/Win11Debloat-master/Win11Debloat-master/Regfiles/Disable_Notepad_AI_Features.reg;Windows/Resources/NewComputerSetup/Win11Debloat-master/Win11Debloat-master/Regfiles/Sysprep/Disable_Notepad_AI_Features.reg,fcfe2894c9f9624044fadfe9752e2d4f05146407b32e876f78507d3e6d800c4d
personal_PS_scripts.zip,personal_PS_scripts/windows master mega diag script/Windows-Master-Diagnostic-Toolkit/Resources/NewComputerSetup/new_computer_setup/Win11Debloat-master/Win11Debloat-master/Regfiles/Disable_Notifications.reg,PRESENT_EXACT,Windows/Resources/NewComputerSetup/Win11Debloat-master/Win11Debloat-master/Regfiles/Disable_Notifications.reg,2aa87a07e0f79fd03393797d61276687c8dfe8f8097094a93f03d5ebdfc50ca6
personal_PS_scripts.zip,personal_PS_scripts/windows master mega diag script/Windows-Master-Diagnostic-Toolkit/Resources/NewComputerSetup/new_computer_setup/Win11Debloat-master/Win11Debloat-master/Regfiles/Disable_Paint_AI_Features.reg,PRESENT_EXACT,Windows/Resources/NewComputerSetup/Win11Debloat-master/Win11Debloat-master/Regfiles/Disable_Paint_AI_Features.reg;Windows/Resources/NewComputerSetup/Win11Debloat-master/Win11Debloat-master/Regfiles/Sysprep/Disable_Paint_AI_Features.reg,3d70eff5a7c977227978f48deaade6c49fa40342ebc10cd942af18edef6b7eef
personal_PS_scripts.zip,personal_PS_scripts/windows master mega diag script/Windows-Master-Diagnostic-Toolkit/Resources/NewComputerSetup/new_computer_setup/Win11Debloat-master/Win11Debloat-master/Regfiles/Disable_Phone_Link_In_Start.reg,PRESENT_EXACT,Windows/Resources/NewComputerSetup/Win11Debloat-master/Win11Debloat-master/Regfiles/Disable_Phone_Link_In_Start.reg,d3d310ef3ec9aa1adfdd96b9ffebe51ab423215f99a6e5edc13494185bc87dbf
personal_PS_scripts.zip,personal_PS_scripts/windows master mega diag script/Windows-Master-Diagnostic-Toolkit/Resources/NewComputerSetup/new_computer_setup/Win11Debloat-master/Win11Debloat-master/Regfiles/Disable_Search_Highlights.reg,PRESENT_EXACT,Windows/Resources/NewComputerSetup/Win11Debloat-master/Win11Debloat-master/Regfiles/Disable_Search_Highlights.reg,a35cfde32f69aea01db9ccc766a158b5b9268e3158f0c7e70c48e07b2c07623e
personal_PS_scripts.zip,personal_PS_scripts/windows master mega diag script/Windows-Master-Diagnostic-Toolkit/Resources/NewComputerSetup/new_computer_setup/Win11Debloat-master/Win11Debloat-master/Regfiles/Disable_Search_History.reg,PRESENT_EXACT,Windows/Resources/NewComputerSetup/Win11Debloat-master/Win11Debloat-master/Regfiles/Disable_Search_History.reg,34a075ef76853f2e42221033fbf0992b352731c1d4c9890f7550e2c5b5aaa36b
personal_PS_scripts.zip,personal_PS_scripts/windows master mega diag script/Windows-Master-Diagnostic-Toolkit/Resources/NewComputerSetup/new_computer_setup/Win11Debloat-master/Win11Debloat-master/Regfiles/Disable_Settings_365_Ads.reg,PRESENT_EXACT,Windows/Resources/NewComputerSetup/Win11Debloat-master/Win11Debloat-master/Regfiles/Disable_Settings_365_Ads.reg;Windows/Resources/NewComputerSetup/Win11Debloat-master/Win11Debloat-master/Regfiles/Sysprep/Disable_Settings_365_Ads.reg,aeef35cb4b9f71e8e1e8276c620ba37585be191d9d0726448e82eaf349a77546
personal_PS_scripts.zip,personal_PS_scripts/windows master mega diag script/Windows-Master-Diagnostic-Toolkit/Resources/NewComputerSetup/new_computer_setup/Win11Debloat-master/Win11Debloat-master/Regfiles/Disable_Settings_Home.reg,PRESENT_EXACT,Windows/Resources/NewComputerSetup/Win11Debloat-master/Win11Debloat-master/Regfiles/Disable_Settings_Home.reg;Windows/Resources/NewComputerSetup/Win11Debloat-master/Win11Debloat-master/Regfiles/Sysprep/Disable_Settings_Home.reg,a4a0e091b1e10bff0dcead0df3e73cb579fa92da3b3154b36a5ae1a74e859cd6
personal_PS_scripts.zip,personal_PS_scripts/windows master mega diag script/Windows-Master-Diagnostic-Toolkit/Resources/NewComputerSetup/new_computer_setup/Win11Debloat-master/Win11Debloat-master/Regfiles/Disable_Share_Drag_Tray.reg,PRESENT_EXACT,Windows/Resources/NewComputerSetup/Win11Debloat-master/Win11Debloat-master/Regfiles/Disable_Share_Drag_Tray.reg,4a72a0f78b8b16b1d2b5b83081bcb1ed6871fc662f77067756f746a9e817fb34
personal_PS_scripts.zip,personal_PS_scripts/windows master mega diag script/Windows-Master-Diagnostic-Toolkit/Resources/NewComputerSetup/new_computer_setup/Win11Debloat-master/Win11Debloat-master/Regfiles/Disable_Share_from_context_menu.reg,PRESENT_EXACT,Windows/Resources/NewComputerSetup/Win11Debloat-master/Win11Debloat-master/Regfiles/Disable_Share_from_context_menu.reg;Windows/Resources/NewComputerSetup/Win11Debloat-master/Win11Debloat-master/Regfiles/Sysprep/Disable_Share_from_context_menu.reg,044b927474d977a14886176f36beb7291cf06a3524e3ba27af321f2e6fa87acc
personal_PS_scripts.zip,personal_PS_scripts/windows master mega diag script/Windows-Master-Diagnostic-Toolkit/Resources/NewComputerSetup/new_computer_setup/Win11Debloat-master/Win11Debloat-master/Regfiles/Disable_Snap_Assist.reg,PRESENT_EXACT,Windows/Resources/NewComputerSetup/Win11Debloat-master/Win11Debloat-master/Regfiles/Disable_Snap_Assist.reg,94951ac1867d6eaee60a312a12881c1e6c1fa635a783f5ec7582d1836b03f538
personal_PS_scripts.zip,personal_PS_scripts/windows master mega diag script/Windows-Master-Diagnostic-Toolkit/Resources/NewComputerSetup/new_computer_setup/Win11Debloat-master/Win11Debloat-master/Regfiles/Disable_Snap_Layouts.reg,PRESENT_EXACT,Windows/Resources/NewComputerSetup/Win11Debloat-master/Win11Debloat-master/Regfiles/Disable_Snap_Layouts.reg,2881b894c46486cbf427b6049a49739f3af4e636de6a1012c30bdd92bf50caae
personal_PS_scripts.zip,personal_PS_scripts/windows master mega diag script/Windows-Master-Diagnostic-Toolkit/Resources/NewComputerSetup/new_computer_setup/Win11Debloat-master/Win11Debloat-master/Regfiles/Disable_Start_All_Apps.reg,PRESENT_EXACT,Windows/Resources/NewComputerSetup/Win11Debloat-master/Win11Debloat-master/Regfiles/Disable_Start_All_Apps.reg,9bd61eb8097578aaf901941cc2196bc0a41b6d558056ff9c820067dcbbd05c8e
personal_PS_scripts.zip,personal_PS_scripts/windows master mega diag script/Windows-Master-Diagnostic-Toolkit/Resources/NewComputerSetup/new_computer_setup/Win11Debloat-master/Win11Debloat-master/Regfiles/Disable_Start_Recommended.reg,PRESENT_EXACT,Windows/Resources/NewComputerSetup/Win11Debloat-master/Win11Debloat-master/Regfiles/Disable_Start_Recommended.reg,80e8b57e63707297e24cc75a0dab2707bd1ccd5425100d9636407d8f1fdb903f
personal_PS_scripts.zip,personal_PS_scripts/windows master mega diag script/Windows-Master-Diagnostic-Toolkit/Resources/NewComputerSetup/new_computer_setup/Win11Debloat-master/Win11Debloat-master/Regfiles/Disable_Sticky_Keys_Shortcut.reg,PRESENT_EXACT,Windows/Resources/NewComputerSetup/Win11Debloat-master/Win11Debloat-master/Regfiles/Disable_Sticky_Keys_Shortcut.reg,af3d002f5fe0ad3e71abf6281849258efeca6ecbc9dc9fee350a7a380f2c3cc2
personal_PS_scripts.zip,personal_PS_scripts/windows master mega diag script/Windows-Master-Diagnostic-Toolkit/Resources/NewComputerSetup/new_computer_setup/Win11Debloat-master/Win11Debloat-master/Regfiles/Disable_Storage_Sense.reg,PRESENT_EXACT,Windows/Resources/NewComputerSetup/Win11Debloat-master/Win11Debloat-master/Regfiles/Disable_Storage_Sense.reg,96318ed2cc69aadac25f22344afed1ec8c21b54c0d99fe997a9ab53de5cebaae
personal_PS_scripts.zip,personal_PS_scripts/windows master mega diag script/Windows-Master-Diagnostic-Toolkit/Resources/NewComputerSetup/new_computer_setup/Win11Debloat-master/Win11Debloat-master/Regfiles/Disable_Telemetry.reg,PRESENT_EXACT,Windows/Resources/NewComputerSetup/Win11Debloat-master/Win11Debloat-master/Regfiles/Disable_Telemetry.reg,943d1348671c7c0b37f0cf13359113190fb012da4d0253cbf7f839b5d439caec
personal_PS_scripts.zip,personal_PS_scripts/windows master mega diag script/Windows-Master-Diagnostic-Toolkit/Resources/NewComputerSetup/new_computer_setup/Win11Debloat-master/Win11Debloat-master/Regfiles/Disable_Transparency.reg,PRESENT_EXACT,Windows/Resources/NewComputerSetup/Win11Debloat-master/Win11Debloat-master/Regfiles/Disable_Transparency.reg,1da2e2beda9ff19052cdc94293d6f7a6ae3993c45fa17de46277e6fc23d0815d
personal_PS_scripts.zip,personal_PS_scripts/windows master mega diag script/Windows-Master-Diagnostic-Toolkit/Resources/NewComputerSetup/new_computer_setup/Win11Debloat-master/Win11Debloat-master/Regfiles/Disable_Update_ASAP.reg,PRESENT_EXACT,Windows/Resources/NewComputerSetup/Win11Debloat-master/Win11Debloat-master/Regfiles/Disable_Update_ASAP.reg;Windows/Resources/NewComputerSetup/Win11Debloat-master/Win11Debloat-master/Regfiles/Sysprep/Disable_Update_ASAP.reg,0cef7e67c9c59407c81f25c637a0e5d51a3cd7ab7c0f800157b3281ac399f4fb
personal_PS_scripts.zip,personal_PS_scripts/windows master mega diag script/Windows-Master-Diagnostic-Toolkit/Resources/NewComputerSetup/new_computer_setup/Win11Debloat-master/Win11Debloat-master/Regfiles/Disable_Windows_Suggestions.reg,PRESENT_EXACT,Windows/Resources/NewComputerSetup/Win11Debloat-master/Win11Debloat-master/Regfiles/Disable_Windows_Suggestions.reg,6db962db6da06045b60c9d4561f1151b5bfb0d2b14af6171c57e889f16be715b
personal_PS_scripts.zip,personal_PS_scripts/windows master mega diag script/Windows-Master-Diagnostic-Toolkit/Resources/NewComputerSetup/new_computer_setup/Win11Debloat-master/Win11Debloat-master/Regfiles/Disable_Window_Snapping.reg,PRESENT_EXACT,Windows/Resources/NewComputerSetup/Win11Debloat-master/Win11Debloat-master/Regfiles/Disable_Window_Snapping.reg,162132b2e8f2cbd32cc27e7464790b12de3a1d0360e2239d89ee526b9c94c2aa
personal_PS_scripts.zip,personal_PS_scripts/windows master mega diag script/Windows-Master-Diagnostic-Toolkit/Resources/NewComputerSetup/new_computer_setup/Win11Debloat-master/Win11Debloat-master/Regfiles/Enable_Dark_Mode.reg,PRESENT_EXACT,Windows/Resources/NewComputerSetup/Win11Debloat-master/Win11Debloat-master/Regfiles/Enable_Dark_Mode.reg,8960ca278b878a45a2e6d5e61b4ee63364e2f864c2d2b0ef84ad9914433ea6a8
personal_PS_scripts.zip,personal_PS_scripts/windows master mega diag script/Windows-Master-Diagnostic-Toolkit/Resources/NewComputerSetup/new_computer_setup/Win11Debloat-master/Win11Debloat-master/Regfiles/Enable_Desktop_Spotlight.reg,PRESENT_EXACT,Windows/Resources/NewComputerSetup/Win11Debloat-master/Win11Debloat-master/Regfiles/Enable_Desktop_Spotlight.reg;Windows/Resources/NewComputerSetup/Win11Debloat-master/Win11Debloat-master/Regfiles/Undo/Enable_Desktop_Spotlight.reg,9d5b582c4d3ac84327b153e63a41c98774c73393a365ac064c017f573db91059
personal_PS_scripts.zip,personal_PS_scripts/windows master mega diag script/Windows-Master-Diagnostic-Toolkit/Resources/NewComputerSetup/new_computer_setup/Win11Debloat-master/Win11Debloat-master/Regfiles/Enable_End_Task.reg,PRESENT_EXACT,Windows/Resources/NewComputerSetup/Win11Debloat-master/Win11Debloat-master/Regfiles/Enable_End_Task.reg,21e53b7b6786d199e63e18e8e612bb7bc8fa7dc673d171f1af0934ef030777cb
personal_PS_scripts.zip,personal_PS_scripts/windows master mega diag script/Windows-Master-Diagnostic-Toolkit/Resources/NewComputerSetup/new_computer_setup/Win11Debloat-master/Win11Debloat-master/Regfiles/Enable_Last_Active_Click.reg,PRESENT_EXACT,Windows/Resources/NewComputerSetup/Win11Debloat-master/Win11Debloat-master/Regfiles/Enable_Last_Active_Click.reg,46ade8ebc36771b25955010888f05275c6b4a1563f236c65f53a2746e654a265
personal_PS_scripts.zip,personal_PS_scripts/windows master mega diag script/Windows-Master-Diagnostic-Toolkit/Resources/NewComputerSetup/new_computer_setup/Win11Debloat-master/Win11Debloat-master/Regfiles/Hide_3D_Objects_Folder.reg,PRESENT_EXACT,Windows/Resources/NewComputerSetup/Win11Debloat-master/Win11Debloat-master/Regfiles/Hide_3D_Objects_Folder.reg;Windows/Resources/NewComputerSetup/Win11Debloat-master/Win11Debloat-master/Regfiles/Sysprep/Hide_3D_Objects_Folder.reg,b8a7f7def95349d2b78763e4776ba131b0975e10406363f2b73d040576c76d8c
personal_PS_scripts.zip,personal_PS_scripts/windows master mega diag script/Windows-Master-Diagnostic-Toolkit/Resources/NewComputerSetup/new_computer_setup/Win11Debloat-master/Win11Debloat-master/Regfiles/Hide_Desktop_Spotlight_Icon.reg,PRESENT_EXACT,Windows/Resources/NewComputerSetup/Win11Debloat-master/Win11Debloat-master/Regfiles/Hide_Desktop_Spotlight_Icon.reg,17dbd75f473eb3d0a86fba9c587516d7a34fe7f6c3a8294e4bdc08f23b569afd
personal_PS_scripts.zip,personal_PS_scripts/windows master mega diag script/Windows-Master-Diagnostic-Toolkit/Resources/NewComputerSetup/new_computer_setup/Win11Debloat-master/Win11Debloat-master/Regfiles/Hide_Drive_Letters.reg,PRESENT_EXACT,Windows/Resources/NewComputerSetup/Win11Debloat-master/Win11Debloat-master/Regfiles/Hide_Drive_Letters.reg,5d1cc1959403fe7e18abd943e210316eb0673f1f32b55eb35013f8e3d9fe3c07
personal_PS_scripts.zip,personal_PS_scripts/windows master mega diag script/Windows-Master-Diagnostic-Toolkit/Resources/NewComputerSetup/new_computer_setup/Win11Debloat-master/Win11Debloat-master/Regfiles/Hide_Gallery_from_Explorer.reg,PRESENT_EXACT,Windows/Resources/NewComputerSetup/Win11Debloat-master/Win11Debloat-master/Regfiles/Hide_Gallery_from_Explorer.reg,2c9f7af6f724590297f1d68e6b36f206ce9f17e08fbedb2d10459bb6c3dcc332
personal_PS_scripts.zip,personal_PS_scripts/windows master mega diag script/Windows-Master-Diagnostic-Toolkit/Resources/NewComputerSetup/new_computer_setup/Win11Debloat-master/Win11Debloat-master/Regfiles/Hide_Home_from_Explorer.reg,PRESENT_EXACT,Windows/Resources/NewComputerSetup/Win11Debloat-master/Win11Debloat-master/Regfiles/Hide_Home_from_Explorer.reg,6b35bd3a2c6846e8f4928acd96206b9a73385dfbd60fe7e1dba422e1615aa511
personal_PS_scripts.zip,personal_PS_scripts/windows master mega diag script/Windows-Master-Diagnostic-Toolkit/Resources/NewComputerSetup/new_computer_setup/Win11Debloat-master/Win11Debloat-master/Regfiles/Hide_Music_Folder.reg,PRESENT_EXACT,Windows/Resources/NewComputerSetup/Win11Debloat-master/Win11Debloat-master/Regfiles/Hide_Music_Folder.reg;Windows/Resources/NewComputerSetup/Win11Debloat-master/Win11Debloat-master/Regfiles/Sysprep/Hide_Music_Folder.reg,e85608a743a148d5e77d4c29810b3583898885699bfed5bfb18407a65103edd4
personal_PS_scripts.zip,personal_PS_scripts/windows master mega diag script/Windows-Master-Diagnostic-Toolkit/Resources/NewComputerSetup/new_computer_setup/Win11Debloat-master/Win11Debloat-master/Regfiles/Hide_Onedrive_Folder.reg,PRESENT_EXACT,Windows/Resources/NewComputerSetup/Win11Debloat-master/Win11Debloat-master/Regfiles/Hide_Onedrive_Folder.reg,e2b9c5044c0ca77acae9e3c9cf69a9cefb5e8e5af50687b5b7d67eb75ad742ab
personal_PS_scripts.zip,personal_PS_scripts/windows master mega diag script/Windows-Master-Diagnostic-Toolkit/Resources/NewComputerSetup/new_computer_setup/Win11Debloat-master/Win11Debloat-master/Regfiles/Hide_Search_Taskbar.reg,PRESENT_EXACT,Windows/Resources/NewComputerSetup/Win11Debloat-master/Win11Debloat-master/Regfiles/Hide_Search_Taskbar.reg,0f7b2aa743b5dc843f5be9da4308f65628bfc7214c1281d890b1cdf46c87bde7
personal_PS_scripts.zip,personal_PS_scripts/windows master mega diag script/Windows-Master-Diagnostic-Toolkit/Resources/NewComputerSetup/new_computer_setup/Win11Debloat-master/Win11Debloat-master/Regfiles/Hide_Tabs_In_Alt_Tab.reg,PRESENT_EXACT,Windows/Resources/NewComputerSetup/Win11Debloat-master/Win11Debloat-master/Regfiles/Hide_Tabs_In_Alt_Tab.reg,55f9190338255ad7067e78113102c27d865e5240c52967902393b311234301be
personal_PS_scripts.zip,personal_PS_scripts/windows master mega diag script/Windows-Master-Diagnostic-Toolkit/Resources/NewComputerSetup/new_computer_setup/Win11Debloat-master/Win11Debloat-master/Regfiles/Hide_Taskview_Taskbar.reg,PRESENT_EXACT,Windows/Resources/NewComputerSetup/Win11Debloat-master/Win11Debloat-master/Regfiles/Hide_Taskview_Taskbar.reg,894caccfad9ca3a577d596c8638f5b32225a76510244e819b2bbf52b090414e5
personal_PS_scripts.zip,personal_PS_scripts/windows master mega diag script/Windows-Master-Diagnostic-Toolkit/Resources/NewComputerSetup/new_computer_setup/Win11Debloat-master/Win11Debloat-master/Regfiles/Launch_File_Explorer_To_Downloads.reg,PRESENT_EXACT,Windows/Resources/NewComputerSetup/Win11Debloat-master/Win11Debloat-master/Regfiles/Launch_File_Explorer_To_Downloads.reg,fe4248350607e85b0c636ad98313918b1ae767708f4bb6ba06340830d2f7eb08
personal_PS_scripts.zip,personal_PS_scripts/windows master mega diag script/Windows-Master-Diagnostic-Toolkit/Resources/NewComputerSetup/new_computer_setup/Win11Debloat-master/Win11Debloat-master/Regfiles/Launch_File_Explorer_To_Home.reg,PRESENT_EXACT,Windows/Resources/NewComputerSetup/Win11Debloat-master/Win11Debloat-master/Regfiles/Launch_File_Explorer_To_Home.reg,a0182e878aa4d4fb6bb6bac37a0a97f2ae57a71f8386c32c9286e5582e14a39c
personal_PS_scripts.zip,personal_PS_scripts/windows master mega diag script/Windows-Master-Diagnostic-Toolkit/Resources/NewComputerSetup/new_computer_setup/Win11Debloat-master/Win11Debloat-master/Regfiles/Launch_File_Explorer_To_OneDrive.reg,PRESENT_EXACT,Windows/Resources/NewComputerSetup/Win11Debloat-master/Win11Debloat-master/Regfiles/Launch_File_Explorer_To_OneDrive.reg,c9b7980d19e0fe397c8635ceb9745014e68b1626ab7b3e2d3211536387028d28
personal_PS_scripts.zip,personal_PS_scripts/windows master mega diag script/Windows-Master-Diagnostic-Toolkit/Resources/NewComputerSetup/new_computer_setup/Win11Debloat-master/Win11Debloat-master/Regfiles/Launch_File_Explorer_To_This_PC.reg,PRESENT_EXACT,Windows/Resources/NewComputerSetup/Win11Debloat-master/Win11Debloat-master/Regfiles/Launch_File_Explorer_To_This_PC.reg,1c28fc06aa1fc5c6821ea6c6bd39c1b1e0ea056cdf3aab40410c4ed6ca13578e
personal_PS_scripts.zip,personal_PS_scripts/windows master mega diag script/Windows-Master-Diagnostic-Toolkit/Resources/NewComputerSetup/new_computer_setup/Win11Debloat-master/Win11Debloat-master/Regfiles/MMTaskbarMode_Active.reg,PRESENT_EXACT,Windows/Resources/NewComputerSetup/Win11Debloat-master/Win11Debloat-master/Regfiles/MMTaskbarMode_Active.reg,b013e81e26d1a1d909bdf464f89af928aff88e477ba7ebcdc35017058ae391f8
personal_PS_scripts.zip,personal_PS_scripts/windows master mega diag script/Windows-Master-Diagnostic-Toolkit/Resources/NewComputerSetup/new_computer_setup/Win11Debloat-master/Win11Debloat-master/Regfiles/MMTaskbarMode_All.reg,PRESENT_EXACT,Windows/Resources/NewComputerSetup/Win11Debloat-master/Win11Debloat-master/Regfiles/MMTaskbarMode_All.reg,f69898f53222609f6702e782b8acc51a86902581fbd8b8c58b89ea6a677b9a98
personal_PS_scripts.zip,personal_PS_scripts/windows master mega diag script/Windows-Master-Diagnostic-Toolkit/Resources/NewComputerSetup/new_computer_setup/Win11Debloat-master/Win11Debloat-master/Regfiles/MMTaskbarMode_Main_Active.reg,PRESENT_EXACT,Windows/Resources/NewComputerSetup/Win11Debloat-master/Win11Debloat-master/Regfiles/MMTaskbarMode_Main_Active.reg,8397cdb26611e64fe3a6c9249d1afc2b309143fed2f4e82304c4dc4dd7d0351a
personal_PS_scripts.zip,personal_PS_scripts/windows master mega diag script/Windows-Master-Diagnostic-Toolkit/Resources/NewComputerSetup/new_computer_setup/Win11Debloat-master/Win11Debloat-master/Regfiles/Prevent_Auto_Reboot.reg,PRESENT_EXACT,Windows/Resources/NewComputerSetup/Win11Debloat-master/Win11Debloat-master/Regfiles/Prevent_Auto_Reboot.reg;Windows/Resources/NewComputerSetup/Win11Debloat-master/Win11Debloat-master/Regfiles/Sysprep/Prevent_Auto_Reboot.reg,db8f561112903346d624dbd1ddba4edca256f06f80ae1a697ba01fabc51ae557
personal_PS_scripts.zip,personal_PS_scripts/windows master mega diag script/Windows-Master-Diagnostic-Toolkit/Resources/NewComputerSetup/new_computer_setup/Win11Debloat-master/Win11Debloat-master/Regfiles/Show_20_Tabs_In_Alt_Tab.reg,PRESENT_EXACT,Windows/Resources/NewComputerSetup/Win11Debloat-master/Win11Debloat-master/Regfiles/Show_20_Tabs_In_Alt_Tab.reg,3ec3d0cf06ea8899877e4554959abf168e0eefa664ff2c995bf6f8bea5b24f5f
personal_PS_scripts.zip,personal_PS_scripts/windows master mega diag script/Windows-Master-Diagnostic-Toolkit/Resources/NewComputerSetup/new_computer_setup/Win11Debloat-master/Win11Debloat-master/Regfiles/Show_3_Tabs_In_Alt_Tab.reg,PRESENT_EXACT,Windows/Resources/NewComputerSetup/Win11Debloat-master/Win11Debloat-master/Regfiles/Show_3_Tabs_In_Alt_Tab.reg,4502b3691a0f69e50d5cb06fd346cac846abfae81a6f30f96402623d3af2b3ad
personal_PS_scripts.zip,personal_PS_scripts/windows master mega diag script/Windows-Master-Diagnostic-Toolkit/Resources/NewComputerSetup/new_computer_setup/Win11Debloat-master/Win11Debloat-master/Regfiles/Show_5_Tabs_In_Alt_Tab.reg,PRESENT_EXACT,Windows/Resources/NewComputerSetup/Win11Debloat-master/Win11Debloat-master/Regfiles/Show_5_Tabs_In_Alt_Tab.reg,1a1339974b48b0335576db88fc0cd635f1ee1581f30b15e327a7f40d3f3201c1
personal_PS_scripts.zip,personal_PS_scripts/windows master mega diag script/Windows-Master-Diagnostic-Toolkit/Resources/NewComputerSetup/new_computer_setup/Win11Debloat-master/Win11Debloat-master/Regfiles/Show_Drive_Letters_First.reg,PRESENT_EXACT,Windows/Resources/NewComputerSetup/Win11Debloat-master/Win11Debloat-master/Regfiles/Show_Drive_Letters_First.reg,a98f249d5f230e3d708a49b5de4a4798fc6f7e189b2f18051f545583f54a372b
personal_PS_scripts.zip,personal_PS_scripts/windows master mega diag script/Windows-Master-Diagnostic-Toolkit/Resources/NewComputerSetup/new_computer_setup/Win11Debloat-master/Win11Debloat-master/Regfiles/Show_Drive_Letters_Last.reg,PRESENT_EXACT,Windows/Resources/NewComputerSetup/Win11Debloat-master/Win11Debloat-master/Regfiles/Show_Drive_Letters_Last.reg;Windows/Resources/NewComputerSetup/Win11Debloat-master/Win11Debloat-master/Regfiles/Undo/Show_Drive_Letters_Last.reg,c1178ac07bec82b55a2d6dfc3b8c62c5010a55684dcbad108ad7f7d1eada2409
personal_PS_scripts.zip,personal_PS_scripts/windows master mega diag script/Windows-Master-Diagnostic-Toolkit/Resources/NewComputerSetup/new_computer_setup/Win11Debloat-master/Win11Debloat-master/Regfiles/Show_Hidden_Folders.reg,PRESENT_EXACT,Windows/Resources/NewComputerSetup/Win11Debloat-master/Win11Debloat-master/Regfiles/Show_Hidden_Folders.reg,26614ffba5c3431e216cfb649f2e8e6742d659dfcd0281d85bd83e73955d1c2a
personal_PS_scripts.zip,personal_PS_scripts/windows master mega diag script/Windows-Master-Diagnostic-Toolkit/Resources/NewComputerSetup/new_computer_setup/Win11Debloat-master/Win11Debloat-master/Regfiles/Show_Network_Drive_Letters_First.reg,PRESENT_EXACT,Windows/Resources/NewComputerSetup/Win11Debloat-master/Win11Debloat-master/Regfiles/Show_Network_Drive_Letters_First.reg,6a143be4872f4e692ddf06df3ad366a6f5eb29360df842c21f28efb32597a873
personal_PS_scripts.zip,personal_PS_scripts/windows master mega diag script/Windows-Master-Diagnostic-Toolkit/Resources/NewComputerSetup/new_computer_setup/Win11Debloat-master/Win11Debloat-master/Regfiles/Show_Search_Box.reg,PRESENT_EXACT,Windows/Resources/NewComputerSetup/Win11Debloat-master/Win11Debloat-master/Regfiles/Show_Search_Box.reg,d926e10b8d71a612323bc2f30a17c3e44901b709550a7b2a209a67c5da006b47
personal_PS_scripts.zip,personal_PS_scripts/windows master mega diag script/Windows-Master-Diagnostic-Toolkit/Resources/NewComputerSetup/new_computer_setup/Win11Debloat-master/Win11Debloat-master/Regfiles/Show_Search_Icon.reg,PRESENT_EXACT,Windows/Resources/NewComputerSetup/Win11Debloat-master/Win11Debloat-master/Regfiles/Show_Search_Icon.reg,946ee4d19da8e433a32b46ed3635a0e727a5d77f9542e3942f51e3fcc7217426
personal_PS_scripts.zip,personal_PS_scripts/windows master mega diag script/Windows-Master-Diagnostic-Toolkit/Resources/NewComputerSetup/new_computer_setup/Win11Debloat-master/Win11Debloat-master/Regfiles/Show_Search_Icon_And_Label.reg,PRESENT_EXACT,Windows/Resources/NewComputerSetup/Win11Debloat-master/Win11Debloat-master/Regfiles/Show_Search_Icon_And_Label.reg,3ce9d5b2cbea19f131026c23b88521c4a9bae98dd23ce624741da3d5a44020f9
personal_PS_scripts.zip,personal_PS_scripts/windows master mega diag script/Windows-Master-Diagnostic-Toolkit/Resources/NewComputerSetup/new_computer_setup/Win11Debloat-master/Win11Debloat-master/Regfiles/Start_AllApps_Category.reg,PRESENT_EXACT,Windows/Resources/NewComputerSetup/Win11Debloat-master/Win11Debloat-master/Regfiles/Start_AllApps_Category.reg,47cf3a03ff1345b31715774ce93d1f52870aa8fc598d702f12e8351b2cd416c8
personal_PS_scripts.zip,personal_PS_scripts/windows master mega diag script/Windows-Master-Diagnostic-Toolkit/Resources/NewComputerSetup/new_computer_setup/Win11Debloat-master/Win11Debloat-master/Regfiles/Start_AllApps_Grid.reg,PRESENT_EXACT,Windows/Resources/NewComputerSetup/Win11Debloat-master/Win11Debloat-master/Regfiles/Start_AllApps_Grid.reg,059bec1ca07fbb6ec5a483e2e82b77f5578b32117a70348debfab2a00270e57c
personal_PS_scripts.zip,personal_PS_scripts/windows master mega diag script/Windows-Master-Diagnostic-Toolkit/Resources/NewComputerSetup/new_computer_setup/Win11Debloat-master/Win11Debloat-master/Regfiles/Start_AllApps_List.reg,PRESENT_EXACT,Windows/Resources/NewComputerSetup/Win11Debloat-master/Win11Debloat-master/Regfiles/Start_AllApps_List.reg,41c29a17fe425da9118f5ff422d21e3fe6ef9f83b35955e88f0a58fd8cf798a6
personal_PS_scripts.zip,personal_PS_scripts/windows master mega diag script/Windows-Master-Diagnostic-Toolkit/Resources/NewComputerSetup/new_computer_setup/Win11Debloat-master/Win11Debloat-master/Regfiles/Sysprep/Align_Taskbar_Left.reg,PRESENT_EXACT,Windows/Resources/NewComputerSetup/Win11Debloat-master/Win11Debloat-master/Regfiles/Sysprep/Align_Taskbar_Left.reg,661f5429a350a151867fb49e41667fe28148d95a88d259e1300fbeef2dd43484
personal_PS_scripts.zip,personal_PS_scripts/windows master mega diag script/Windows-Master-Diagnostic-Toolkit/Resources/NewComputerSetup/new_computer_setup/Win11Debloat-master/Win11Debloat-master/Regfiles/Sysprep/Combine_MMTaskbar_Always.reg,PRESENT_EXACT,Windows/Resources/NewComputerSetup/Win11Debloat-master/Win11Debloat-master/Regfiles/Sysprep/Combine_MMTaskbar_Always.reg,3f3fed0c8a82251e898867c2c898c7fee181aa42700ef58bb8d39cd2ba090788
personal_PS_scripts.zip,personal_PS_scripts/windows master mega diag script/Windows-Master-Diagnostic-Toolkit/Resources/NewComputerSetup/new_computer_setup/Win11Debloat-master/Win11Debloat-master/Regfiles/Sysprep/Combine_MMTaskbar_Never.reg,PRESENT_EXACT,Windows/Resources/NewComputerSetup/Win11Debloat-master/Win11Debloat-master/Regfiles/Sysprep/Combine_MMTaskbar_Never.reg,fd137c15e58a488f72d085049ff49534198dd0dea9b200557f4b6a81611a3e83
personal_PS_scripts.zip,personal_PS_scripts/windows master mega diag script/Windows-Master-Diagnostic-Toolkit/Resources/NewComputerSetup/new_computer_setup/Win11Debloat-master/Win11Debloat-master/Regfiles/Sysprep/Combine_MMTaskbar_When_Full.reg,PRESENT_EXACT,Windows/Resources/NewComputerSetup/Win11Debloat-master/Win11Debloat-master/Regfiles/Sysprep/Combine_MMTaskbar_When_Full.reg,94784f2a66cfe989e1c35ea9c7f5c5c92b1b974cb8d89ea32d570d96f93f81e1
personal_PS_scripts.zip,personal_PS_scripts/windows master mega diag script/Windows-Master-Diagnostic-Toolkit/Resources/NewComputerSetup/new_computer_setup/Win11Debloat-master/Win11Debloat-master/Regfiles/Sysprep/Combine_Taskbar_Always.reg,PRESENT_EXACT,Windows/Resources/NewComputerSetup/Win11Debloat-master/Win11Debloat-master/Regfiles/Sysprep/Combine_Taskbar_Always.reg,1fb9e66b0f60e44e594e4cce0a630d802af1e004487e32061bd51d68293095aa
personal_PS_scripts.zip,personal_PS_scripts/windows master mega diag script/Windows-Master-Diagnostic-Toolkit/Resources/NewComputerSetup/new_computer_setup/Win11Debloat-master/Win11Debloat-master/Regfiles/Sysprep/Combine_Taskbar_Never.reg,PRESENT_EXACT,Windows/Resources/NewComputerSetup/Win11Debloat-master/Win11Debloat-master/Regfiles/Sysprep/Combine_Taskbar_Never.reg,dc8227128a6e5e8daae0412751753e326bdc64afbbf765eff98e4d9f86add228
personal_PS_scripts.zip,personal_PS_scripts/windows master mega diag script/Windows-Master-Diagnostic-Toolkit/Resources/NewComputerSetup/new_computer_setup/Win11Debloat-master/Win11Debloat-master/Regfiles/Sysprep/Combine_Taskbar_When_Full.reg,PRESENT_EXACT,Windows/Resources/NewComputerSetup/Win11Debloat-master/Win11Debloat-master/Regfiles/Sysprep/Combine_Taskbar_When_Full.reg,428614951ef3fb9f3ed836c687d83ae4f1132524424a3655cca104516069c6fc
personal_PS_scripts.zip,personal_PS_scripts/windows master mega diag script/Windows-Master-Diagnostic-Toolkit/Resources/NewComputerSetup/new_computer_setup/Win11Debloat-master/Win11Debloat-master/Regfiles/Sysprep/Disable_AI_Recall.reg,PRESENT_EXACT,Windows/Resources/NewComputerSetup/Win11Debloat-master/Win11Debloat-master/Regfiles/Sysprep/Disable_AI_Recall.reg,91cffcbef6ad9e19ae814b3fab42be0ffbe2ad5a6f1e9bc92a77d5ba0ff96371
personal_PS_scripts.zip,personal_PS_scripts/windows master mega diag script/Windows-Master-Diagnostic-Toolkit/Resources/NewComputerSetup/new_computer_setup/Win11Debloat-master/Win11Debloat-master/Regfiles/Sysprep/Disable_Animations.reg,PRESENT_EXACT,Windows/Resources/NewComputerSetup/Win11Debloat-master/Win11Debloat-master/Regfiles/Sysprep/Disable_Animations.reg,da169e35c7e06b71d090e1633b5f2b02131f989e010b5d574a116752e089f335
personal_PS_scripts.zip,personal_PS_scripts/windows master mega diag script/Windows-Master-Diagnostic-Toolkit/Resources/NewComputerSetup/new_computer_setup/Win11Debloat-master/Win11Debloat-master/Regfiles/Sysprep/Disable_Brave_Bloat.reg,PRESENT_EXACT,Windows/Resources/NewComputerSetup/Win11Debloat-master/Win11Debloat-master/Regfiles/Disable_Brave_Bloat.reg;Windows/Resources/NewComputerSetup/Win11Debloat-master/Win11Debloat-master/Regfiles/Sysprep/Disable_Brave_Bloat.reg,2c8504174f124cf6cecda8332694282629b0c723239c622067ae0366813192d8
personal_PS_scripts.zip,personal_PS_scripts/windows master mega diag script/Windows-Master-Diagnostic-Toolkit/Resources/NewComputerSetup/new_computer_setup/Win11Debloat-master/Win11Debloat-master/Regfiles/Sysprep/Disable_Chat_Taskbar.reg,PRESENT_EXACT,Windows/Resources/NewComputerSetup/Win11Debloat-master/Win11Debloat-master/Regfiles/Sysprep/Disable_Chat_Taskbar.reg,e6383389ce114b216f53d23b425a8370678126224438613109823018a00cb19f
personal_PS_scripts.zip,personal_PS_scripts/windows master mega diag script/Windows-Master-Diagnostic-Toolkit/Resources/NewComputerSetup/new_computer_setup/Win11Debloat-master/Win11Debloat-master/Regfiles/Sysprep/Disable_Click_to_Do.reg,PRESENT_EXACT,Windows/Resources/NewComputerSetup/Win11Debloat-master/Win11Debloat-master/Regfiles/Sysprep/Disable_Click_to_Do.reg,79ffea417a3c541a030f378b31251bc176cc105fc82794eafb49d47fd5c1541b
personal_PS_scripts.zip,personal_PS_scripts/windows master mega diag script/Windows-Master-Diagnostic-Toolkit/Resources/NewComputerSetup/new_computer_setup/Win11Debloat-master/Win11Debloat-master/Regfiles/Sysprep/Disable_Copilot.reg,PRESENT_EXACT,Windows/Resources/NewComputerSetup/Win11Debloat-master/Win11Debloat-master/Regfiles/Sysprep/Disable_Copilot.reg,55716bc81467876b8918957dbdd8e41d2591ae4a283c7ade7c0d5f14f456b4cb
personal_PS_scripts.zip,personal_PS_scripts/windows master mega diag script/Windows-Master-Diagnostic-Toolkit/Resources/NewComputerSetup/new_computer_setup/Win11Debloat-master/Win11Debloat-master/Regfiles/Sysprep/Disable_Desktop_Spotlight.reg,PRESENT_EXACT,Windows/Resources/NewComputerSetup/Win11Debloat-master/Win11Debloat-master/Regfiles/Sysprep/Disable_Desktop_Spotlight.reg,6df27196e90e44acdda8fc529885d2fab516bf5aa30c7ecb25138adc2b07c2cd
personal_PS_scripts.zip,personal_PS_scripts/windows master mega diag script/Windows-Master-Diagnostic-Toolkit/Resources/NewComputerSetup/new_computer_setup/Win11Debloat-master/Win11Debloat-master/Regfiles/Sysprep/Disable_DVR.reg,PRESENT_EXACT,Windows/Resources/NewComputerSetup/Win11Debloat-master/Win11Debloat-master/Regfiles/Sysprep/Disable_DVR.reg,53303447f416fbeec49047c9d8988933640ea8e368e432000726d22caf1a264f
personal_PS_scripts.zip,personal_PS_scripts/windows master mega diag script/Windows-Master-Diagnostic-Toolkit/Resources/NewComputerSetup/new_computer_setup/Win11Debloat-master/Win11Debloat-master/Regfiles/Sysprep/Disable_Edge_AI_Features.reg,PRESENT_EXACT,Windows/Resources/NewComputerSetup/Win11Debloat-master/Win11Debloat-master/Regfiles/Disable_Edge_AI_Features.reg;Windows/Resources/NewComputerSetup/Win11Debloat-master/Win11Debloat-master/Regfiles/Sysprep/Disable_Edge_AI_Features.reg,ff0e5e22c97513a6658c678f7b81a0d87f709243feb21d387ee2f503191b49d7
personal_PS_scripts.zip,personal_PS_scripts/windows master mega diag script/Windows-Master-Diagnostic-Toolkit/Resources/NewComputerSetup/new_computer_setup/Win11Debloat-master/Win11Debloat-master/Regfiles/Sysprep/Disable_Fast_Startup.reg,PRESENT_EXACT,Windows/Resources/NewComputerSetup/Win11Debloat-master/Win11Debloat-master/Regfiles/Disable_Fast_Startup.reg;Windows/Resources/NewComputerSetup/Win11Debloat-master/Win11Debloat-master/Regfiles/Sysprep/Disable_Fast_Startup.reg,ba8ac3589193fcaaa26ff5a88fdb4ccf973c7a64dec28b727cf5e2677a80b67c
personal_PS_scripts.zip,personal_PS_scripts/windows master mega diag script/Windows-Master-Diagnostic-Toolkit/Resources/NewComputerSetup/new_computer_setup/Win11Debloat-master/Win11Debloat-master/Regfiles/Sysprep/Disable_Find_My_Device.reg,PRESENT_EXACT,Windows/Resources/NewComputerSetup/Win11Debloat-master/Win11Debloat-master/Regfiles/Disable_Find_My_Device.reg;Windows/Resources/NewComputerSetup/Win11Debloat-master/Win11Debloat-master/Regfiles/Sysprep/Disable_Find_My_Device.reg,b100f8876be8efec490891c90ec04d10a3f0d677da102fdfc917ccf575383fbb
personal_PS_scripts.zip,personal_PS_scripts/windows master mega diag script/Windows-Master-Diagnostic-Toolkit/Resources/NewComputerSetup/new_computer_setup/Win11Debloat-master/Win11Debloat-master/Regfiles/Sysprep/Disable_Location_Services.reg,PRESENT_EXACT,Windows/Resources/NewComputerSetup/Win11Debloat-master/Win11Debloat-master/Regfiles/Disable_Location_Services.reg;Windows/Resources/NewComputerSetup/Win11Debloat-master/Win11Debloat-master/Regfiles/Sysprep/Disable_Location_Services.reg,9c09d489e019425d0da82c0bd9eddea3ee6aa4a9f2f4ebf8298fc32aaa5611dd
personal_PS_scripts.zip,personal_PS_scripts/windows master mega diag script/Windows-Master-Diagnostic-Toolkit/Resources/NewComputerSetup/new_computer_setup/Win11Debloat-master/Win11Debloat-master/Regfiles/Sysprep/Disable_Lockscreen_Tips.reg,PRESENT_EXACT,Windows/Resources/NewComputerSetup/Win11Debloat-master/Win11Debloat-master/Regfiles/Sysprep/Disable_Lockscreen_Tips.reg,cd7e723bf8bff5c5f40bec552f7694b18a0e26f76a851a0f9a9d77a6cead5850
personal_PS_scripts.zip,personal_PS_scripts/windows master mega diag script/Windows-Master-Diagnostic-Toolkit/Resources/NewComputerSetup/new_computer_setup/Win11Debloat-master/Win11Debloat-master/Regfiles/Sysprep/Disable_Notepad_AI_Features.reg,PRESENT_EXACT,Windows/Resources/NewComputerSetup/Win11Debloat-master/Win11Debloat-master/Regfiles/Disable_Notepad_AI_Features.reg;Windows/Resources/NewComputerSetup/Win11Debloat-master/Win11Debloat-master/Regfiles/Sysprep/Disable_Notepad_AI_Features.reg,fcfe2894c9f9624044fadfe9752e2d4f05146407b32e876f78507d3e6d800c4d
personal_PS_scripts.zip,personal_PS_scripts/windows master mega diag script/Windows-Master-Diagnostic-Toolkit/Resources/NewComputerSetup/new_computer_setup/Win11Debloat-master/Win11Debloat-master/Regfiles/Sysprep/Disable_Notifications.reg,PRESENT_EXACT,Windows/Resources/NewComputerSetup/Win11Debloat-master/Win11Debloat-master/Regfiles/Sysprep/Disable_Notifications.reg,9af9e41b02e55351b2651693bc70e11924c42fd7f7e0c9e919cce52cb8959d9f
personal_PS_scripts.zip,personal_PS_scripts/windows master mega diag script/Windows-Master-Diagnostic-Toolkit/Resources/NewComputerSetup/new_computer_setup/Win11Debloat-master/Win11Debloat-master/Regfiles/Sysprep/Disable_Paint_AI_Features.reg,PRESENT_EXACT,Windows/Resources/NewComputerSetup/Win11Debloat-master/Win11Debloat-master/Regfiles/Disable_Paint_AI_Features.reg;Windows/Resources/NewComputerSetup/Win11Debloat-master/Win11Debloat-master/Regfiles/Sysprep/Disable_Paint_AI_Features.reg,3d70eff5a7c977227978f48deaade6c49fa40342ebc10cd942af18edef6b7eef
personal_PS_scripts.zip,personal_PS_scripts/windows master mega diag script/Windows-Master-Diagnostic-Toolkit/Resources/NewComputerSetup/new_computer_setup/Win11Debloat-master/Win11Debloat-master/Regfiles/Sysprep/Disable_Phone_Link_In_Start.reg,PRESENT_EXACT,Windows/Resources/NewComputerSetup/Win11Debloat-master/Win11Debloat-master/Regfiles/Sysprep/Disable_Phone_Link_In_Start.reg,269334ccd7be2c9d92bb93e9fcb55891beb0b3a0b18151decb21e4482225ee14
personal_PS_scripts.zip,personal_PS_scripts/windows master mega diag script/Windows-Master-Diagnostic-Toolkit/Resources/NewComputerSetup/new_computer_setup/Win11Debloat-master/Win11Debloat-master/Regfiles/Sysprep/Disable_Search_Highlights.reg,PRESENT_EXACT,Windows/Resources/NewComputerSetup/Win11Debloat-master/Win11Debloat-master/Regfiles/Sysprep/Disable_Search_Highlights.reg,531809e8271b4385581be23715fa32086b663d3afd71d2a4636d0756257fe891
personal_PS_scripts.zip,personal_PS_scripts/windows master mega diag script/Windows-Master-Diagnostic-Toolkit/Resources/NewComputerSetup/new_computer_setup/Win11Debloat-master/Win11Debloat-master/Regfiles/Sysprep/Disable_Search_History.reg,PRESENT_EXACT,Windows/Resources/NewComputerSetup/Win11Debloat-master/Win11Debloat-master/Regfiles/Sysprep/Disable_Search_History.reg,c206599542d032737165ba5870faabec579891fd70b5df621c7c88cc8898b6fb
personal_PS_scripts.zip,personal_PS_scripts/windows master mega diag script/Windows-Master-Diagnostic-Toolkit/Resources/NewComputerSetup/new_computer_setup/Win11Debloat-master/Win11Debloat-master/Regfiles/Sysprep/Disable_Settings_365_Ads.reg,PRESENT_EXACT,Windows/Resources/NewComputerSetup/Win11Debloat-master/Win11Debloat-master/Regfiles/Disable_Settings_365_Ads.reg;Windows/Resources/NewComputerSetup/Win11Debloat-master/Win11Debloat-master/Regfiles/Sysprep/Disable_Settings_365_Ads.reg,aeef35cb4b9f71e8e1e8276c620ba37585be191d9d0726448e82eaf349a77546
personal_PS_scripts.zip,personal_PS_scripts/windows master mega diag script/Windows-Master-Diagnostic-Toolkit/Resources/NewComputerSetup/new_computer_setup/Win11Debloat-master/Win11Debloat-master/Regfiles/Sysprep/Disable_Settings_Home.reg,PRESENT_EXACT,Windows/Resources/NewComputerSetup/Win11Debloat-master/Win11Debloat-master/Regfiles/Disable_Settings_Home.reg;Windows/Resources/NewComputerSetup/Win11Debloat-master/Win11Debloat-master/Regfiles/Sysprep/Disable_Settings_Home.reg,a4a0e091b1e10bff0dcead0df3e73cb579fa92da3b3154b36a5ae1a74e859cd6
personal_PS_scripts.zip,personal_PS_scripts/windows master mega diag script/Windows-Master-Diagnostic-Toolkit/Resources/NewComputerSetup/new_computer_setup/Win11Debloat-master/Win11Debloat-master/Regfiles/Sysprep/Disable_Share_Drag_Tray.reg,PRESENT_EXACT,Windows/Resources/NewComputerSetup/Win11Debloat-master/Win11Debloat-master/Regfiles/Sysprep/Disable_Share_Drag_Tray.reg,8f0559f899ad11cdee4d4f85852f4eb6c4c84ea30bb710b7348d23096daa5a57
personal_PS_scripts.zip,personal_PS_scripts/windows master mega diag script/Windows-Master-Diagnostic-Toolkit/Resources/NewComputerSetup/new_computer_setup/Win11Debloat-master/Win11Debloat-master/Regfiles/Sysprep/Disable_Snap_Assist.reg,PRESENT_EXACT,Windows/Resources/NewComputerSetup/Win11Debloat-master/Win11Debloat-master/Regfiles/Sysprep/Disable_Snap_Assist.reg,cd93bb87ae82dc27854c368dd0e7db074069a997dd2de242d18e4473c8d60d77
personal_PS_scripts.zip,personal_PS_scripts/windows master mega diag script/Windows-Master-Diagnostic-Toolkit/Resources/NewComputerSetup/new_computer_setup/Win11Debloat-master/Win11Debloat-master/Regfiles/Sysprep/Disable_Snap_Layouts.reg,PRESENT_EXACT,Windows/Resources/NewComputerSetup/Win11Debloat-master/Win11Debloat-master/Regfiles/Sysprep/Disable_Snap_Layouts.reg,688056151f95df84e5145ee00e67c062d2ee177710ec9b147e6f452f3f1ff372
personal_PS_scripts.zip,personal_PS_scripts/windows master mega diag script/Windows-Master-Diagnostic-Toolkit/Resources/NewComputerSetup/new_computer_setup/Win11Debloat-master/Win11Debloat-master/Regfiles/Sysprep/Disable_Start_All_Apps.reg,PRESENT_EXACT,Windows/Resources/NewComputerSetup/Win11Debloat-master/Win11Debloat-master/Regfiles/Sysprep/Disable_Start_All_Apps.reg,2a2779594d956ae3c561e0d43ae9efb7ac06bd4fca72a21be705d60b84c5cc1d
personal_PS_scripts.zip,personal_PS_scripts/windows master mega diag script/Windows-Master-Diagnostic-Toolkit/Resources/NewComputerSetup/new_computer_setup/Win11Debloat-master/Win11Debloat-master/Regfiles/Sysprep/Disable_Start_Recommended.reg,PRESENT_EXACT,Windows/Resources/NewComputerSetup/Win11Debloat-master/Win11Debloat-master/Regfiles/Sysprep/Disable_Start_Recommended.reg,aebc985ba37ce46f01c5e9f463648356245cc612d3a209fb5eb6e5f903b2385a
personal_PS_scripts.zip,personal_PS_scripts/windows master mega diag script/Windows-Master-Diagnostic-Toolkit/Resources/NewComputerSetup/new_computer_setup/Win11Debloat-master/Win11Debloat-master/Regfiles/Sysprep/Disable_Storage_Sense.reg,PRESENT_EXACT,Windows/Resources/NewComputerSetup/Win11Debloat-master/Win11Debloat-master/Regfiles/Sysprep/Disable_Storage_Sense.reg,b79f356ec32e7a8255c6b9360a716ea6926e992ed1dab19b0ea58872d3766fd1
personal_PS_scripts.zip,personal_PS_scripts/windows master mega diag script/Windows-Master-Diagnostic-Toolkit/Resources/NewComputerSetup/new_computer_setup/Win11Debloat-master/Win11Debloat-master/Regfiles/Sysprep/Disable_Telemetry.reg,PRESENT_EXACT,Windows/Resources/NewComputerSetup/Win11Debloat-master/Win11Debloat-master/Regfiles/Sysprep/Disable_Telemetry.reg,9928a67507dcfd025957e362cb4fd56613b48e10511c6a30db03c75477f41535
personal_PS_scripts.zip,personal_PS_scripts/windows master mega diag script/Windows-Master-Diagnostic-Toolkit/Resources/NewComputerSetup/new_computer_setup/Win11Debloat-master/Win11Debloat-master/Regfiles/Sysprep/Disable_Transparency.reg,PRESENT_EXACT,Windows/Resources/NewComputerSetup/Win11Debloat-master/Win11Debloat-master/Regfiles/Sysprep/Disable_Transparency.reg,f45f45d9a62d32e88a8e12052142e188cf68af49a8e3ff2e9a526340e9d57169
personal_PS_scripts.zip,personal_PS_scripts/windows master mega diag script/Windows-Master-Diagnostic-Toolkit/Resources/NewComputerSetup/new_computer_setup/Win11Debloat-master/Win11Debloat-master/Regfiles/Sysprep/Disable_Update_ASAP.reg,PRESENT_EXACT,Windows/Resources/NewComputerSetup/Win11Debloat-master/Win11Debloat-master/Regfiles/Disable_Update_ASAP.reg;Windows/Resources/NewComputerSetup/Win11Debloat-master/Win11Debloat-master/Regfiles/Sysprep/Disable_Update_ASAP.reg,0cef7e67c9c59407c81f25c637a0e5d51a3cd7ab7c0f800157b3281ac399f4fb
personal_PS_scripts.zip,personal_PS_scripts/windows master mega diag script/Windows-Master-Diagnostic-Toolkit/Resources/NewComputerSetup/new_computer_setup/Win11Debloat-master/Win11Debloat-master/Regfiles/Sysprep/Disable_Windows_Suggestions.reg,PRESENT_EXACT,Windows/Resources/NewComputerSetup/Win11Debloat-master/Win11Debloat-master/Regfiles/Sysprep/Disable_Windows_Suggestions.reg,cc8074544f5f41b061dad458e3d08633bf31eeea501cdecb6afe0e63ad50d932
personal_PS_scripts.zip,personal_PS_scripts/windows master mega diag script/Windows-Master-Diagnostic-Toolkit/Resources/NewComputerSetup/new_computer_setup/Win11Debloat-master/Win11Debloat-master/Regfiles/Sysprep/Disable_Window_Snapping.reg,PRESENT_EXACT,Windows/Resources/NewComputerSetup/Win11Debloat-master/Win11Debloat-master/Regfiles/Sysprep/Disable_Window_Snapping.reg,c965fea6649e07ad6e77b94d769dec52a481397e7b6dfc7674ad4792f35be765
personal_PS_scripts.zip,personal_PS_scripts/windows master mega diag script/Windows-Master-Diagnostic-Toolkit/Resources/NewComputerSetup/new_computer_setup/Win11Debloat-master/Win11Debloat-master/Regfiles/Sysprep/Enable_Dark_Mode.reg,PRESENT_EXACT,Windows/Resources/NewComputerSetup/Win11Debloat-master/Win11Debloat-master/Regfiles/Sysprep/Enable_Dark_Mode.reg,9c91399a22a8622cb94f56ccd4935f85c9437abd66295190072f50ff8e3b8ddd
personal_PS_scripts.zip,personal_PS_scripts/windows master mega diag script/Windows-Master-Diagnostic-Toolkit/Resources/NewComputerSetup/new_computer_setup/Win11Debloat-master/Win11Debloat-master/Regfiles/Sysprep/Enable_Desktop_Spotlight.reg,PRESENT_EXACT,Windows/Resources/NewComputerSetup/Win11Debloat-master/Win11Debloat-master/Regfiles/Sysprep/Enable_Desktop_Spotlight.reg;Windows/Resources/NewComputerSetup/Win11Debloat-master/Win11Debloat-master/Regfiles/Sysprep/Undo/Enable_Desktop_Spotlight.reg,05a68976a3010439ed85d0f24b0bb25796dc7c3531b49d1e786cd64595464f7d
personal_PS_scripts.zip,personal_PS_scripts/windows master mega diag script/Windows-Master-Diagnostic-Toolkit/Resources/NewComputerSetup/new_computer_setup/Win11Debloat-master/Win11Debloat-master/Regfiles/Sysprep/Enable_End_Task.reg,PRESENT_EXACT,Windows/Resources/NewComputerSetup/Win11Debloat-master/Win11Debloat-master/Regfiles/Sysprep/Enable_End_Task.reg,216a26119ce395367f4eca1cd87bfbea20d522238756d5140d56114b7e06d131
personal_PS_scripts.zip,personal_PS_scripts/windows master mega diag script/Windows-Master-Diagnostic-Toolkit/Resources/NewComputerSetup/new_computer_setup/Win11Debloat-master/Win11Debloat-master/Regfiles/Sysprep/Enable_Last_Active_Click.reg,PRESENT_EXACT,Windows/Resources/NewComputerSetup/Win11Debloat-master/Win11Debloat-master/Regfiles/Sysprep/Enable_Last_Active_Click.reg,156bc248e0ba81c5849f19476e931bae28aab36420e5281d5762e33f68c09ffb
personal_PS_scripts.zip,personal_PS_scripts/windows master mega diag script/Windows-Master-Diagnostic-Toolkit/Resources/NewComputerSetup/new_computer_setup/Win11Debloat-master/Win11Debloat-master/Regfiles/Sysprep/Hide_3D_Objects_Folder.reg,PRESENT_EXACT,Windows/Resources/NewComputerSetup/Win11Debloat-master/Win11Debloat-master/Regfiles/Hide_3D_Objects_Folder.reg;Windows/Resources/NewComputerSetup/Win11Debloat-master/Win11Debloat-master/Regfiles/Sysprep/Hide_3D_Objects_Folder.reg,b8a7f7def95349d2b78763e4776ba131b0975e10406363f2b73d040576c76d8c
personal_PS_scripts.zip,personal_PS_scripts/windows master mega diag script/Windows-Master-Diagnostic-Toolkit/Resources/NewComputerSetup/new_computer_setup/Win11Debloat-master/Win11Debloat-master/Regfiles/Sysprep/Hide_Desktop_Spotlight_Icon.reg,PRESENT_EXACT,Windows/Resources/NewComputerSetup/Win11Debloat-master/Win11Debloat-master/Regfiles/Sysprep/Hide_Desktop_Spotlight_Icon.reg,a67b88f80c372ab002837a87e3eee1c7971c424c213d42feebb4716cd0f6ad98
personal_PS_scripts.zip,personal_PS_scripts/windows master mega diag script/Windows-Master-Diagnostic-Toolkit/Resources/NewComputerSetup/new_computer_setup/Win11Debloat-master/Win11Debloat-master/Regfiles/Sysprep/Hide_Drive_Letters.reg,PRESENT_EXACT,Windows/Resources/NewComputerSetup/Win11Debloat-master/Win11Debloat-master/Regfiles/Sysprep/Hide_Drive_Letters.reg,156152311d93bf1dc481192c6ebb85fd3b2c6dee4fe4578dc6ca6a736a744e33
personal_PS_scripts.zip,personal_PS_scripts/windows master mega diag script/Windows-Master-Diagnostic-Toolkit/Resources/NewComputerSetup/new_computer_setup/Win11Debloat-master/Win11Debloat-master/Regfiles/Sysprep/Hide_Gallery_from_Explorer.reg,PRESENT_EXACT,Windows/Resources/NewComputerSetup/Win11Debloat-master/Win11Debloat-master/Regfiles/Sysprep/Hide_Gallery_from_Explorer.reg,cab23f57270affa8dc43a2bd27965feb3af0ea0ddeb4b1cf516e7cb45f7b59e9
personal_PS_scripts.zip,personal_PS_scripts/windows master mega diag script/Windows-Master-Diagnostic-Toolkit/Resources/NewComputerSetup/new_computer_setup/Win11Debloat-master/Win11Debloat-master/Regfiles/Sysprep/Hide_Home_from_Explorer.reg,PRESENT_EXACT,Windows/Resources/NewComputerSetup/Win11Debloat-master/Win11Debloat-master/Regfiles/Sysprep/Hide_Home_from_Explorer.reg,96830868500994a7353cb579ed7aed3667be76ba87d7b3ec93bc8a3e2ed73bad
personal_PS_scripts.zip,personal_PS_scripts/windows master mega diag script/Windows-Master-Diagnostic-Toolkit/Resources/NewComputerSetup/new_computer_setup/Win11Debloat-master/Win11Debloat-master/Regfiles/Sysprep/Hide_Music_Folder.reg,PRESENT_EXACT,Windows/Resources/NewComputerSetup/Win11Debloat-master/Win11Debloat-master/Regfiles/Hide_Music_Folder.reg;Windows/Resources/NewComputerSetup/Win11Debloat-master/Win11Debloat-master/Regfiles/Sysprep/Hide_Music_Folder.reg,e85608a743a148d5e77d4c29810b3583898885699bfed5bfb18407a65103edd4
personal_PS_scripts.zip,personal_PS_scripts/windows master mega diag script/Windows-Master-Diagnostic-Toolkit/Resources/NewComputerSetup/new_computer_setup/Win11Debloat-master/Win11Debloat-master/Regfiles/Sysprep/Hide_Onedrive_Folder.reg,PRESENT_EXACT,Windows/Resources/NewComputerSetup/Win11Debloat-master/Win11Debloat-master/Regfiles/Sysprep/Hide_Onedrive_Folder.reg,72edb60188c075c318d3cb975344f845fdffd7fd1da5cf269fe9260dc449cf44
personal_PS_scripts.zip,personal_PS_scripts/windows master mega diag script/Windows-Master-Diagnostic-Toolkit/Resources/NewComputerSetup/new_computer_setup/Win11Debloat-master/Win11Debloat-master/Regfiles/Sysprep/Hide_Search_Taskbar.reg,PRESENT_EXACT,Windows/Resources/NewComputerSetup/Win11Debloat-master/Win11Debloat-master/Regfiles/Sysprep/Hide_Search_Taskbar.reg,87a2080aff646230b47456bb5c0820f535c33ff5921c859aad29c59ab56f809b
personal_PS_scripts.zip,personal_PS_scripts/windows master mega diag script/Windows-Master-Diagnostic-Toolkit/Resources/NewComputerSetup/new_computer_setup/Win11Debloat-master/Win11Debloat-master/Regfiles/Sysprep/Hide_Tabs_In_Alt_Tab.reg,PRESENT_EXACT,Windows/Resources/NewComputerSetup/Win11Debloat-master/Win11Debloat-master/Regfiles/Sysprep/Hide_Tabs_In_Alt_Tab.reg,6d36359d7a925a9e2364ec6ae4ff15cd7cc1e24400d9538e94611b60294a6a33
personal_PS_scripts.zip,personal_PS_scripts/windows master mega diag script/Windows-Master-Diagnostic-Toolkit/Resources/NewComputerSetup/new_computer_setup/Win11Debloat-master/Win11Debloat-master/Regfiles/Sysprep/Hide_Taskview_Taskbar.reg,PRESENT_EXACT,Windows/Resources/NewComputerSetup/Win11Debloat-master/Win11Debloat-master/Regfiles/Sysprep/Hide_Taskview_Taskbar.reg,dad7ce740f06bebc29d79da1d9018ff68fa19154eca55ace48147605a2214b5e
personal_PS_scripts.zip,personal_PS_scripts/windows master mega diag script/Windows-Master-Diagnostic-Toolkit/Resources/NewComputerSetup/new_computer_setup/Win11Debloat-master/Win11Debloat-master/Regfiles/Sysprep/MMTaskbarMode_Active.reg,PRESENT_EXACT,Windows/Resources/NewComputerSetup/Win11Debloat-master/Win11Debloat-master/Regfiles/Sysprep/MMTaskbarMode_Active.reg,19e7af6b3788fc91859a5a63d9a14cebeed2c4fd61efd87551b7ec0c0c13e2b6
personal_PS_scripts.zip,personal_PS_scripts/windows master mega diag script/Windows-Master-Diagnostic-Toolkit/Resources/NewComputerSetup/new_computer_setup/Win11Debloat-master/Win11Debloat-master/Regfiles/Sysprep/MMTaskbarMode_All.reg,PRESENT_EXACT,Windows/Resources/NewComputerSetup/Win11Debloat-master/Win11Debloat-master/Regfiles/Sysprep/MMTaskbarMode_All.reg,a4c83997441b3c26e3d7458929cb04ef5e8e7f3f6b1f808c3eeb404c1fc46b7a
personal_PS_scripts.zip,personal_PS_scripts/windows master mega diag script/Windows-Master-Diagnostic-Toolkit/Resources/NewComputerSetup/new_computer_setup/Win11Debloat-master/Win11Debloat-master/Regfiles/Sysprep/MMTaskbarMode_Main_Active.reg,PRESENT_EXACT,Windows/Resources/NewComputerSetup/Win11Debloat-master/Win11Debloat-master/Regfiles/Sysprep/MMTaskbarMode_Main_Active.reg,8e4ebace9cfc22f8cfaf67c219b89e5d361da2594599316334fcb992f68abd05
personal_PS_scripts.zip,personal_PS_scripts/windows master mega diag script/Windows-Master-Diagnostic-Toolkit/Resources/NewComputerSetup/new_computer_setup/Win11Debloat-master/Win11Debloat-master/Regfiles/Sysprep/Prevent_Auto_Reboot.reg,PRESENT_EXACT,Windows/Resources/NewComputerSetup/Win11Debloat-master/Win11Debloat-master/Regfiles/Prevent_Auto_Reboot.reg;Windows/Resources/NewComputerSetup/Win11Debloat-master/Win11Debloat-master/Regfiles/Sysprep/Prevent_Auto_Reboot.reg,db8f561112903346d624dbd1ddba4edca256f06f80ae1a697ba01fabc51ae557
personal_PS_scripts.zip,personal_PS_scripts/windows master mega diag script/Windows-Master-Diagnostic-Toolkit/Resources/NewComputerSetup/new_computer_setup/Win11Debloat-master/Win11Debloat-master/Regfiles/Sysprep/Show_20_Tabs_In_Alt_Tab.reg,PRESENT_EXACT,Windows/Resources/NewComputerSetup/Win11Debloat-master/Win11Debloat-master/Regfiles/Sysprep/Show_20_Tabs_In_Alt_Tab.reg,6c306fdd68cca4176d96580794c3741366d032b8980257de41a5a8c9aa37dd58
personal_PS_scripts.zip,personal_PS_scripts/windows master mega diag script/Windows-Master-Diagnostic-Toolkit/Resources/NewComputerSetup/new_computer_setup/Win11Debloat-master/Win11Debloat-master/Regfiles/Sysprep/Show_3_Tabs_In_Alt_Tab.reg,PRESENT_EXACT,Windows/Resources/NewComputerSetup/Win11Debloat-master/Win11Debloat-master/Regfiles/Sysprep/Show_3_Tabs_In_Alt_Tab.reg,35e8670856a4dc8de968d7e4ff736816c8435efd0e52edd85f3f0ab138d85b24
personal_PS_scripts.zip,personal_PS_scripts/windows master mega diag script/Windows-Master-Diagnostic-Toolkit/Resources/NewComputerSetup/new_computer_setup/Win11Debloat-master/Win11Debloat-master/Regfiles/Sysprep/Show_5_Tabs_In_Alt_Tab.reg,PRESENT_EXACT,Windows/Resources/NewComputerSetup/Win11Debloat-master/Win11Debloat-master/Regfiles/Sysprep/Show_5_Tabs_In_Alt_Tab.reg,b5867e1709d480fd3218c483ecd134aa65e7a4604e9a49ef6fb293e342738f1c
personal_PS_scripts.zip,personal_PS_scripts/windows master mega diag script/Windows-Master-Diagnostic-Toolkit/Resources/NewComputerSetup/new_computer_setup/Win11Debloat-master/Win11Debloat-master/Regfiles/Sysprep/Show_Drive_Letters_First.reg,PRESENT_EXACT,Windows/Resources/NewComputerSetup/Win11Debloat-master/Win11Debloat-master/Regfiles/Sysprep/Show_Drive_Letters_First.reg,fe7ec6815749040ddf62cd6ac88403260e818803dbded7c0c7f345ffc25e5f7d
personal_PS_scripts.zip,personal_PS_scripts/windows master mega diag script/Windows-Master-Diagnostic-Toolkit/Resources/NewComputerSetup/new_computer_setup/Win11Debloat-master/Win11Debloat-master/Regfiles/Sysprep/Show_Drive_Letters_Last.reg,PRESENT_EXACT,Windows/Resources/NewComputerSetup/Win11Debloat-master/Win11Debloat-master/Regfiles/Sysprep/Show_Drive_Letters_Last.reg,4dba240546bdc08ae88e203dd697da63bdc4177e84c30247fac35aff5b5cd2fc
personal_PS_scripts.zip,personal_PS_scripts/windows master mega diag script/Windows-Master-Diagnostic-Toolkit/Resources/NewComputerSetup/new_computer_setup/Win11Debloat-master/Win11Debloat-master/Regfiles/Sysprep/Show_Hidden_Folders.reg,PRESENT_EXACT,Windows/Resources/NewComputerSetup/Win11Debloat-master/Win11Debloat-master/Regfiles/Sysprep/Show_Hidden_Folders.reg,0661f977386239b249ee4788ad31f24bbf38e603d6b92cd03198e94a36a9f490
personal_PS_scripts.zip,personal_PS_scripts/windows master mega diag script/Windows-Master-Diagnostic-Toolkit/Resources/NewComputerSetup/new_computer_setup/Win11Debloat-master/Win11Debloat-master/Regfiles/Sysprep/Show_Search_Box.reg,PRESENT_EXACT,Windows/Resources/NewComputerSetup/Win11Debloat-master/Win11Debloat-master/Regfiles/Sysprep/Show_Search_Box.reg,521417b68482f1d4c52f2b40424d546aa2c16d688d437bffb240c0169dde0f3c
personal_PS_scripts.zip,personal_PS_scripts/windows master mega diag script/Windows-Master-Diagnostic-Toolkit/Resources/NewComputerSetup/new_computer_setup/Win11Debloat-master/Win11Debloat-master/Regfiles/Sysprep/Show_Search_Icon.reg,PRESENT_EXACT,Windows/Resources/NewComputerSetup/Win11Debloat-master/Win11Debloat-master/Regfiles/Sysprep/Show_Search_Icon.reg,ec8e81f59a1c78a448a3ac46db9fede9f28108a800bc3a99bf1145b98023c6d9
personal_PS_scripts.zip,personal_PS_scripts/windows master mega diag script/Windows-Master-Diagnostic-Toolkit/Resources/NewComputerSetup/new_computer_setup/Win11Debloat-master/Win11Debloat-master/Regfiles/Sysprep/Show_Search_Icon_And_Label.reg,PRESENT_EXACT,Windows/Resources/NewComputerSetup/Win11Debloat-master/Win11Debloat-master/Regfiles/Sysprep/Show_Search_Icon_And_Label.reg,73680d11009615af3487abf7e5478e9010dabd5a16d8737ee7f0d0fa56434b23
personal_PS_scripts.zip,personal_PS_scripts/windows master mega diag script/Windows-Master-Diagnostic-Toolkit/Resources/NewComputerSetup/new_computer_setup/Win11Debloat-master/Win11Debloat-master/Regfiles/Sysprep/Start_AllApps_Category.reg,PRESENT_EXACT,Windows/Resources/NewComputerSetup/Win11Debloat-master/Win11Debloat-master/Regfiles/Sysprep/Start_AllApps_Category.reg,815e7c2dad559a1c0262a7703b4f3545f5851f52250fbcf5f4d4cf1bff5d1dff
personal_PS_scripts.zip,personal_PS_scripts/windows master mega diag script/Windows-Master-Diagnostic-Toolkit/Resources/NewComputerSetup/new_computer_setup/Win11Debloat-master/Win11Debloat-master/Regfiles/Sysprep/Start_AllApps_Grid.reg,PRESENT_EXACT,Windows/Resources/NewComputerSetup/Win11Debloat-master/Win11Debloat-master/Regfiles/Sysprep/Start_AllApps_Grid.reg,720a163ed9578435230d450655942940cf3ebd4a47899faf8ddcb65cdd88ca22
personal_PS_scripts.zip,personal_PS_scripts/windows master mega diag script/Windows-Master-Diagnostic-Toolkit/Resources/NewComputerSetup/new_computer_setup/Win11Debloat-master/Win11Debloat-master/Regfiles/Sysprep/Start_AllApps_List.reg,PRESENT_EXACT,Windows/Resources/NewComputerSetup/Win11Debloat-master/Win11Debloat-master/Regfiles/Sysprep/Start_AllApps_List.reg,7de9aeecee0a4f25cd25faf674e9b12e959975a01c7329e44bb15892875c7861
personal_PS_scripts.zip,personal_PS_scripts/windows master mega diag script/Windows-Master-Diagnostic-Toolkit/Resources/NewComputerSetup/new_computer_setup/Win11Debloat-master/Win11Debloat-master/Regfiles/Undo/Align_Taskbar_Center.reg,PRESENT_EXACT,Windows/Resources/NewComputerSetup/Win11Debloat-master/Win11Debloat-master/Regfiles/Undo/Align_Taskbar_Center.reg,9e8aaf5bef1d4196614a4e33794f5103cd69b8ea44192f8c8e52b7657233f76d
personal_PS_scripts.zip,personal_PS_scripts/windows master mega diag script/Windows-Master-Diagnostic-Toolkit/Resources/NewComputerSetup/new_computer_setup/Win11Debloat-master/Win11Debloat-master/Regfiles/Undo/Allow_Auto_Reboot.reg,PRESENT_EXACT,Windows/Resources/NewComputerSetup/Win11Debloat-master/Win11Debloat-master/Regfiles/Undo/Allow_Auto_Reboot.reg,015d6a8bfce9c0f2611c741dc6198eec94a09b75bcd618d2508fbb787f273ec5
personal_PS_scripts.zip,personal_PS_scripts/windows master mega diag script/Windows-Master-Diagnostic-Toolkit/Resources/NewComputerSetup/new_computer_setup/Win11Debloat-master/Win11Debloat-master/Regfiles/Undo/Allow_Edge_Telemetry.reg,PRESENT_EXACT,Windows/Resources/NewComputerSetup/Win11Debloat-master/Win11Debloat-master/Regfiles/Undo/Allow_Edge_Telemetry.reg,ae8b19a261787c167facc7ab0efdec57d590f039ea66e64f585b59a19318ba21
personal_PS_scripts.zip,personal_PS_scripts/windows master mega diag script/Windows-Master-Diagnostic-Toolkit/Resources/NewComputerSetup/new_computer_setup/Win11Debloat-master/Win11Debloat-master/Regfiles/Undo/Disable_End_Task.reg,PRESENT_EXACT,Windows/Resources/NewComputerSetup/Win11Debloat-master/Win11Debloat-master/Regfiles/Undo/Disable_End_Task.reg,a58a6782908badbe76cd57462b62c43a4cfead86c4f7c4a7e6aa854b4a5934df
personal_PS_scripts.zip,personal_PS_scripts/windows master mega diag script/Windows-Master-Diagnostic-Toolkit/Resources/NewComputerSetup/new_computer_setup/Win11Debloat-master/Win11Debloat-master/Regfiles/Undo/Disable_Last_Active_Click.reg,PRESENT_EXACT,Windows/Resources/NewComputerSetup/Win11Debloat-master/Win11Debloat-master/Regfiles/Undo/Disable_Last_Active_Click.reg,626e215e62d3f92ad3635022dfe6ce0f5a08d3e7a7aa8594f2de522a4a37c17c
personal_PS_scripts.zip,personal_PS_scripts/windows master mega diag script/Windows-Master-Diagnostic-Toolkit/Resources/NewComputerSetup/new_computer_setup/Win11Debloat-master/Win11Debloat-master/Regfiles/Undo/Enable_Activity_History.reg,PRESENT_EXACT,Windows/Resources/NewComputerSetup/Win11Debloat-master/Win11Debloat-master/Regfiles/Undo/Enable_Activity_History.reg,b4eb37533062f1e014ca00d7b9b9d6a85754ec5d45fb3e3c50b9b0ce2a2cca94
personal_PS_scripts.zip,personal_PS_scripts/windows master mega diag script/Windows-Master-Diagnostic-Toolkit/Resources/NewComputerSetup/new_computer_setup/Win11Debloat-master/Win11Debloat-master/Regfiles/Undo/Enable_AI_Recall.reg,PRESENT_EXACT,Windows/Resources/NewComputerSetup/Win11Debloat-master/Win11Debloat-master/Regfiles/Undo/Enable_AI_Recall.reg,60eeb2f318d8abd148f583a61c677dc4d90d8d592265269f7a7b7e7eed1c38a0
personal_PS_scripts.zip,personal_PS_scripts/windows master mega diag script/Windows-Master-Diagnostic-Toolkit/Resources/NewComputerSetup/new_computer_setup/Win11Debloat-master/Win11Debloat-master/Regfiles/Undo/Enable_AI_Service_Auto_Start.reg,PRESENT_EXACT,Windows/Resources/NewComputerSetup/Win11Debloat-master/Win11Debloat-master/Regfiles/Undo/Enable_AI_Service_Auto_Start.reg,fd2cebddd7ca793467ffe77a89d8c7687d74cce603fe4ae2171a7d8ecfe4ae5c
personal_PS_scripts.zip,personal_PS_scripts/windows master mega diag script/Windows-Master-Diagnostic-Toolkit/Resources/NewComputerSetup/new_computer_setup/Win11Debloat-master/Win11Debloat-master/Regfiles/Undo/Enable_Animations.reg,PRESENT_EXACT,Windows/Resources/NewComputerSetup/Win11Debloat-master/Win11Debloat-master/Regfiles/Undo/Enable_Animations.reg,be4d0d22ffab2777bf47db34a7834391d7403c73c7300e262de8db2062edfddf
personal_PS_scripts.zip,personal_PS_scripts/windows master mega diag script/Windows-Master-Diagnostic-Toolkit/Resources/NewComputerSetup/new_computer_setup/Win11Debloat-master/Win11Debloat-master/Regfiles/Undo/Enable_Bing_Cortana_In_Search.reg,PRESENT_EXACT,Windows/Resources/NewComputerSetup/Win11Debloat-master/Win11Debloat-master/Regfiles/Undo/Enable_Bing_Cortana_In_Search.reg,50983a408b66378584c9d4cd1ae449bf7360fc5c72c33dc4de47fa9a1717325f
personal_PS_scripts.zip,personal_PS_scripts/windows master mega diag script/Windows-Master-Diagnostic-Toolkit/Resources/NewComputerSetup/new_computer_setup/Win11Debloat-master/Win11Debloat-master/Regfiles/Undo/Enable_Brave_Bloat.reg,PRESENT_EXACT,Windows/Resources/NewComputerSetup/Win11Debloat-master/Win11Debloat-master/Regfiles/Undo/Enable_Brave_Bloat.reg,222781ee45faedfae6d13c3dc69b345d132cb35e32adb31c33851e36ae9be3d6
personal_PS_scripts.zip,personal_PS_scripts/windows master mega diag script/Windows-Master-Diagnostic-Toolkit/Resources/NewComputerSetup/new_computer_setup/Win11Debloat-master/Win11Debloat-master/Regfiles/Undo/Enable_Chat_Taskbar.reg,PRESENT_EXACT,Windows/Resources/NewComputerSetup/Win11Debloat-master/Win11Debloat-master/Regfiles/Undo/Enable_Chat_Taskbar.reg,00414383e27a13f5c4795636740a75354c6dcc004fd19710de898fccb8ffa2db
personal_PS_scripts.zip,personal_PS_scripts/windows master mega diag script/Windows-Master-Diagnostic-Toolkit/Resources/NewComputerSetup/new_computer_setup/Win11Debloat-master/Win11Debloat-master/Regfiles/Undo/Enable_Click_to_Do.reg,PRESENT_EXACT,Windows/Resources/NewComputerSetup/Win11Debloat-master/Win11Debloat-master/Regfiles/Undo/Enable_Click_to_Do.reg,f82c2b1e7ac31f421f31435a1d33d113176633935329f968a012127486068796
personal_PS_scripts.zip,personal_PS_scripts/windows master mega diag script/Windows-Master-Diagnostic-Toolkit/Resources/NewComputerSetup/new_computer_setup/Win11Debloat-master/Win11Debloat-master/Regfiles/Undo/Enable_Copilot.reg,PRESENT_EXACT,Windows/Resources/NewComputerSetup/Win11Debloat-master/Win11Debloat-master/Regfiles/Undo/Enable_Copilot.reg,fb088ec98b7f4f88a256439894132e51b16520b17ca5e32586fb495e755488df
personal_PS_scripts.zip,personal_PS_scripts/windows master mega diag script/Windows-Master-Diagnostic-Toolkit/Resources/NewComputerSetup/new_computer_setup/Win11Debloat-master/Win11Debloat-master/Regfiles/Undo/Enable_Delivery_Optimization.reg,PRESENT_EXACT,Windows/Resources/NewComputerSetup/Win11Debloat-master/Win11Debloat-master/Regfiles/Undo/Enable_Delivery_Optimization.reg,b566e39bbbb62c410536b707637101b3e25b218e5e9b4eadbd7dfa0ae02b6803
personal_PS_scripts.zip,personal_PS_scripts/windows master mega diag script/Windows-Master-Diagnostic-Toolkit/Resources/NewComputerSetup/new_computer_setup/Win11Debloat-master/Win11Debloat-master/Regfiles/Undo/Enable_Desktop_Spotlight.reg,PRESENT_EXACT,Windows/Resources/NewComputerSetup/Win11Debloat-master/Win11Debloat-master/Regfiles/Enable_Desktop_Spotlight.reg;Windows/Resources/NewComputerSetup/Win11Debloat-master/Win11Debloat-master/Regfiles/Undo/Enable_Desktop_Spotlight.reg,9d5b582c4d3ac84327b153e63a41c98774c73393a365ac064c017f573db91059
personal_PS_scripts.zip,personal_PS_scripts/windows master mega diag script/Windows-Master-Diagnostic-Toolkit/Resources/NewComputerSetup/new_computer_setup/Win11Debloat-master/Win11Debloat-master/Regfiles/Undo/Enable_DVR.reg,PRESENT_EXACT,Windows/Resources/NewComputerSetup/Win11Debloat-master/Win11Debloat-master/Regfiles/Undo/Enable_DVR.reg,a4ada8ae6cad778d8130bf320a64ba69e3a99c7d3a689d83fe509bffcaf69d1f
personal_PS_scripts.zip,personal_PS_scripts/windows master mega diag script/Windows-Master-Diagnostic-Toolkit/Resources/NewComputerSetup/new_computer_setup/Win11Debloat-master/Win11Debloat-master/Regfiles/Undo/Enable_Edge_AI_Features.reg,PRESENT_EXACT,Windows/Resources/NewComputerSetup/Win11Debloat-master/Win11Debloat-master/Regfiles/Undo/Enable_Edge_AI_Features.reg,ed393be1bd1641a926ffa06af1ff15b7e75f292ca6a91dca9bbbb340629eebb1
personal_PS_scripts.zip,personal_PS_scripts/windows master mega diag script/Windows-Master-Diagnostic-Toolkit/Resources/NewComputerSetup/new_computer_setup/Win11Debloat-master/Win11Debloat-master/Regfiles/Undo/Enable_Fast_Startup.reg,PRESENT_EXACT,Windows/Resources/NewComputerSetup/Win11Debloat-master/Win11Debloat-master/Regfiles/Undo/Enable_Fast_Startup.reg,a391095c4e1aeae765cfe3f80d1c538cd93e5ed5a3f6494d5c4ca1ef02eeb3b5
personal_PS_scripts.zip,personal_PS_scripts/windows master mega diag script/Windows-Master-Diagnostic-Toolkit/Resources/NewComputerSetup/new_computer_setup/Win11Debloat-master/Win11Debloat-master/Regfiles/Undo/Enable_Find_My_Device.reg,PRESENT_EXACT,Windows/Resources/NewComputerSetup/Win11Debloat-master/Win11Debloat-master/Regfiles/Undo/Enable_Find_My_Device.reg,394aba1108735517eff831b79258fb7a92a6eda3c5f5217314a43e6215cc6921
personal_PS_scripts.zip,personal_PS_scripts/windows master mega diag script/Windows-Master-Diagnostic-Toolkit/Resources/NewComputerSetup/new_computer_setup/Win11Debloat-master/Win11Debloat-master/Regfiles/Undo/Enable_Game_Bar_Integration.reg,PRESENT_EXACT,Windows/Resources/NewComputerSetup/Win11Debloat-master/Win11Debloat-master/Regfiles/Undo/Enable_Game_Bar_Integration.reg,ce670bbc2ed259c52aa9bfdbb3451163b23bc9b0929eaf54cb559c73a7651f94
personal_PS_scripts.zip,personal_PS_scripts/windows master mega diag script/Windows-Master-Diagnostic-Toolkit/Resources/NewComputerSetup/new_computer_setup/Win11Debloat-master/Win11Debloat-master/Regfiles/Undo/Enable_Light_Mode.reg,PRESENT_EXACT,Windows/Resources/NewComputerSetup/Win11Debloat-master/Win11Debloat-master/Regfiles/Undo/Enable_Light_Mode.reg,61502f3cfa7efc8f5fadfda49dfb79ed64311324f3ea94167c5fe648045231f1
personal_PS_scripts.zip,personal_PS_scripts/windows master mega diag script/Windows-Master-Diagnostic-Toolkit/Resources/NewComputerSetup/new_computer_setup/Win11Debloat-master/Win11Debloat-master/Regfiles/Undo/Enable_Location_Services.reg,PRESENT_EXACT,Windows/Resources/NewComputerSetup/Win11Debloat-master/Win11Debloat-master/Regfiles/Undo/Enable_Location_Services.reg,1f2b2dbba2b8b1e9c3a3fa4e7571a2fe15015c5de472f5541d846cef38247d61
personal_PS_scripts.zip,personal_PS_scripts/windows master mega diag script/Windows-Master-Diagnostic-Toolkit/Resources/NewComputerSetup/new_computer_setup/Win11Debloat-master/Win11Debloat-master/Regfiles/Undo/Enable_Lockscreen_Tips.reg,PRESENT_EXACT,Windows/Resources/NewComputerSetup/Win11Debloat-master/Win11Debloat-master/Regfiles/Undo/Enable_Lockscreen_Tips.reg,c4b0d0d45da507fb9ca8278a77dd5997f96c76bd9b9074595f03a2e6caed9e19
personal_PS_scripts.zip,personal_PS_scripts/windows master mega diag script/Windows-Master-Diagnostic-Toolkit/Resources/NewComputerSetup/new_computer_setup/Win11Debloat-master/Win11Debloat-master/Regfiles/Undo/Enable_Notepad_AI_Features.reg,PRESENT_EXACT,Windows/Resources/NewComputerSetup/Win11Debloat-master/Win11Debloat-master/Regfiles/Undo/Enable_Notepad_AI_Features.reg,3ed37ce8b1a764c3ae379772896add0b08ff6ee0732007035c9590cb22ea5e92
personal_PS_scripts.zip,personal_PS_scripts/windows master mega diag script/Windows-Master-Diagnostic-Toolkit/Resources/NewComputerSetup/new_computer_setup/Win11Debloat-master/Win11Debloat-master/Regfiles/Undo/Enable_Notifications.reg,PRESENT_EXACT,Windows/Resources/NewComputerSetup/Win11Debloat-master/Win11Debloat-master/Regfiles/Undo/Enable_Notifications.reg,f1e7f14f2b91fdaf89a200c1022b6f0639f7d4bf70e367dbf43f43b5d35c0c1f
personal_PS_scripts.zip,personal_PS_scripts/windows master mega diag script/Windows-Master-Diagnostic-Toolkit/Resources/NewComputerSetup/new_computer_setup/Win11Debloat-master/Win11Debloat-master/Regfiles/Undo/Enable_Paint_AI_Features.reg,PRESENT_EXACT,Windows/Resources/NewComputerSetup/Win11Debloat-master/Win11Debloat-master/Regfiles/Undo/Enable_Paint_AI_Features.reg,3269f31592ed94b667ce0813f2f9be28421a30804666d58d97770919585554ea
personal_PS_scripts.zip,personal_PS_scripts/windows master mega diag script/Windows-Master-Diagnostic-Toolkit/Resources/NewComputerSetup/new_computer_setup/Win11Debloat-master/Win11Debloat-master/Regfiles/Undo/Enable_Phone_Link_In_Start.reg,PRESENT_EXACT,Windows/Resources/NewComputerSetup/Win11Debloat-master/Win11Debloat-master/Regfiles/Undo/Enable_Phone_Link_In_Start.reg,67efc2000d37965fd6971e2ea036ef49c46b851c3b6a4e4ec4fbe2f04ed7bf09
personal_PS_scripts.zip,personal_PS_scripts/windows master mega diag script/Windows-Master-Diagnostic-Toolkit/Resources/NewComputerSetup/new_computer_setup/Win11Debloat-master/Win11Debloat-master/Regfiles/Undo/Enable_Search_Highlights.reg,PRESENT_EXACT,Windows/Resources/NewComputerSetup/Win11Debloat-master/Win11Debloat-master/Regfiles/Undo/Enable_Search_Highlights.reg,177b4d76b0a89ccfc223dc2fc17ee5f88c150de66dd7833a942c9227ae8287bb
personal_PS_scripts.zip,personal_PS_scripts/windows master mega diag script/Windows-Master-Diagnostic-Toolkit/Resources/NewComputerSetup/new_computer_setup/Win11Debloat-master/Win11Debloat-master/Regfiles/Undo/Enable_Search_History.reg,PRESENT_EXACT,Windows/Resources/NewComputerSetup/Win11Debloat-master/Win11Debloat-master/Regfiles/Undo/Enable_Search_History.reg,57c695fafd01b80c660a9e62505a87826e1dcfb934ca830b616d47e0ffdf7799
personal_PS_scripts.zip,personal_PS_scripts/windows master mega diag script/Windows-Master-Diagnostic-Toolkit/Resources/NewComputerSetup/new_computer_setup/Win11Debloat-master/Win11Debloat-master/Regfiles/Undo/Enable_Settings_365_Ads.reg,PRESENT_EXACT,Windows/Resources/NewComputerSetup/Win11Debloat-master/Win11Debloat-master/Regfiles/Undo/Enable_Settings_365_Ads.reg,718f3e9746dc3deb44bb8cc006c52dcd8930637ac5409c5b6cf1bcdf0b48da2a
personal_PS_scripts.zip,personal_PS_scripts/windows master mega diag script/Windows-Master-Diagnostic-Toolkit/Resources/NewComputerSetup/new_computer_setup/Win11Debloat-master/Win11Debloat-master/Regfiles/Undo/Enable_Settings_Home.reg,PRESENT_EXACT,Windows/Resources/NewComputerSetup/Win11Debloat-master/Win11Debloat-master/Regfiles/Undo/Enable_Settings_Home.reg,f9e9ba17577e887bcf1767bc7d207ae24f6ba6ad2035e50a4f58ceb81b0009d1
personal_PS_scripts.zip,personal_PS_scripts/windows master mega diag script/Windows-Master-Diagnostic-Toolkit/Resources/NewComputerSetup/new_computer_setup/Win11Debloat-master/Win11Debloat-master/Regfiles/Undo/Enable_Share_Drag_Tray.reg,PRESENT_EXACT,Windows/Resources/NewComputerSetup/Win11Debloat-master/Win11Debloat-master/Regfiles/Undo/Enable_Share_Drag_Tray.reg,8afe1787c6021b939ca3978dca8fdb7d286f149e26dce3e5b39fec4e77e3e636
personal_PS_scripts.zip,personal_PS_scripts/windows master mega diag script/Windows-Master-Diagnostic-Toolkit/Resources/NewComputerSetup/new_computer_setup/Win11Debloat-master/Win11Debloat-master/Regfiles/Undo/Enable_Share_in_context_menu.reg,PRESENT_EXACT,Windows/Resources/NewComputerSetup/Win11Debloat-master/Win11Debloat-master/Regfiles/Undo/Enable_Share_in_context_menu.reg,6e01fa1b8588c0fd7f54826cb375422ed5cb6a7259e52c2eb2eb6e8bc47c4b26
personal_PS_scripts.zip,personal_PS_scripts/windows master mega diag script/Windows-Master-Diagnostic-Toolkit/Resources/NewComputerSetup/new_computer_setup/Win11Debloat-master/Win11Debloat-master/Regfiles/Undo/Enable_Snap_Assist.reg,PRESENT_EXACT,Windows/Resources/NewComputerSetup/Win11Debloat-master/Win11Debloat-master/Regfiles/Undo/Enable_Snap_Assist.reg,5e08197b96b78bfb7e59125400721fcbb3e04f2a11a32e6a7ca33aac3b1ea04c
personal_PS_scripts.zip,personal_PS_scripts/windows master mega diag script/Windows-Master-Diagnostic-Toolkit/Resources/NewComputerSetup/new_computer_setup/Win11Debloat-master/Win11Debloat-master/Regfiles/Undo/Enable_Snap_Layouts.reg,PRESENT_EXACT,Windows/Resources/NewComputerSetup/Win11Debloat-master/Win11Debloat-master/Regfiles/Undo/Enable_Snap_Layouts.reg,4accb492519e040297a66c09430414331eba917a5822d8fe0a19c4f5c483efa2
personal_PS_scripts.zip,personal_PS_scripts/windows master mega diag script/Windows-Master-Diagnostic-Toolkit/Resources/NewComputerSetup/new_computer_setup/Win11Debloat-master/Win11Debloat-master/Regfiles/Undo/Enable_Start_All_Apps.reg,PRESENT_EXACT,Windows/Resources/NewComputerSetup/Win11Debloat-master/Win11Debloat-master/Regfiles/Undo/Enable_Start_All_Apps.reg,63f879b3b9a2249ca6e2a41e18c0951c1a336d537003f3907e6de0fb68daa49c
personal_PS_scripts.zip,personal_PS_scripts/windows master mega diag script/Windows-Master-Diagnostic-Toolkit/Resources/NewComputerSetup/new_computer_setup/Win11Debloat-master/Win11Debloat-master/Regfiles/Undo/Enable_Start_Recommended.reg,PRESENT_EXACT,Windows/Resources/NewComputerSetup/Win11Debloat-master/Win11Debloat-master/Regfiles/Undo/Enable_Start_Recommended.reg,20d83c60f3aa9f47a0d5ced8116054086db92dfd24d01f09ed782459a4ba6957
personal_PS_scripts.zip,personal_PS_scripts/windows master mega diag script/Windows-Master-Diagnostic-Toolkit/Resources/NewComputerSetup/new_computer_setup/Win11Debloat-master/Win11Debloat-master/Regfiles/Undo/Enable_Sticky_Keys_Shortcut.reg,PRESENT_EXACT,Windows/Resources/NewComputerSetup/Win11Debloat-master/Win11Debloat-master/Regfiles/Undo/Enable_Sticky_Keys_Shortcut.reg,f632ba3945a07ea9e9a91f0c2f3a3e208c7884ef21cda99e3a8aa78af8867c53
personal_PS_scripts.zip,personal_PS_scripts/windows master mega diag script/Windows-Master-Diagnostic-Toolkit/Resources/NewComputerSetup/new_computer_setup/Win11Debloat-master/Win11Debloat-master/Regfiles/Undo/Enable_Storage_Sense.reg,PRESENT_EXACT,Windows/Resources/NewComputerSetup/Win11Debloat-master/Win11Debloat-master/Regfiles/Undo/Enable_Storage_Sense.reg,d7f5d591d84ef421e0653a073a1449c374f2ccc7d4c110a2f61162b5debc09c9
personal_PS_scripts.zip,personal_PS_scripts/windows master mega diag script/Windows-Master-Diagnostic-Toolkit/Resources/NewComputerSetup/new_computer_setup/Win11Debloat-master/Win11Debloat-master/Regfiles/Undo/Enable_Telemetry.reg,PRESENT_EXACT,Windows/Resources/NewComputerSetup/Win11Debloat-master/Win11Debloat-master/Regfiles/Undo/Enable_Telemetry.reg,47cea52289ec5287f67849cd5f7f5c95a58b8d462a81d10429b430269e166040
personal_PS_scripts.zip,personal_PS_scripts/windows master mega diag script/Windows-Master-Diagnostic-Toolkit/Resources/NewComputerSetup/new_computer_setup/Win11Debloat-master/Win11Debloat-master/Regfiles/Undo/Enable_Transparency.reg,PRESENT_EXACT,Windows/Resources/NewComputerSetup/Win11Debloat-master/Win11Debloat-master/Regfiles/Undo/Enable_Transparency.reg,5e94a44296b63a54f592f27b55d8596c219436b4ef2b7570023bd11cabce3155
personal_PS_scripts.zip,personal_PS_scripts/windows master mega diag script/Windows-Master-Diagnostic-Toolkit/Resources/NewComputerSetup/new_computer_setup/Win11Debloat-master/Win11Debloat-master/Regfiles/Undo/Enable_Update_ASAP.reg,PRESENT_EXACT,Windows/Resources/NewComputerSetup/Win11Debloat-master/Win11Debloat-master/Regfiles/Undo/Enable_Update_ASAP.reg,83de0215134a28967f23bd212ce2e8c702a57ccf705020e737b8f77675f11bdf
personal_PS_scripts.zip,personal_PS_scripts/windows master mega diag script/Windows-Master-Diagnostic-Toolkit/Resources/NewComputerSetup/new_computer_setup/Win11Debloat-master/Win11Debloat-master/Regfiles/Undo/Enable_W11_Style_Context_Menu.reg,PRESENT_EXACT,Windows/Resources/NewComputerSetup/Win11Debloat-master/Win11Debloat-master/Regfiles/Undo/Enable_W11_Style_Context_Menu.reg,dff753a0033d444826411fda4b729949bada511e89e260eb0f12cba0ac323e39
personal_PS_scripts.zip,personal_PS_scripts/windows master mega diag script/Windows-Master-Diagnostic-Toolkit/Resources/NewComputerSetup/new_computer_setup/Win11Debloat-master/Win11Debloat-master/Regfiles/Undo/Enable_Windows_Suggestions.reg,PRESENT_EXACT,Windows/Resources/NewComputerSetup/Win11Debloat-master/Win11Debloat-master/Regfiles/Undo/Enable_Windows_Suggestions.reg,095c586108aff5f069aa2837be738994ae57f70ec9eb7cd7fc173d8f20359ae3
personal_PS_scripts.zip,personal_PS_scripts/windows master mega diag script/Windows-Master-Diagnostic-Toolkit/Resources/NewComputerSetup/new_computer_setup/Win11Debloat-master/Win11Debloat-master/Regfiles/Undo/Enable_Window_Snapping.reg,PRESENT_EXACT,Windows/Resources/NewComputerSetup/Win11Debloat-master/Win11Debloat-master/Regfiles/Undo/Enable_Window_Snapping.reg,342088413bdea47284ec88f31125e542ee05a4ba0643636fba0e678ad6e48ffd
personal_PS_scripts.zip,personal_PS_scripts/windows master mega diag script/Windows-Master-Diagnostic-Toolkit/Resources/NewComputerSetup/new_computer_setup/Win11Debloat-master/Win11Debloat-master/Regfiles/Undo/Hide_Hidden_Folders.reg,PRESENT_EXACT,Windows/Resources/NewComputerSetup/Win11Debloat-master/Win11Debloat-master/Regfiles/Undo/Hide_Hidden_Folders.reg,507459cd65263fa89bb401052e508a3bdd8a426dcaeaedcc55d6480568b6f9dd
personal_PS_scripts.zip,personal_PS_scripts/windows master mega diag script/Windows-Master-Diagnostic-Toolkit/Resources/NewComputerSetup/new_computer_setup/Win11Debloat-master/Win11Debloat-master/Regfiles/Undo/Show_3D_Objects_Folder.reg,PRESENT_EXACT,Windows/Resources/NewComputerSetup/Win11Debloat-master/Win11Debloat-master/Regfiles/Undo/Show_3D_Objects_Folder.reg,6270c703c17b6178a122a66a4666cf2d09a69c48043ccb1c2ac63a1a33715589
personal_PS_scripts.zip,personal_PS_scripts/windows master mega diag script/Windows-Master-Diagnostic-Toolkit/Resources/NewComputerSetup/new_computer_setup/Win11Debloat-master/Win11Debloat-master/Regfiles/Undo/Show_Desktop_Spotlight_Icon.reg,PRESENT_EXACT,Windows/Resources/NewComputerSetup/Win11Debloat-master/Win11Debloat-master/Regfiles/Undo/Show_Desktop_Spotlight_Icon.reg,7e2b2ee0755497c1caccd1d6ca20f6e3cbccd4e5d791f9b888f9b89e9f984ff2
personal_PS_scripts.zip,personal_PS_scripts/windows master mega diag script/Windows-Master-Diagnostic-Toolkit/Resources/NewComputerSetup/new_computer_setup/Win11Debloat-master/Win11Debloat-master/Regfiles/Undo/Show_Drive_Letters_Last.reg,PRESENT_EXACT,Windows/Resources/NewComputerSetup/Win11Debloat-master/Win11Debloat-master/Regfiles/Show_Drive_Letters_Last.reg;Windows/Resources/NewComputerSetup/Win11Debloat-master/Win11Debloat-master/Regfiles/Undo/Show_Drive_Letters_Last.reg,c1178ac07bec82b55a2d6dfc3b8c62c5010a55684dcbad108ad7f7d1eada2409
personal_PS_scripts.zip,personal_PS_scripts/windows master mega diag script/Windows-Master-Diagnostic-Toolkit/Resources/NewComputerSetup/new_computer_setup/Win11Debloat-master/Win11Debloat-master/Regfiles/Undo/Show_Gallery_in_Explorer.reg,PRESENT_EXACT,Windows/Resources/NewComputerSetup/Win11Debloat-master/Win11Debloat-master/Regfiles/Undo/Show_Gallery_in_Explorer.reg,34a65489c9cbb0de468f355653e7f6ff9e385cf47cb025db939e1ad5835034e5
personal_PS_scripts.zip,personal_PS_scripts/windows master mega diag script/Windows-Master-Diagnostic-Toolkit/Resources/NewComputerSetup/new_computer_setup/Win11Debloat-master/Win11Debloat-master/Regfiles/Undo/Show_Home_in_Explorer.reg,PRESENT_EXACT,Windows/Resources/NewComputerSetup/Win11Debloat-master/Win11Debloat-master/Regfiles/Undo/Show_Home_in_Explorer.reg,d1cbcd3b88317bb67fa233b872d2128234de5be90c844623275b78f1fb657294
personal_PS_scripts.zip,personal_PS_scripts/windows master mega diag script/Windows-Master-Diagnostic-Toolkit/Resources/NewComputerSetup/new_computer_setup/Win11Debloat-master/Win11Debloat-master/Regfiles/Undo/Show_Music_Folder.reg,PRESENT_EXACT,Windows/Resources/NewComputerSetup/Win11Debloat-master/Win11Debloat-master/Regfiles/Undo/Show_Music_Folder.reg,dd726a194af3c5fd58caecaf10f7ed5d786ba657e7bc25aa2155e274a32f132c
personal_PS_scripts.zip,personal_PS_scripts/windows master mega diag script/Windows-Master-Diagnostic-Toolkit/Resources/NewComputerSetup/new_computer_setup/Win11Debloat-master/Win11Debloat-master/Regfiles/Undo/Show_Onedrive_folder.reg,PRESENT_EXACT,Windows/Resources/NewComputerSetup/Win11Debloat-master/Win11Debloat-master/Regfiles/Undo/Show_Onedrive_folder.reg,788cba9cf73daa8aaa8ce8b24bc2c521d8d380c58087a8fa39da69834aafbc3c
personal_PS_scripts.zip,personal_PS_scripts/windows master mega diag script/Windows-Master-Diagnostic-Toolkit/Resources/NewComputerSetup/new_computer_setup/Win11Debloat-master/Win11Debloat-master/Regfiles/Undo/Show_Taskview_Taskbar.reg,PRESENT_EXACT,Windows/Resources/NewComputerSetup/Win11Debloat-master/Win11Debloat-master/Regfiles/Undo/Show_Taskview_Taskbar.reg,93246788c2dab7327d78453ca7d38535321d5411726875770530e61d4c8f8f4b
personal_PS_scripts.zip,personal_PS_scripts/windows master mega diag script/Windows-Master-Diagnostic-Toolkit/Resources/NewComputerSetup/new_computer_setup/Win11Debloat-master/Win11Debloat-master/Schemas/AboutWindow.xaml,PRESENT_EXACT,Windows/Resources/NewComputerSetup/Win11Debloat-master/Win11Debloat-master/Schemas/AboutWindow.xaml,22f8c147b95c725455629b7d1845becb808002d34fc7929ce46751ba730ccb88
personal_PS_scripts.zip,personal_PS_scripts/windows master mega diag script/Windows-Master-Diagnostic-Toolkit/Resources/NewComputerSetup/new_computer_setup/Win11Debloat-master/Win11Debloat-master/Schemas/ApplyChangesWindow.xaml,PRESENT_EXACT,Windows/Resources/NewComputerSetup/Win11Debloat-master/Win11Debloat-master/Schemas/ApplyChangesWindow.xaml,3980f846c7c3dccbe308401f1240f539106b560f0500a9676a85f722cba0a23c
personal_PS_scripts.zip,personal_PS_scripts/windows master mega diag script/Windows-Master-Diagnostic-Toolkit/Resources/NewComputerSetup/new_computer_setup/Win11Debloat-master/Win11Debloat-master/Schemas/AppSelectionWindow.xaml,PRESENT_EXACT,Windows/Resources/NewComputerSetup/Win11Debloat-master/Win11Debloat-master/Schemas/AppSelectionWindow.xaml,97bb5734106951eb717297c4ef656020dc09cfbd13a675015583e1e0a7257b44
personal_PS_scripts.zip,personal_PS_scripts/windows master mega diag script/Windows-Master-Diagnostic-Toolkit/Resources/NewComputerSetup/new_computer_setup/Win11Debloat-master/Win11Debloat-master/Schemas/BubbleHint.xaml,PRESENT_EXACT,Windows/Resources/NewComputerSetup/Win11Debloat-master/Win11Debloat-master/Schemas/BubbleHint.xaml,38e9900c4ef030b769b88943eee8c9e801f8ce64c4b0206f3649a3eb62be32b3
personal_PS_scripts.zip,personal_PS_scripts/windows master mega diag script/Windows-Master-Diagnostic-Toolkit/Resources/NewComputerSetup/new_computer_setup/Win11Debloat-master/Win11Debloat-master/Schemas/ImportExportConfigWindow.xaml,PRESENT_EXACT,Windows/Resources/NewComputerSetup/Win11Debloat-master/Win11Debloat-master/Schemas/ImportExportConfigWindow.xaml,297f552d0698d72a90f6e210af70a8fb3d12f6bdd5265a14bee6adaf1ec299d4
personal_PS_scripts.zip,personal_PS_scripts/windows master mega diag script/Windows-Master-Diagnostic-Toolkit/Resources/NewComputerSetup/new_computer_setup/Win11Debloat-master/Win11Debloat-master/Schemas/MainWindow.xaml,PRESENT_EXACT,Windows/Resources/NewComputerSetup/Win11Debloat-master/Win11Debloat-master/Schemas/MainWindow.xaml,25298025bd0ac29fac049cbf8bf3a5c9bb2f0220043db81bd31dadff95cd150e
personal_PS_scripts.zip,personal_PS_scripts/windows master mega diag script/Windows-Master-Diagnostic-Toolkit/Resources/NewComputerSetup/new_computer_setup/Win11Debloat-master/Win11Debloat-master/Schemas/MessageBox.xaml,PRESENT_EXACT,Windows/Resources/NewComputerSetup/Win11Debloat-master/Win11Debloat-master/Schemas/MessageBox.xaml,e55d10853f1e6ad032b34ddcac8a074c5e9a426af9b16c1dbaba1f06feee4f76
personal_PS_scripts.zip,personal_PS_scripts/windows master mega diag script/Windows-Master-Diagnostic-Toolkit/Resources/NewComputerSetup/new_computer_setup/Win11Debloat-master/Win11Debloat-master/Schemas/RestoreBackupWindow.xaml,PRESENT_EXACT,Windows/Resources/NewComputerSetup/Win11Debloat-master/Win11Debloat-master/Schemas/RestoreBackupWindow.xaml,3bedae06e345472a2f81b8c74a2fe9044ff59c7cb5ca0de8f28a265f865b1e71
personal_PS_scripts.zip,personal_PS_scripts/windows master mega diag script/Windows-Master-Diagnostic-Toolkit/Resources/NewComputerSetup/new_computer_setup/Win11Debloat-master/Win11Debloat-master/Schemas/SharedStyles.xaml,PRESENT_EXACT,Windows/Resources/NewComputerSetup/Win11Debloat-master/Win11Debloat-master/Schemas/SharedStyles.xaml,909ac317ff3a26b84e220c35ffd7832b64d0bc12bfb86b6ca58161678545a2cb
personal_PS_scripts.zip,personal_PS_scripts/windows master mega diag script/Windows-Master-Diagnostic-Toolkit/Resources/NewComputerSetup/new_computer_setup/Win11Debloat-master/Win11Debloat-master/Scripts/Get.ps1,PRESENT_EXACT,Windows/Resources/NewComputerSetup/Win11Debloat-master/Win11Debloat-master/Scripts/Get.ps1,6b92ecfbc6d0c1ec0883e1c2685339f2a3e532796998e93118aff08cd21f299f
personal_PS_scripts.zip,personal_PS_scripts/windows master mega diag script/Windows-Master-Diagnostic-Toolkit/Resources/NewComputerSetup/new_computer_setup/Win11Debloat-master/Win11Debloat-master/Scripts/Run-Tests.ps1,PRESENT_EXACT,Windows/Resources/NewComputerSetup/Win11Debloat-master/Win11Debloat-master/Scripts/Run-Tests.ps1,64793dd7c67973bb9f2729a7b88c3bdb7e6fb3d24ad8e02ab0ca0e9bf21cd034
personal_PS_scripts.zip,personal_PS_scripts/windows master mega diag script/Windows-Master-Diagnostic-Toolkit/Resources/NewComputerSetup/new_computer_setup/Win11Debloat-master/Win11Debloat-master/Scripts/AppRemoval/Get-WingetInstalledApps.ps1,PRESENT_EXACT,Windows/Resources/NewComputerSetup/Win11Debloat-master/Win11Debloat-master/Scripts/AppRemoval/Get-WingetInstalledApps.ps1,e28713f6f8df6bc71c8b25b50f1cf1b99d42f1ca7161d5cbd9ab82515c6cc069
personal_PS_scripts.zip,personal_PS_scripts/windows master mega diag script/Windows-Master-Diagnostic-Toolkit/Resources/NewComputerSetup/new_computer_setup/Win11Debloat-master/Win11Debloat-master/Scripts/AppRemoval/Invoke-ForceRemoveEdge.ps1,PRESENT_EXACT,Windows/Resources/NewComputerSetup/Win11Debloat-master/Win11Debloat-master/Scripts/AppRemoval/Invoke-ForceRemoveEdge.ps1,601e8e7dd513eca990191cc841871a2d2fccb5a2992bc6bae375eed60e53285f
personal_PS_scripts.zip,personal_PS_scripts/windows master mega diag script/Windows-Master-Diagnostic-Toolkit/Resources/NewComputerSetup/new_computer_setup/Win11Debloat-master/Win11Debloat-master/Scripts/AppRemoval/Remove-SelectedApps.ps1,PRESENT_EXACT,Windows/Resources/NewComputerSetup/Win11Debloat-master/Win11Debloat-master/Scripts/AppRemoval/Remove-SelectedApps.ps1,4e9f10b59a5b504eb2d3004e59656f56749eef4fb3a2784a3a7e93424df00ae9
personal_PS_scripts.zip,personal_PS_scripts/windows master mega diag script/Windows-Master-Diagnostic-Toolkit/Resources/NewComputerSetup/new_computer_setup/Win11Debloat-master/Win11Debloat-master/Scripts/AppRemoval/Test-AppInWingetList.ps1,PRESENT_EXACT,Windows/Resources/NewComputerSetup/Win11Debloat-master/Win11Debloat-master/Scripts/AppRemoval/Test-AppInWingetList.ps1,a04846eaa51149b1586d897c2782029879dad524369a88e9fe8317abaf8bc126
personal_PS_scripts.zip,personal_PS_scripts/windows master mega diag script/Windows-Master-Diagnostic-Toolkit/Resources/NewComputerSetup/new_computer_setup/Win11Debloat-master/Win11Debloat-master/Scripts/CLI/Show-CliAppRemoval.ps1,PRESENT_EXACT,Windows/Resources/NewComputerSetup/Win11Debloat-master/Win11Debloat-master/Scripts/CLI/Show-CliAppRemoval.ps1,3daa794913f5e2eb0b3823344de0ea0da8605394565d96e75186383fa97fb3ce
personal_PS_scripts.zip,personal_PS_scripts/windows master mega diag script/Windows-Master-Diagnostic-Toolkit/Resources/NewComputerSetup/new_computer_setup/Win11Debloat-master/Win11Debloat-master/Scripts/CLI/Show-CliDefaultModeOptions.ps1,PRESENT_EXACT,Windows/Resources/NewComputerSetup/Win11Debloat-master/Win11Debloat-master/Scripts/CLI/Show-CliDefaultModeOptions.ps1,add2bfbf6ed4256758f2e7b3a0dbe4f26678a0cf6d6f9a535900c846134dab79
personal_PS_scripts.zip,personal_PS_scripts/windows master mega diag script/Windows-Master-Diagnostic-Toolkit/Resources/NewComputerSetup/new_computer_setup/Win11Debloat-master/Win11Debloat-master/Scripts/CLI/Show-CliLastUsedSettings.ps1,PRESENT_EXACT,Windows/Resources/NewComputerSetup/Win11Debloat-master/Win11Debloat-master/Scripts/CLI/Show-CliLastUsedSettings.ps1,d662e1a6b175238e5e3d87b26e19c046e62509d4b2b572a6641af1c2473732ec
personal_PS_scripts.zip,personal_PS_scripts/windows master mega diag script/Windows-Master-Diagnostic-Toolkit/Resources/NewComputerSetup/new_computer_setup/Win11Debloat-master/Win11Debloat-master/Scripts/CLI/Show-CliMenuOptions.ps1,PRESENT_EXACT,Windows/Resources/NewComputerSetup/Win11Debloat-master/Win11Debloat-master/Scripts/CLI/Show-CliMenuOptions.ps1,d51e602526375e1dcd6f36eb51f552a90e088eb9ac62f3518b880cbb75666d6e
personal_PS_scripts.zip,personal_PS_scripts/windows master mega diag script/Windows-Master-Diagnostic-Toolkit/Resources/NewComputerSetup/new_computer_setup/Win11Debloat-master/Win11Debloat-master/Scripts/CLI/Wait-ForKeyPress.ps1,PRESENT_EXACT,Windows/Resources/NewComputerSetup/Win11Debloat-master/Win11Debloat-master/Scripts/CLI/Wait-ForKeyPress.ps1,f1476068db81171a803480267fa6403b66282d2fc952e3aa8390fbc4db9a955e
personal_PS_scripts.zip,personal_PS_scripts/windows master mega diag script/Windows-Master-Diagnostic-Toolkit/Resources/NewComputerSetup/new_computer_setup/Win11Debloat-master/Win11Debloat-master/Scripts/CLI/Write-CliHeader.ps1,PRESENT_EXACT,Windows/Resources/NewComputerSetup/Win11Debloat-master/Win11Debloat-master/Scripts/CLI/Write-CliHeader.ps1,890a7f045039bfe94bdc39046189235ccb0873f5bb90ed4eabded8a91d2c90d8
personal_PS_scripts.zip,personal_PS_scripts/windows master mega diag script/Windows-Master-Diagnostic-Toolkit/Resources/NewComputerSetup/new_computer_setup/Win11Debloat-master/Win11Debloat-master/Scripts/CLI/Write-PendingChanges.ps1,PRESENT_EXACT,Windows/Resources/NewComputerSetup/Win11Debloat-master/Win11Debloat-master/Scripts/CLI/Write-PendingChanges.ps1,ae606b25ab3948cd7b58c0c7be399dea24a01ff13c2156238dc1ab13fdee15b6
personal_PS_scripts.zip,personal_PS_scripts/windows master mega diag script/Windows-Master-Diagnostic-Toolkit/Resources/NewComputerSetup/new_computer_setup/Win11Debloat-master/Win11Debloat-master/Scripts/Features/Backup-RegistryState.ps1,PRESENT_EXACT,Windows/Resources/NewComputerSetup/Win11Debloat-master/Win11Debloat-master/Scripts/Features/Backup-RegistryState.ps1,f3cc1082a7ec49406bba9945af1bf198adebfee17eeb45c8c6d46a1ed0e0d3dc
personal_PS_scripts.zip,personal_PS_scripts/windows master mega diag script/Windows-Master-Diagnostic-Toolkit/Resources/NewComputerSetup/new_computer_setup/Win11Debloat-master/Win11Debloat-master/Scripts/Features/Get-CurrentTweakState.ps1,PRESENT_EXACT,Windows/Resources/NewComputerSetup/Win11Debloat-master/Win11Debloat-master/Scripts/Features/Get-CurrentTweakState.ps1,1f3151ee4b8bfeb2e364b34746177fb03ecaf93b8ccc16605a1c452597ca2464
personal_PS_scripts.zip,personal_PS_scripts/windows master mega diag script/Windows-Master-Diagnostic-Toolkit/Resources/NewComputerSetup/new_computer_setup/Win11Debloat-master/Win11Debloat-master/Scripts/Features/Import-RegistryFile.ps1,PRESENT_EXACT,Windows/Resources/NewComputerSetup/Win11Debloat-master/Win11Debloat-master/Scripts/Features/Import-RegistryFile.ps1,2835e72825f41410285391efc850e1a6f0618dee9935e257edc505b49973bcf2
personal_PS_scripts.zip,personal_PS_scripts/windows master mega diag script/Windows-Master-Diagnostic-Toolkit/Resources/NewComputerSetup/new_computer_setup/Win11Debloat-master/Win11Debloat-master/Scripts/Features/Invoke-Changes.ps1,PRESENT_EXACT,Windows/Resources/NewComputerSetup/Win11Debloat-master/Win11Debloat-master/Scripts/Features/Invoke-Changes.ps1,579d337051f2a327d8cb7d20159c4d170757760920bcdfa878685b659a8c0726
personal_PS_scripts.zip,personal_PS_scripts/windows master mega diag script/Windows-Master-Diagnostic-Toolkit/Resources/NewComputerSetup/new_computer_setup/Win11Debloat-master/Win11Debloat-master/Scripts/Features/Invoke-RestartExplorer.ps1,PRESENT_EXACT,Windows/Resources/NewComputerSetup/Win11Debloat-master/Win11Debloat-master/Scripts/Features/Invoke-RestartExplorer.ps1,1ab33512fd141e15245c117fda10e05330b2507fbe6795fc1a4c25b5ec5efd1d
personal_PS_scripts.zip,personal_PS_scripts/windows master mega diag script/Windows-Master-Diagnostic-Toolkit/Resources/NewComputerSetup/new_computer_setup/Win11Debloat-master/Win11Debloat-master/Scripts/Features/Invoke-SystemRestorePoint.ps1,PRESENT_EXACT,Windows/Resources/NewComputerSetup/Win11Debloat-master/Win11Debloat-master/Scripts/Features/Invoke-SystemRestorePoint.ps1,098f34290ce21e8dcfa098ed1e7182ecc3224cf0878e3ca1c787ad04bc8ff32b
personal_PS_scripts.zip,personal_PS_scripts/windows master mega diag script/Windows-Master-Diagnostic-Toolkit/Resources/NewComputerSetup/new_computer_setup/Win11Debloat-master/Win11Debloat-master/Scripts/Features/Registry-BackupValidation.ps1,PRESENT_EXACT,Windows/Resources/NewComputerSetup/Win11Debloat-master/Win11Debloat-master/Scripts/Features/Registry-BackupValidation.ps1,4f04b9e0bd53ad2c2ae5a5a368da2c533f84249c88289bd7c42ba6bf021f34d4
personal_PS_scripts.zip,personal_PS_scripts/windows master mega diag script/Windows-Master-Diagnostic-Toolkit/Resources/NewComputerSetup/new_computer_setup/Win11Debloat-master/Win11Debloat-master/Scripts/Features/Replace-StartMenu.ps1,PRESENT_EXACT,Windows/Resources/NewComputerSetup/Win11Debloat-master/Win11Debloat-master/Scripts/Features/Replace-StartMenu.ps1,f7d1ea9788efb81fb19b5c33f8b6fcc9af49d3b59820c8b3c3ed47de2cfb0d62
personal_PS_scripts.zip,personal_PS_scripts/windows master mega diag script/Windows-Master-Diagnostic-Toolkit/Resources/NewComputerSetup/new_computer_setup/Win11Debloat-master/Win11Debloat-master/Scripts/Features/Restore-RegistryApplyState.ps1,PRESENT_EXACT,Windows/Resources/NewComputerSetup/Win11Debloat-master/Win11Debloat-master/Scripts/Features/Restore-RegistryApplyState.ps1,8721bf7e1b1055cfd609d3071897e58a011934b49a076e29db1fbc250de51991
personal_PS_scripts.zip,personal_PS_scripts/windows master mega diag script/Windows-Master-Diagnostic-Toolkit/Resources/NewComputerSetup/new_computer_setup/Win11Debloat-master/Win11Debloat-master/Scripts/Features/Restore-RegistryBackup.ps1,PRESENT_EXACT,Windows/Resources/NewComputerSetup/Win11Debloat-master/Win11Debloat-master/Scripts/Features/Restore-RegistryBackup.ps1,b569e44258740479764973945e746c878bd4931fcf5454c5f3a0212f4b44c8b0
personal_PS_scripts.zip,personal_PS_scripts/windows master mega diag script/Windows-Master-Diagnostic-Toolkit/Resources/NewComputerSetup/new_computer_setup/Win11Debloat-master/Win11Debloat-master/Scripts/Features/Set-StoreSearchSuggestions.ps1,PRESENT_EXACT,Windows/Resources/NewComputerSetup/Win11Debloat-master/Win11Debloat-master/Scripts/Features/Set-StoreSearchSuggestions.ps1,b09c2f4e0c2305a7c48ad2ee7cf2048c2281733a42f6607f788d063ce68d2813
personal_PS_scripts.zip,personal_PS_scripts/windows master mega diag script/Windows-Master-Diagnostic-Toolkit/Resources/NewComputerSetup/new_computer_setup/Win11Debloat-master/Win11Debloat-master/Scripts/Features/Telemetry-ScheduledTasks.ps1,PRESENT_EXACT,Windows/Resources/NewComputerSetup/Win11Debloat-master/Win11Debloat-master/Scripts/Features/Telemetry-ScheduledTasks.ps1,7cd4ded6003cc11513a75eafd7211d57cb7441d064c55a89bd56ccc763bca568
personal_PS_scripts.zip,personal_PS_scripts/windows master mega diag script/Windows-Master-Diagnostic-Toolkit/Resources/NewComputerSetup/new_computer_setup/Win11Debloat-master/Win11Debloat-master/Scripts/Features/Windows-OptionalFeatures.ps1,PRESENT_EXACT,Windows/Resources/NewComputerSetup/Win11Debloat-master/Win11Debloat-master/Scripts/Features/Windows-OptionalFeatures.ps1,a6f3257070c010540d99ca5853bbd33fd59c4af2088fc89524d0c1a369fcb283
personal_PS_scripts.zip,personal_PS_scripts/windows master mega diag script/Windows-Master-Diagnostic-Toolkit/Resources/NewComputerSetup/new_computer_setup/Win11Debloat-master/Win11Debloat-master/Scripts/FileIO/Get-ValidatedAppList.ps1,PRESENT_EXACT,Windows/Resources/NewComputerSetup/Win11Debloat-master/Win11Debloat-master/Scripts/FileIO/Get-ValidatedAppList.ps1,52eb054f44b419b2cca790dfc27a03639bfda58400c47fe5570b5b5d2779ee7b
personal_PS_scripts.zip,personal_PS_scripts/windows master mega diag script/Windows-Master-Diagnostic-Toolkit/Resources/NewComputerSetup/new_computer_setup/Win11Debloat-master/Win11Debloat-master/Scripts/FileIO/Import-AppDetailsFromJson.ps1,PRESENT_EXACT,Windows/Resources/NewComputerSetup/Win11Debloat-master/Win11Debloat-master/Scripts/FileIO/Import-AppDetailsFromJson.ps1,c77417c84f1feba2329f96e870a0a559e8a6871eac05a63332fc9b595fa3f3c0
personal_PS_scripts.zip,personal_PS_scripts/windows master mega diag script/Windows-Master-Diagnostic-Toolkit/Resources/NewComputerSetup/new_computer_setup/Win11Debloat-master/Win11Debloat-master/Scripts/FileIO/Import-AppPresetsFromJson.ps1,PRESENT_EXACT,Windows/Resources/NewComputerSetup/Win11Debloat-master/Win11Debloat-master/Scripts/FileIO/Import-AppPresetsFromJson.ps1,1e3b61466c61dbebf6f2bec534d504989dec9e777e14554d4ab0ab6ce3a75399
personal_PS_scripts.zip,personal_PS_scripts/windows master mega diag script/Windows-Master-Diagnostic-Toolkit/Resources/NewComputerSetup/new_computer_setup/Win11Debloat-master/Win11Debloat-master/Scripts/FileIO/Import-AppsFromFile.ps1,PRESENT_EXACT,Windows/Resources/NewComputerSetup/Win11Debloat-master/Win11Debloat-master/Scripts/FileIO/Import-AppsFromFile.ps1,95cae66b19e43d8ed90273b6dc6eeedfb76b24f2aa140fea3e0a8a2195b3ae90
personal_PS_scripts.zip,personal_PS_scripts/windows master mega diag script/Windows-Master-Diagnostic-Toolkit/Resources/NewComputerSetup/new_computer_setup/Win11Debloat-master/Win11Debloat-master/Scripts/FileIO/Import-JsonFile.ps1,PRESENT_EXACT,Windows/Resources/NewComputerSetup/Win11Debloat-master/Win11Debloat-master/Scripts/FileIO/Import-JsonFile.ps1,a269ebb176ff781304ee229b618d4893c738810e4522bfd5b119cb5803511308
personal_PS_scripts.zip,personal_PS_scripts/windows master mega diag script/Windows-Master-Diagnostic-Toolkit/Resources/NewComputerSetup/new_computer_setup/Win11Debloat-master/Win11Debloat-master/Scripts/FileIO/Import-Settings.ps1,PRESENT_EXACT,Windows/Resources/NewComputerSetup/Win11Debloat-master/Win11Debloat-master/Scripts/FileIO/Import-Settings.ps1,dd19035422f756835aa75ce863eda29a9e1fb2117b27d3379066f30c407b7971
personal_PS_scripts.zip,personal_PS_scripts/windows master mega diag script/Windows-Master-Diagnostic-Toolkit/Resources/NewComputerSetup/new_computer_setup/Win11Debloat-master/Win11Debloat-master/Scripts/FileIO/Save-Settings.ps1,PRESENT_EXACT,Windows/Resources/NewComputerSetup/Win11Debloat-master/Win11Debloat-master/Scripts/FileIO/Save-Settings.ps1,0e3ca9a32af661e59c7f8587201988a98b3343c0194d031ddfc4ac3d20f4faeb
personal_PS_scripts.zip,personal_PS_scripts/windows master mega diag script/Windows-Master-Diagnostic-Toolkit/Resources/NewComputerSetup/new_computer_setup/Win11Debloat-master/Win11Debloat-master/Scripts/FileIO/Save-ToFile.ps1,PRESENT_EXACT,Windows/Resources/NewComputerSetup/Win11Debloat-master/Win11Debloat-master/Scripts/FileIO/Save-ToFile.ps1,9c1ce25f1e8ef34011496bb2dd6427bda08c68821e5b4d473b0c1021e339b9b7
personal_PS_scripts.zip,personal_PS_scripts/windows master mega diag script/Windows-Master-Diagnostic-Toolkit/Resources/NewComputerSetup/new_computer_setup/Win11Debloat-master/Win11Debloat-master/Scripts/GUI/Apply-SettingsToUiControls.ps1,PRESENT_EXACT,Windows/Resources/NewComputerSetup/Win11Debloat-master/Win11Debloat-master/Scripts/GUI/Apply-SettingsToUiControls.ps1,20d79e4fe4d3afbba3624653966df67cdea2153563143054088c0cec0b89ee8b
personal_PS_scripts.zip,personal_PS_scripts/windows master mega diag script/Windows-Master-Diagnostic-Toolkit/Resources/NewComputerSetup/new_computer_setup/Win11Debloat-master/Win11Debloat-master/Scripts/GUI/Attach-ShiftClickBehavior.ps1,PRESENT_EXACT,Windows/Resources/NewComputerSetup/Win11Debloat-master/Win11Debloat-master/Scripts/GUI/Attach-ShiftClickBehavior.ps1,e014f47e74a3c3fd1c59d9939929ffee836ad1f52aed3b5c25ed751d7712de0e
personal_PS_scripts.zip,personal_PS_scripts/windows master mega diag script/Windows-Master-Diagnostic-Toolkit/Resources/NewComputerSetup/new_computer_setup/Win11Debloat-master/Win11Debloat-master/Scripts/GUI/Get-SystemUsesDarkMode.ps1,PRESENT_EXACT,Windows/Resources/NewComputerSetup/Win11Debloat-master/Win11Debloat-master/Scripts/GUI/Get-SystemUsesDarkMode.ps1,f2d6a61d7b1e7cfe8da137ff0a1a4b4065e02f0c3decbc37fb27b6cc9e56588a
personal_PS_scripts.zip,personal_PS_scripts/windows master mega diag script/Windows-Master-Diagnostic-Toolkit/Resources/NewComputerSetup/new_computer_setup/Win11Debloat-master/Win11Debloat-master/Scripts/GUI/MainWindow-AppSelection.ps1,PRESENT_EXACT,Windows/Resources/NewComputerSetup/Win11Debloat-master/Win11Debloat-master/Scripts/GUI/MainWindow-AppSelection.ps1,6540ea951586abd3b6d6ff0ebf8423cf044001f6f637b000982de51e6cd93f0a
personal_PS_scripts.zip,personal_PS_scripts/windows master mega diag script/Windows-Master-Diagnostic-Toolkit/Resources/NewComputerSetup/new_computer_setup/Win11Debloat-master/Win11Debloat-master/Scripts/GUI/MainWindow-Deployment.ps1,PRESENT_EXACT,Windows/Resources/NewComputerSetup/Win11Debloat-master/Win11Debloat-master/Scripts/GUI/MainWindow-Deployment.ps1,ed17b55a8d47a5e5db5fc19c276ce60ac925969152145b55eb3d597aca68140d
personal_PS_scripts.zip,personal_PS_scripts/windows master mega diag script/Windows-Master-Diagnostic-Toolkit/Resources/NewComputerSetup/new_computer_setup/Win11Debloat-master/Win11Debloat-master/Scripts/GUI/MainWindow-Navigation.ps1,PRESENT_EXACT,Windows/Resources/NewComputerSetup/Win11Debloat-master/Win11Debloat-master/Scripts/GUI/MainWindow-Navigation.ps1,5b92ff809520a3df52b3e4be43e56398076d623437cd61a780f2095f76025c8a
personal_PS_scripts.zip,personal_PS_scripts/windows master mega diag script/Windows-Master-Diagnostic-Toolkit/Resources/NewComputerSetup/new_computer_setup/Win11Debloat-master/Win11Debloat-master/Scripts/GUI/MainWindow-TweaksBuilder.ps1,PRESENT_EXACT,Windows/Resources/NewComputerSetup/Win11Debloat-master/Win11Debloat-master/Scripts/GUI/MainWindow-TweaksBuilder.ps1,a9993676d9b2e50d905fae1de728c45694beb13da72f85b8eb9c0130de363cc1
personal_PS_scripts.zip,personal_PS_scripts/windows master mega diag script/Windows-Master-Diagnostic-Toolkit/Resources/NewComputerSetup/new_computer_setup/Win11Debloat-master/Win11Debloat-master/Scripts/GUI/MainWindow-WindowChrome.ps1,PRESENT_EXACT,Windows/Resources/NewComputerSetup/Win11Debloat-master/Win11Debloat-master/Scripts/GUI/MainWindow-WindowChrome.ps1,0915f7b3e888c52e82774ce22274c826d377b910973c5e6de29354278df24f44
personal_PS_scripts.zip,personal_PS_scripts/windows master mega diag script/Windows-Master-Diagnostic-Toolkit/Resources/NewComputerSetup/new_computer_setup/Win11Debloat-master/Win11Debloat-master/Scripts/GUI/Restore-BackupDialogFeatureLists.ps1,PRESENT_EXACT,Windows/Resources/NewComputerSetup/Win11Debloat-master/Win11Debloat-master/Scripts/GUI/Restore-BackupDialogFeatureLists.ps1,4bec5e9bdc4efb15f580cda7c37e6de22a652cba16434e3b7d5ebfcf2f73cdf2
personal_PS_scripts.zip,personal_PS_scripts/windows master mega diag script/Windows-Master-Diagnostic-Toolkit/Resources/NewComputerSetup/new_computer_setup/Win11Debloat-master/Win11Debloat-master/Scripts/GUI/Set-WindowThemeResources.ps1,PRESENT_EXACT,Windows/Resources/NewComputerSetup/Win11Debloat-master/Win11Debloat-master/Scripts/GUI/Set-WindowThemeResources.ps1,ddbfd07bd2a2063094a9bcedef6f84e725220ee10f52bc42c00362abf9bb4b38
personal_PS_scripts.zip,personal_PS_scripts/windows master mega diag script/Windows-Master-Diagnostic-Toolkit/Resources/NewComputerSetup/new_computer_setup/Win11Debloat-master/Win11Debloat-master/Scripts/GUI/Show-AboutDialog.ps1,PRESENT_EXACT,Windows/Resources/NewComputerSetup/Win11Debloat-master/Win11Debloat-master/Scripts/GUI/Show-AboutDialog.ps1,b70711604ebdf1d32ad913aed67841bd26902a3167bb45cb8ce3b29835e528dd
personal_PS_scripts.zip,personal_PS_scripts/windows master mega diag script/Windows-Master-Diagnostic-Toolkit/Resources/NewComputerSetup/new_computer_setup/Win11Debloat-master/Win11Debloat-master/Scripts/GUI/Show-ApplyModal.ps1,PRESENT_EXACT,Windows/Resources/NewComputerSetup/Win11Debloat-master/Win11Debloat-master/Scripts/GUI/Show-ApplyModal.ps1,5c136017aa05f4468a8d18ad117e33457b737882ce4f705cd8c12898208f7169
personal_PS_scripts.zip,personal_PS_scripts/windows master mega diag script/Windows-Master-Diagnostic-Toolkit/Resources/NewComputerSetup/new_computer_setup/Win11Debloat-master/Win11Debloat-master/Scripts/GUI/Show-AppSelectionWindow.ps1,PRESENT_EXACT,Windows/Resources/NewComputerSetup/Win11Debloat-master/Win11Debloat-master/Scripts/GUI/Show-AppSelectionWindow.ps1,590c895fb75a9915bdd72eb2ba4df0745f1dcf03ce16b21ac0963830bb23f681
personal_PS_scripts.zip,personal_PS_scripts/windows master mega diag script/Windows-Master-Diagnostic-Toolkit/Resources/NewComputerSetup/new_computer_setup/Win11Debloat-master/Win11Debloat-master/Scripts/GUI/Show-Bubble.ps1,PRESENT_EXACT,Windows/Resources/NewComputerSetup/Win11Debloat-master/Win11Debloat-master/Scripts/GUI/Show-Bubble.ps1,32a85db870b825803c064d3a765646f8301e238251cff3e5e48e8ba9369a6f93
personal_PS_scripts.zip,personal_PS_scripts/windows master mega diag script/Windows-Master-Diagnostic-Toolkit/Resources/NewComputerSetup/new_computer_setup/Win11Debloat-master/Win11Debloat-master/Scripts/GUI/Show-ImportExportConfigWindow.ps1,PRESENT_EXACT,Windows/Resources/NewComputerSetup/Win11Debloat-master/Win11Debloat-master/Scripts/GUI/Show-ImportExportConfigWindow.ps1,8272e10434f061ae42b908ba7fedebea87073963e9d05d03bee444400a55ecd4
personal_PS_scripts.zip,personal_PS_scripts/windows master mega diag script/Windows-Master-Diagnostic-Toolkit/Resources/NewComputerSetup/new_computer_setup/Win11Debloat-master/Win11Debloat-master/Scripts/GUI/Show-MainWindow.ps1,PRESENT_EXACT,Windows/Resources/NewComputerSetup/Win11Debloat-master/Win11Debloat-master/Scripts/GUI/Show-MainWindow.ps1,cfdcb00faf331b2b749d37336441a3551dc7b0a6f32617b9d6332bc8122e0218
personal_PS_scripts.zip,personal_PS_scripts/windows master mega diag script/Windows-Master-Diagnostic-Toolkit/Resources/NewComputerSetup/new_computer_setup/Win11Debloat-master/Win11Debloat-master/Scripts/GUI/Show-MessageBox.ps1,PRESENT_EXACT,Windows/Resources/NewComputerSetup/Win11Debloat-master/Win11Debloat-master/Scripts/GUI/Show-MessageBox.ps1,5683db5ebd70f2006bc404f2c254700416dbd825d3de16191e96968bba6a1ca3
personal_PS_scripts.zip,personal_PS_scripts/windows master mega diag script/Windows-Master-Diagnostic-Toolkit/Resources/NewComputerSetup/new_computer_setup/Win11Debloat-master/Win11Debloat-master/Scripts/GUI/Show-RestoreBackupDialog.ps1,PRESENT_EXACT,Windows/Resources/NewComputerSetup/Win11Debloat-master/Win11Debloat-master/Scripts/GUI/Show-RestoreBackupDialog.ps1,f04592548af8db94e9ba818b119647ebd6246fc0a28faea55a6b50b4b97a5378
personal_PS_scripts.zip,personal_PS_scripts/windows master mega diag script/Windows-Master-Diagnostic-Toolkit/Resources/NewComputerSetup/new_computer_setup/Win11Debloat-master/Win11Debloat-master/Scripts/GUI/Show-RestoreBackupWindow.ps1,PRESENT_EXACT,Windows/Resources/NewComputerSetup/Win11Debloat-master/Win11Debloat-master/Scripts/GUI/Show-RestoreBackupWindow.ps1,81813e634c94a2afff043ed618ec49842dae709f70bda0eb2cde36aa932cf8a1
personal_PS_scripts.zip,personal_PS_scripts/windows master mega diag script/Windows-Master-Diagnostic-Toolkit/Resources/NewComputerSetup/new_computer_setup/Win11Debloat-master/Win11Debloat-master/Scripts/Helpers/Add-Parameter.ps1,PRESENT_EXACT,Windows/Resources/NewComputerSetup/Win11Debloat-master/Win11Debloat-master/Scripts/Helpers/Add-Parameter.ps1,6aa16d56c614007f97a89d0fd142013f1213adfb082a995d05c3630451664f41
personal_PS_scripts.zip,personal_PS_scripts/windows master mega diag script/Windows-Master-Diagnostic-Toolkit/Resources/NewComputerSetup/new_computer_setup/Win11Debloat-master/Win11Debloat-master/Scripts/Helpers/Apply-RegistryRegFile.ps1,PRESENT_EXACT,Windows/Resources/NewComputerSetup/Win11Debloat-master/Win11Debloat-master/Scripts/Helpers/Apply-RegistryRegFile.ps1,1ac7689ef88d1802ed6aa5ba0734e601e47e0dbbaa54cd26b7e380e3a1827594
personal_PS_scripts.zip,personal_PS_scripts/windows master mega diag script/Windows-Master-Diagnostic-Toolkit/Resources/NewComputerSetup/new_computer_setup/Win11Debloat-master/Win11Debloat-master/Scripts/Helpers/Confirm-UnsafeAppRemoval.ps1,PRESENT_EXACT,Windows/Resources/NewComputerSetup/Win11Debloat-master/Win11Debloat-master/Scripts/Helpers/Confirm-UnsafeAppRemoval.ps1,2a22db7728256ffdff219d0dec6067c3e497ae739f328669f4163ae141fdb868
personal_PS_scripts.zip,personal_PS_scripts/windows master mega diag script/Windows-Master-Diagnostic-Toolkit/Resources/NewComputerSetup/new_computer_setup/Win11Debloat-master/Win11Debloat-master/Scripts/Helpers/Generate-AppsList.ps1,PRESENT_EXACT,Windows/Resources/NewComputerSetup/Win11Debloat-master/Win11Debloat-master/Scripts/Helpers/Generate-AppsList.ps1,b800f0a22a40b28f9d92ac927b0436f733625930e44112c725e0e212e0b70481
personal_PS_scripts.zip,personal_PS_scripts/windows master mega diag script/Windows-Master-Diagnostic-Toolkit/Resources/NewComputerSetup/new_computer_setup/Win11Debloat-master/Win11Debloat-master/Scripts/Helpers/Get-FriendlyTargetUserName.ps1,PRESENT_EXACT,Windows/Resources/NewComputerSetup/Win11Debloat-master/Win11Debloat-master/Scripts/Helpers/Get-FriendlyTargetUserName.ps1,4e28c7f36cf3be61c5a5a5052a9476c8bf4621554b619ef81c768ec0a0679a36
personal_PS_scripts.zip,personal_PS_scripts/windows master mega diag script/Windows-Master-Diagnostic-Toolkit/Resources/NewComputerSetup/new_computer_setup/Win11Debloat-master/Win11Debloat-master/Scripts/Helpers/Get-RebootFeatureLabels.ps1,PRESENT_EXACT,Windows/Resources/NewComputerSetup/Win11Debloat-master/Win11Debloat-master/Scripts/Helpers/Get-RebootFeatureLabels.ps1,f52c9d3e33c96d0b3a741337fb5725fd45cc8b6f41969f2a957740fc88d3dfbf
personal_PS_scripts.zip,personal_PS_scripts/windows master mega diag script/Windows-Master-Diagnostic-Toolkit/Resources/NewComputerSetup/new_computer_setup/Win11Debloat-master/Win11Debloat-master/Scripts/Helpers/Get-RegFileOperations.ps1,PRESENT_EXACT,Windows/Resources/NewComputerSetup/Win11Debloat-master/Win11Debloat-master/Scripts/Helpers/Get-RegFileOperations.ps1,26cfe66dd0a9e636eebfa6ccd01deba1795afa8f8ee6dc3d42837960d10cf77d
personal_PS_scripts.zip,personal_PS_scripts/windows master mega diag script/Windows-Master-Diagnostic-Toolkit/Resources/NewComputerSetup/new_computer_setup/Win11Debloat-master/Win11Debloat-master/Scripts/Helpers/Get-TargetUserForAppRemoval.ps1,PRESENT_EXACT,Windows/Resources/NewComputerSetup/Win11Debloat-master/Win11Debloat-master/Scripts/Helpers/Get-TargetUserForAppRemoval.ps1,71cf9eeb1b6bbb877ad6cb0307589fb3169fa3a84b7f48e7417e27cdb17541d7
personal_PS_scripts.zip,personal_PS_scripts/windows master mega diag script/Windows-Master-Diagnostic-Toolkit/Resources/NewComputerSetup/new_computer_setup/Win11Debloat-master/Win11Debloat-master/Scripts/Helpers/Get-UserDirectory.ps1,PRESENT_EXACT,Windows/Resources/NewComputerSetup/Win11Debloat-master/Win11Debloat-master/Scripts/Helpers/Get-UserDirectory.ps1,29ce985d0bdbc16a0086b8aa61674377571fd62fd75bb07f140aae664b369315
personal_PS_scripts.zip,personal_PS_scripts/windows master mega diag script/Windows-Master-Diagnostic-Toolkit/Resources/NewComputerSetup/new_computer_setup/Win11Debloat-master/Win11Debloat-master/Scripts/Helpers/Get-UserName.ps1,PRESENT_EXACT,Windows/Resources/NewComputerSetup/Win11Debloat-master/Win11Debloat-master/Scripts/Helpers/Get-UserName.ps1,c586d689fa92feefcd9ed10569f354477d068e4f12f156bb9eb2ae4a8ad9f062
personal_PS_scripts.zip,personal_PS_scripts/windows master mega diag script/Windows-Master-Diagnostic-Toolkit/Resources/NewComputerSetup/new_computer_setup/Win11Debloat-master/Win11Debloat-master/Scripts/Helpers/Import-ConfigToParams.ps1,PRESENT_EXACT,Windows/Resources/NewComputerSetup/Win11Debloat-master/Win11Debloat-master/Scripts/Helpers/Import-ConfigToParams.ps1,2c367634dabf16abcecb24dc9cb199071b1877fd372109ecce5f528a0f43cd17
personal_PS_scripts.zip,personal_PS_scripts/windows master mega diag script/Windows-Master-Diagnostic-Toolkit/Resources/NewComputerSetup/new_computer_setup/Win11Debloat-master/Win11Debloat-master/Scripts/Helpers/Registry-PathHelpers.ps1,PRESENT_EXACT,Windows/Resources/NewComputerSetup/Win11Debloat-master/Win11Debloat-master/Scripts/Helpers/Registry-PathHelpers.ps1,6eba84d1a529b621c4ef5871f456d55f8c93d737b0b91bd09d75a1ab3934120b
personal_PS_scripts.zip,personal_PS_scripts/windows master mega diag script/Windows-Master-Diagnostic-Toolkit/Resources/NewComputerSetup/new_computer_setup/Win11Debloat-master/Win11Debloat-master/Scripts/Helpers/Resolve-UserProfilePath.ps1,PRESENT_EXACT,Windows/Resources/NewComputerSetup/Win11Debloat-master/Win11Debloat-master/Scripts/Helpers/Resolve-UserProfilePath.ps1,b5a97dfbe03c203b5a0fde58d7cce6e77f61240b30592be2e3bf0cee9280584c
personal_PS_scripts.zip,personal_PS_scripts/windows master mega diag script/Windows-Master-Diagnostic-Toolkit/Resources/NewComputerSetup/new_computer_setup/Win11Debloat-master/Win11Debloat-master/Scripts/Helpers/Test-ConfigConsistency.ps1,PRESENT_EXACT,Windows/Resources/NewComputerSetup/Win11Debloat-master/Win11Debloat-master/Scripts/Helpers/Test-ConfigConsistency.ps1,dcc18edb223d2030c3743639cc5e2463fa0b7415d758217fd03d3e2d67d11edc
personal_PS_scripts.zip,personal_PS_scripts/windows master mega diag script/Windows-Master-Diagnostic-Toolkit/Resources/NewComputerSetup/new_computer_setup/Win11Debloat-master/Win11Debloat-master/Scripts/Helpers/Test-ModernStandbySupport.ps1,PRESENT_EXACT,Windows/Resources/NewComputerSetup/Win11Debloat-master/Win11Debloat-master/Scripts/Helpers/Test-ModernStandbySupport.ps1,b9a254e7486a395181e422a74c605717f8d1e573caa88eda33caba7a02aaa4e7
personal_PS_scripts.zip,personal_PS_scripts/windows master mega diag script/Windows-Master-Diagnostic-Toolkit/Resources/NewComputerSetup/new_computer_setup/Win11Debloat-master/Win11Debloat-master/Scripts/Helpers/Test-TargetUserName.ps1,PRESENT_EXACT,Windows/Resources/NewComputerSetup/Win11Debloat-master/Win11Debloat-master/Scripts/Helpers/Test-TargetUserName.ps1,45621b4e52d60d964d88eeb18d319c7123f8907f556d002b20780f516a50fa9d
personal_PS_scripts.zip,personal_PS_scripts/windows master mega diag script/Windows-Master-Diagnostic-Toolkit/Resources/NewComputerSetup/new_computer_setup/Win11Debloat-master/Win11Debloat-master/Scripts/Helpers/Test-UserProfileExists.ps1,PRESENT_EXACT,Windows/Resources/NewComputerSetup/Win11Debloat-master/Win11Debloat-master/Scripts/Helpers/Test-UserProfileExists.ps1,567caf112503cd7153eb500f4654bd3ef4a896d968e6be8be3830bb59d79b2a7
personal_PS_scripts.zip,personal_PS_scripts/windows master mega diag script/Windows-Master-Diagnostic-Toolkit/Resources/NewComputerSetup/new_computer_setup/Win11Debloat-master/Win11Debloat-master/Scripts/Helpers/User-HiveHelpers.ps1,PRESENT_EXACT,Windows/Resources/NewComputerSetup/Win11Debloat-master/Win11Debloat-master/Scripts/Helpers/User-HiveHelpers.ps1,fd89096cb1d81891f7087e138259f7f591e46a80443a42bc471583dad8152936
personal_PS_scripts.zip,personal_PS_scripts/windows master mega diag script/Windows-Master-Diagnostic-Toolkit/Resources/NewComputerSetup/new_computer_setup/Win11Debloat-master/Win11Debloat-master/Scripts/Threading/Invoke-DoEvents.ps1,PRESENT_EXACT,Windows/Resources/NewComputerSetup/Win11Debloat-master/Win11Debloat-master/Scripts/Threading/Invoke-DoEvents.ps1,3fabf05cf85f0ff6b46cc2978c697390aeed5cbf20a569687dfdb1e0893fcbc8
personal_PS_scripts.zip,personal_PS_scripts/windows master mega diag script/Windows-Master-Diagnostic-Toolkit/Resources/NewComputerSetup/new_computer_setup/Win11Debloat-master/Win11Debloat-master/Scripts/Threading/Invoke-NonBlocking.ps1,PRESENT_EXACT,Windows/Resources/NewComputerSetup/Win11Debloat-master/Win11Debloat-master/Scripts/Threading/Invoke-NonBlocking.ps1,4ae4e61e63ced596de79538479804a53640f4488eb641404ab4f4d2f57d6b394
personal_PS_scripts.zip,personal_PS_scripts/windows master mega diag script/Windows-Master-Diagnostic-Toolkit/Resources/NewComputerSetup/new_computer_setup/Win11Debloat-master/Win11Debloat-master/Tests/Apply-RegistryRegFile.Tests.ps1,PRESENT_EXACT,Windows/Resources/NewComputerSetup/Win11Debloat-master/Win11Debloat-master/Tests/Apply-RegistryRegFile.Tests.ps1,83d94667d25d845c35187d3b26439c7b02fe738ed7846c9bf33bb62decf5b6da
personal_PS_scripts.zip,personal_PS_scripts/windows master mega diag script/Windows-Master-Diagnostic-Toolkit/Resources/NewComputerSetup/new_computer_setup/Win11Debloat-master/Win11Debloat-master/Tests/Confirm-UnsafeAppRemoval.Tests.ps1,PRESENT_EXACT,Windows/Resources/NewComputerSetup/Win11Debloat-master/Win11Debloat-master/Tests/Confirm-UnsafeAppRemoval.Tests.ps1,b80f32b236749ac82a2f626dbd53e21b1a8b694311c3f1e93010864977d2f90a
personal_PS_scripts.zip,personal_PS_scripts/windows master mega diag script/Windows-Master-Diagnostic-Toolkit/Resources/NewComputerSetup/new_computer_setup/Win11Debloat-master/Win11Debloat-master/Tests/FeatureParameterContracts.Tests.ps1,PRESENT_EXACT,Windows/Resources/NewComputerSetup/Win11Debloat-master/Win11Debloat-master/Tests/FeatureParameterContracts.Tests.ps1,b03882b7f7b214dc9d649996d179167fa1085659f55e80019b0b63bc2ed11781
personal_PS_scripts.zip,personal_PS_scripts/windows master mega diag script/Windows-Master-Diagnostic-Toolkit/Resources/NewComputerSetup/new_computer_setup/Win11Debloat-master/Win11Debloat-master/Tests/Get-CurrentTweakState.Tests.ps1,PRESENT_EXACT,Windows/Resources/NewComputerSetup/Win11Debloat-master/Win11Debloat-master/Tests/Get-CurrentTweakState.Tests.ps1,37a1d621beeaa151d206af902fe67c12efc410b78940400dd83154078c37586c
personal_PS_scripts.zip,personal_PS_scripts/windows master mega diag script/Windows-Master-Diagnostic-Toolkit/Resources/NewComputerSetup/new_computer_setup/Win11Debloat-master/Win11Debloat-master/Tests/Get-FriendlyRegistryBackupTarget.Tests.ps1,PRESENT_EXACT,Windows/Resources/NewComputerSetup/Win11Debloat-master/Win11Debloat-master/Tests/Get-FriendlyRegistryBackupTarget.Tests.ps1,86cd7f141c571fa66e98d6ae2b260cebdc647ff045b5598870611abffc45066e
personal_PS_scripts.zip,personal_PS_scripts/windows master mega diag script/Windows-Master-Diagnostic-Toolkit/Resources/NewComputerSetup/new_computer_setup/Win11Debloat-master/Win11Debloat-master/Tests/Get-RebootFeatureLabels.Tests.ps1,PRESENT_EXACT,Windows/Resources/NewComputerSetup/Win11Debloat-master/Win11Debloat-master/Tests/Get-RebootFeatureLabels.Tests.ps1,92f6bafd424a2220c1083ff63678439b1cd56652acf4c0010a0c73709607f100
personal_PS_scripts.zip,personal_PS_scripts/windows master mega diag script/Windows-Master-Diagnostic-Toolkit/Resources/NewComputerSetup/new_computer_setup/Win11Debloat-master/Win11Debloat-master/Tests/Get-RegFileOperations.Tests.ps1,PRESENT_EXACT,Windows/Resources/NewComputerSetup/Win11Debloat-master/Win11Debloat-master/Tests/Get-RegFileOperations.Tests.ps1,0e107571c9c7e35028e09bb63d2610dfffe983012dfc255e48407088af82158f
personal_PS_scripts.zip,personal_PS_scripts/windows master mega diag script/Windows-Master-Diagnostic-Toolkit/Resources/NewComputerSetup/new_computer_setup/Win11Debloat-master/Win11Debloat-master/Tests/Get-TargetUserForAppRemoval.Tests.ps1,PRESENT_EXACT,Windows/Resources/NewComputerSetup/Win11Debloat-master/Win11Debloat-master/Tests/Get-TargetUserForAppRemoval.Tests.ps1,f87611450427e7bb6fbcd97147c3f20f0e7ec198e17169c2b740e3e74680086d
personal_PS_scripts.zip,personal_PS_scripts/windows master mega diag script/Windows-Master-Diagnostic-Toolkit/Resources/NewComputerSetup/new_computer_setup/Win11Debloat-master/Win11Debloat-master/Tests/Get-WingetInstalledApps.Tests.ps1,PRESENT_EXACT,Windows/Resources/NewComputerSetup/Win11Debloat-master/Win11Debloat-master/Tests/Get-WingetInstalledApps.Tests.ps1,f7092f29a2fd79f45ce140fe60e1a652971ae5491ca60db7187abd11e3984de1
personal_PS_scripts.zip,personal_PS_scripts/windows master mega diag script/Windows-Master-Diagnostic-Toolkit/Resources/NewComputerSetup/new_computer_setup/Win11Debloat-master/Win11Debloat-master/Tests/Import-ConfigToParams.Tests.ps1,PRESENT_EXACT,Windows/Resources/NewComputerSetup/Win11Debloat-master/Win11Debloat-master/Tests/Import-ConfigToParams.Tests.ps1,6915ca02869fdf7da765f12fdb9534f20a690a2ba77c74065d8875d4c8981304
personal_PS_scripts.zip,personal_PS_scripts/windows master mega diag script/Windows-Master-Diagnostic-Toolkit/Resources/NewComputerSetup/new_computer_setup/Win11Debloat-master/Win11Debloat-master/Tests/Import-JsonFile.Tests.ps1,PRESENT_EXACT,Windows/Resources/NewComputerSetup/Win11Debloat-master/Win11Debloat-master/Tests/Import-JsonFile.Tests.ps1,b964f2ede10b2b2f49558fe23a324db73588055feb8afed8effb21b2157c4f2e
personal_PS_scripts.zip,personal_PS_scripts/windows master mega diag script/Windows-Master-Diagnostic-Toolkit/Resources/NewComputerSetup/new_computer_setup/Win11Debloat-master/Win11Debloat-master/Tests/Import-RegistryFile.Tests.ps1,PRESENT_EXACT,Windows/Resources/NewComputerSetup/Win11Debloat-master/Win11Debloat-master/Tests/Import-RegistryFile.Tests.ps1,2d57dd4f79b2b09b79cc31126da91c1cf818f81c02e369ebebb880aafb4d435e
personal_PS_scripts.zip,personal_PS_scripts/windows master mega diag script/Windows-Master-Diagnostic-Toolkit/Resources/NewComputerSetup/new_computer_setup/Win11Debloat-master/Win11Debloat-master/Tests/Invoke-Changes.Tests.ps1,PRESENT_EXACT,Windows/Resources/NewComputerSetup/Win11Debloat-master/Win11Debloat-master/Tests/Invoke-Changes.Tests.ps1,111a01567b78981bd2824c584965b741b84197cc2ae1b14c4d031b5e4182a069
personal_PS_scripts.zip,personal_PS_scripts/windows master mega diag script/Windows-Master-Diagnostic-Toolkit/Resources/NewComputerSetup/new_computer_setup/Win11Debloat-master/Win11Debloat-master/Tests/Invoke-NonBlocking.Tests.ps1,PRESENT_EXACT,Windows/Resources/NewComputerSetup/Win11Debloat-master/Win11Debloat-master/Tests/Invoke-NonBlocking.Tests.ps1,177816c3eea3b7e5c19337f1cdd57be342d15036a7bbbb17c817f0413d411790
personal_PS_scripts.zip,personal_PS_scripts/windows master mega diag script/Windows-Master-Diagnostic-Toolkit/Resources/NewComputerSetup/new_computer_setup/Win11Debloat-master/Win11Debloat-master/Tests/Invoke-SystemRestorePoint.Tests.ps1,PRESENT_EXACT,Windows/Resources/NewComputerSetup/Win11Debloat-master/Win11Debloat-master/Tests/Invoke-SystemRestorePoint.Tests.ps1,7f39ec0b507b607cbcf0e699023cedae64f191781907c64c394cce132eef4299
personal_PS_scripts.zip,personal_PS_scripts/windows master mega diag script/Windows-Master-Diagnostic-Toolkit/Resources/NewComputerSetup/new_computer_setup/Win11Debloat-master/Win11Debloat-master/Tests/MainWindow-AppSelection.Tests.ps1,PRESENT_EXACT,Windows/Resources/NewComputerSetup/Win11Debloat-master/Win11Debloat-master/Tests/MainWindow-AppSelection.Tests.ps1,1b01b870fe5dfb6bbc7263cf8e18f7d84132ea25fb6cde8b574e2dc23b8d00c7
personal_PS_scripts.zip,personal_PS_scripts/windows master mega diag script/Windows-Master-Diagnostic-Toolkit/Resources/NewComputerSetup/new_computer_setup/Win11Debloat-master/Win11Debloat-master/Tests/MainWindow-Deployment.Tests.ps1,PRESENT_EXACT,Windows/Resources/NewComputerSetup/Win11Debloat-master/Win11Debloat-master/Tests/MainWindow-Deployment.Tests.ps1,df9eac1f4d2d73e2bbb32c8612bf9079f00562c5cf2d7d643ec13f9e55ba7e71
personal_PS_scripts.zip,personal_PS_scripts/windows master mega diag script/Windows-Master-Diagnostic-Toolkit/Resources/NewComputerSetup/new_computer_setup/Win11Debloat-master/Win11Debloat-master/Tests/Registry-BackupCreation.Tests.ps1,PRESENT_EXACT,Windows/Resources/NewComputerSetup/Win11Debloat-master/Win11Debloat-master/Tests/Registry-BackupCreation.Tests.ps1,a6e123fe1f7cc8de08548a5b1e5527b4fc9fc987dfb37eb5382180946bb14177
personal_PS_scripts.zip,personal_PS_scripts/windows master mega diag script/Windows-Master-Diagnostic-Toolkit/Resources/NewComputerSetup/new_computer_setup/Win11Debloat-master/Win11Debloat-master/Tests/Registry-BackupFeatureValidation.Tests.ps1,PRESENT_EXACT,Windows/Resources/NewComputerSetup/Win11Debloat-master/Win11Debloat-master/Tests/Registry-BackupFeatureValidation.Tests.ps1,e09da007e0700c21f71f08d45a409600e51a24d27f4615a466a9778af2c3faec
personal_PS_scripts.zip,personal_PS_scripts/windows master mega diag script/Windows-Master-Diagnostic-Toolkit/Resources/NewComputerSetup/new_computer_setup/Win11Debloat-master/Win11Debloat-master/Tests/Registry-BackupValidation.Tests.ps1,PRESENT_EXACT,Windows/Resources/NewComputerSetup/Win11Debloat-master/Win11Debloat-master/Tests/Registry-BackupValidation.Tests.ps1,f248de28647244880beeb24051b68fb0d6070d183db3f513dbd7d456e9920e0d
personal_PS_scripts.zip,personal_PS_scripts/windows master mega diag script/Windows-Master-Diagnostic-Toolkit/Resources/NewComputerSetup/new_computer_setup/Win11Debloat-master/Win11Debloat-master/Tests/Registry-PathHelpers.Tests.ps1,PRESENT_EXACT,Windows/Resources/NewComputerSetup/Win11Debloat-master/Win11Debloat-master/Tests/Registry-PathHelpers.Tests.ps1,0734cc02cb2067b5f59cbc0a13d62889b474e3272a1d89ddd778d665e469ada6
personal_PS_scripts.zip,personal_PS_scripts/windows master mega diag script/Windows-Master-Diagnostic-Toolkit/Resources/NewComputerSetup/new_computer_setup/Win11Debloat-master/Win11Debloat-master/Tests/Registry-SnapshotApply.Tests.ps1,PRESENT_EXACT,Windows/Resources/NewComputerSetup/Win11Debloat-master/Win11Debloat-master/Tests/Registry-SnapshotApply.Tests.ps1,d63a31eeea812732b8250d4a46c8a8a0d68a26c158c6d230382cdbbbe26ef4af
personal_PS_scripts.zip,personal_PS_scripts/windows master mega diag script/Windows-Master-Diagnostic-Toolkit/Resources/NewComputerSetup/new_computer_setup/Win11Debloat-master/Win11Debloat-master/Tests/Remove-SelectedApps.Tests.ps1,PRESENT_EXACT,Windows/Resources/NewComputerSetup/Win11Debloat-master/Win11Debloat-master/Tests/Remove-SelectedApps.Tests.ps1,e363171dfe8df3ec044a06f0b3930fed4fb6b3d85735f924ce7b0b862af3fcca
personal_PS_scripts.zip,personal_PS_scripts/windows master mega diag script/Windows-Master-Diagnostic-Toolkit/Resources/NewComputerSetup/new_computer_setup/Win11Debloat-master/Win11Debloat-master/Tests/Replace-StartMenu.Tests.ps1,PRESENT_EXACT,Windows/Resources/NewComputerSetup/Win11Debloat-master/Win11Debloat-master/Tests/Replace-StartMenu.Tests.ps1,7f27220352340eb7ac2e9b6dcc2ee6f0ed3423d7632323734dcba2acd6bd206c
personal_PS_scripts.zip,personal_PS_scripts/windows master mega diag script/Windows-Master-Diagnostic-Toolkit/Resources/NewComputerSetup/new_computer_setup/Win11Debloat-master/Win11Debloat-master/Tests/Resolve-UserProfilePath.Tests.ps1,PRESENT_EXACT,Windows/Resources/NewComputerSetup/Win11Debloat-master/Win11Debloat-master/Tests/Resolve-UserProfilePath.Tests.ps1,8281f1f1ae1d15d558c2e43fc6fac682377642f7c892c8d4b85b8bbb797ce78d
personal_PS_scripts.zip,personal_PS_scripts/windows master mega diag script/Windows-Master-Diagnostic-Toolkit/Resources/NewComputerSetup/new_computer_setup/Win11Debloat-master/Win11Debloat-master/Tests/Restore-BackupDialogFeatureLists.Tests.ps1,PRESENT_EXACT,Windows/Resources/NewComputerSetup/Win11Debloat-master/Win11Debloat-master/Tests/Restore-BackupDialogFeatureLists.Tests.ps1,a0b74093a7a2b736586d17f92892c12e9110f3f4bebc74e2394b672a0e42fd7f
personal_PS_scripts.zip,personal_PS_scripts/windows master mega diag script/Windows-Master-Diagnostic-Toolkit/Resources/NewComputerSetup/new_computer_setup/Win11Debloat-master/Win11Debloat-master/Tests/Restore-RegistryApplyState.Tests.ps1,PRESENT_EXACT,Windows/Resources/NewComputerSetup/Win11Debloat-master/Win11Debloat-master/Tests/Restore-RegistryApplyState.Tests.ps1,32509358c759dde97b095f8e4ca7b4a6a07f0d2d31bc1160c4116c0ae6db7b63
personal_PS_scripts.zip,personal_PS_scripts/windows master mega diag script/Windows-Master-Diagnostic-Toolkit/Resources/NewComputerSetup/new_computer_setup/Win11Debloat-master/Win11Debloat-master/Tests/Restore-RegistryBackup.Tests.ps1,PRESENT_EXACT,Windows/Resources/NewComputerSetup/Win11Debloat-master/Win11Debloat-master/Tests/Restore-RegistryBackup.Tests.ps1,336b9e35ef38f53bde0161324a1403b6958fa1d3eb595af4c7993a580612685c
personal_PS_scripts.zip,personal_PS_scripts/windows master mega diag script/Windows-Master-Diagnostic-Toolkit/Resources/NewComputerSetup/new_computer_setup/Win11Debloat-master/Win11Debloat-master/Tests/Set-StoreSearchSuggestions.Tests.ps1,PRESENT_EXACT,Windows/Resources/NewComputerSetup/Win11Debloat-master/Win11Debloat-master/Tests/Set-StoreSearchSuggestions.Tests.ps1,732ae293cc56c11d74b0cbacbca2faad209188b61a16cecd5a82dbd53bf0cbf1
personal_PS_scripts.zip,personal_PS_scripts/windows master mega diag script/Windows-Master-Diagnostic-Toolkit/Resources/NewComputerSetup/new_computer_setup/Win11Debloat-master/Win11Debloat-master/Tests/Settings-And-Apps-FileIO.Tests.ps1,PRESENT_EXACT,Windows/Resources/NewComputerSetup/Win11Debloat-master/Win11Debloat-master/Tests/Settings-And-Apps-FileIO.Tests.ps1,53cdfcd14f8e2c92e407420f8e28c33fa47d1ac4b0ba72d1c5cd142e4f510657
personal_PS_scripts.zip,personal_PS_scripts/windows master mega diag script/Windows-Master-Diagnostic-Toolkit/Resources/NewComputerSetup/new_computer_setup/Win11Debloat-master/Win11Debloat-master/Tests/Show-CliMenuOptions.Tests.ps1,PRESENT_EXACT,Windows/Resources/NewComputerSetup/Win11Debloat-master/Win11Debloat-master/Tests/Show-CliMenuOptions.Tests.ps1,6f059e14fa181cc1bb68060333b7bb59182b29cb17a1d590bee6b57f183c72d8
personal_PS_scripts.zip,personal_PS_scripts/windows master mega diag script/Windows-Master-Diagnostic-Toolkit/Resources/NewComputerSetup/new_computer_setup/Win11Debloat-master/Win11Debloat-master/Tests/Telemetry-ScheduledTasks.Tests.ps1,PRESENT_EXACT,Windows/Resources/NewComputerSetup/Win11Debloat-master/Win11Debloat-master/Tests/Telemetry-ScheduledTasks.Tests.ps1,807fea5b69022b043e6901c4231c8d417055b1f3a160dfea3602404e2ee039ef
personal_PS_scripts.zip,personal_PS_scripts/windows master mega diag script/Windows-Master-Diagnostic-Toolkit/Resources/NewComputerSetup/new_computer_setup/Win11Debloat-master/Win11Debloat-master/Tests/Test-AppInWingetList.Tests.ps1,PRESENT_EXACT,Windows/Resources/NewComputerSetup/Win11Debloat-master/Win11Debloat-master/Tests/Test-AppInWingetList.Tests.ps1,4d9ad05064b4118644b4c30e3c7d252180fd992fe932b5e43e5b5f3b055ead6b
personal_PS_scripts.zip,personal_PS_scripts/windows master mega diag script/Windows-Master-Diagnostic-Toolkit/Resources/NewComputerSetup/new_computer_setup/Win11Debloat-master/Win11Debloat-master/Tests/TestSuiteSafety.Tests.ps1,PRESENT_EXACT,Windows/Resources/NewComputerSetup/Win11Debloat-master/Win11Debloat-master/Tests/TestSuiteSafety.Tests.ps1,4e124b692e3543f807cb7bd5b2aa5a0e1eaec75d2a297690e5a43cea5f0dac03
personal_PS_scripts.zip,personal_PS_scripts/windows master mega diag script/Windows-Master-Diagnostic-Toolkit/Resources/NewComputerSetup/new_computer_setup/Win11Debloat-master/Win11Debloat-master/Tests/User-HiveHelpers.Tests.ps1,PRESENT_EXACT,Windows/Resources/NewComputerSetup/Win11Debloat-master/Win11Debloat-master/Tests/User-HiveHelpers.Tests.ps1,3e21e54289ec11f67d353545728210d36d872e2dbc0318181e5f3801bdaf7f29
personal_PS_scripts.zip,personal_PS_scripts/windows master mega diag script/Windows-Master-Diagnostic-Toolkit/Resources/NewComputerSetup/new_computer_setup/Win11Debloat-master/Win11Debloat-master/Tests/User-LookupHelpers.Tests.ps1,PRESENT_EXACT,Windows/Resources/NewComputerSetup/Win11Debloat-master/Win11Debloat-master/Tests/User-LookupHelpers.Tests.ps1,5f460d95fac85bb8a56ddc1c5023a97aec1cad16beff37f79415d55b66855b56
personal_PS_scripts.zip,personal_PS_scripts/windows master mega diag script/Windows-Master-Diagnostic-Toolkit/Resources/NewComputerSetup/new_computer_setup/Win11Debloat-master/Win11Debloat-master/Tests/Wait-ForKeyPress.Tests.ps1,PRESENT_EXACT,Windows/Resources/NewComputerSetup/Win11Debloat-master/Win11Debloat-master/Tests/Wait-ForKeyPress.Tests.ps1,d1ad2d0f7370a62f44da169e7e77b6c99256d3b1ff10fb25fd5ded1e741d90bf
personal_PS_scripts.zip,personal_PS_scripts/windows master mega diag script/Windows-Master-Diagnostic-Toolkit/Resources/NewComputerSetup/new_computer_setup/Win11Debloat-master/Win11Debloat-master/Tests/Windows-OptionalFeatures.Tests.ps1,PRESENT_EXACT,Windows/Resources/NewComputerSetup/Win11Debloat-master/Win11Debloat-master/Tests/Windows-OptionalFeatures.Tests.ps1,c1b8f80e8caf415d3aecda77bbf8edc2b897e8c3f192513dc40819294d002b00
personal_PS_scripts.zip,personal_PS_scripts/windows master mega diag script/Windows-Master-Diagnostic-Toolkit/Resources/NewComputerSetup/new_computer_setup/Win11Debloat-master/Win11Debloat-master/Tests/XamlContracts.Tests.ps1,PRESENT_EXACT,Windows/Resources/NewComputerSetup/Win11Debloat-master/Win11Debloat-master/Tests/XamlContracts.Tests.ps1,8b0fc15b8333cb15d2b350d30959730189993fd7498f348c7d1a1c4262389775
personal_PS_scripts.zip,personal_PS_scripts/windows master mega diag script/Windows-Master-Diagnostic-Toolkit/Resources/NewComputerSetup/new_computer_setup/Win11Debloat-master/Win11Debloat-master/Tests/TestData/JsonFileLoading/Config.Valid.json,PRESENT_EXACT,Windows/Resources/NewComputerSetup/Win11Debloat-master/Win11Debloat-master/Tests/TestData/JsonFileLoading/Config.Valid.json,15de50cd9899e491e20e8d58d724787918025482b6cb2dd191c5e0e25e4d820c
personal_PS_scripts.zip,personal_PS_scripts/windows master mega diag script/Windows-Master-Diagnostic-Toolkit/Resources/NewComputerSetup/new_computer_setup/winutil-main/winutil-main/.gitattributes,EXCLUDED_UPSTREAM_GIT_CONVERSION_RULES,,33dcae708d6559858020a05364bb9cc47aa67a9c48846e87cdc945b3482eba21
personal_PS_scripts.zip,personal_PS_scripts/windows master mega diag script/Windows-Master-Diagnostic-Toolkit/Resources/NewComputerSetup/new_computer_setup/winutil-main/winutil-main/.gitignore,PRESENT_EXACT,Windows/Resources/NewComputerSetup/winutil-main/winutil-main/.gitignore,dc1bc27cece2c6491cfe91fdaed75c2b6f10e2d7bbae557a2ba4809da634728f
personal_PS_scripts.zip,personal_PS_scripts/windows master mega diag script/Windows-Master-Diagnostic-Toolkit/Resources/NewComputerSetup/new_computer_setup/winutil-main/winutil-main/AGENTS.md,PRESENT_EXACT,Windows/Resources/NewComputerSetup/winutil-main/winutil-main/AGENTS.md,bbc0d074e6b105c9c894a7278a466c8027e7c9391614c3a6eea67a296f3938fc
personal_PS_scripts.zip,personal_PS_scripts/windows master mega diag script/Windows-Master-Diagnostic-Toolkit/Resources/NewComputerSetup/new_computer_setup/winutil-main/winutil-main/CLAUDE.md,PRESENT_EXACT,Windows/Resources/NewComputerSetup/winutil-main/winutil-main/CLAUDE.md,4be085e5b886a6a6bf6832ddfe58e7f3e5b39998c903869d3e37499d1a697cf4
personal_PS_scripts.zip,personal_PS_scripts/windows master mega diag script/Windows-Master-Diagnostic-Toolkit/Resources/NewComputerSetup/new_computer_setup/winutil-main/winutil-main/Compile.ps1,PRESENT_EXACT,Windows/Resources/NewComputerSetup/winutil-main/winutil-main/Compile.ps1,b421af9aa51c67fab61874a298965c88ec8b4df677dd5d84f627c2d581b363f2
personal_PS_scripts.zip,personal_PS_scripts/windows master mega diag script/Windows-Master-Diagnostic-Toolkit/Resources/NewComputerSetup/new_computer_setup/winutil-main/winutil-main/GEMINI.md,PRESENT_EXACT,Windows/Resources/NewComputerSetup/winutil-main/winutil-main/GEMINI.md,1f4d44a442f7752f1c54d9700d0a3bfb8ef09b3aba1f889fdb8b14c5e9a1155a
personal_PS_scripts.zip,personal_PS_scripts/windows master mega diag script/Windows-Master-Diagnostic-Toolkit/Resources/NewComputerSetup/new_computer_setup/winutil-main/winutil-main/LICENSE,PRESENT_EXACT,Windows/Resources/NewComputerSetup/winutil-main/winutil-main/LICENSE,469b54dadfa5c0d0002291e452fcaa32165356d3459e1dee040404db5439fb1c
personal_PS_scripts.zip,personal_PS_scripts/windows master mega diag script/Windows-Master-Diagnostic-Toolkit/Resources/NewComputerSetup/new_computer_setup/winutil-main/winutil-main/README.md,PRESENT_EXACT,Windows/Resources/NewComputerSetup/winutil-main/winutil-main/README.md,9cb5436179843238e35cdf67841e382087dae5102fc41264d2ed8b97d9245a2d
personal_PS_scripts.zip,personal_PS_scripts/windows master mega diag script/Windows-Master-Diagnostic-Toolkit/Resources/NewComputerSetup/new_computer_setup/winutil-main/winutil-main/sign.bat,PRESENT_EXACT,Windows/Resources/NewComputerSetup/winutil-main/winutil-main/sign.bat,a870bb236d5cd984bebb6bd13d70c9fedde9ef0c134c9669da741c5c71d965af
personal_PS_scripts.zip,personal_PS_scripts/windows master mega diag script/Windows-Master-Diagnostic-Toolkit/Resources/NewComputerSetup/new_computer_setup/winutil-main/winutil-main/SPEC.md,PRESENT_EXACT,Windows/Resources/NewComputerSetup/winutil-main/winutil-main/SPEC.md,89db17a704527bb82cf56af716b001ec5a2d5064d93ba1a510462e47a9cbb2b9
personal_PS_scripts.zip,personal_PS_scripts/windows master mega diag script/Windows-Master-Diagnostic-Toolkit/Resources/NewComputerSetup/new_computer_setup/winutil-main/winutil-main/windev.ps1,PRESENT_EXACT,Windows/Resources/NewComputerSetup/winutil-main/winutil-main/windev.ps1,3241cd35e5dd3bcbbdffd5a39de4d5d07bfe1fa8926377eea6685ece2611adde
personal_PS_scripts.zip,personal_PS_scripts/windows master mega diag script/Windows-Master-Diagnostic-Toolkit/Resources/NewComputerSetup/new_computer_setup/winutil-main/winutil-main/.github/CODEOWNERS,PRESENT_EXACT,Windows/Resources/NewComputerSetup/winutil-main/winutil-main/.github/CODEOWNERS,1dc650f9fbe7ce6dc26ed7540382ed59006fbe9d0da32e20de7cf6ae0e40015d
personal_PS_scripts.zip,personal_PS_scripts/windows master mega diag script/Windows-Master-Diagnostic-Toolkit/Resources/NewComputerSetup/new_computer_setup/winutil-main/winutil-main/.github/CODE_OF_CONDUCT.md,PRESENT_EXACT,Windows/Resources/NewComputerSetup/winutil-main/winutil-main/.github/CODE_OF_CONDUCT.md,f210e34ccd02cf83c4f64025fc8b7e449d5677acfba273257ac9cccc6e19d424
personal_PS_scripts.zip,personal_PS_scripts/windows master mega diag script/Windows-Master-Diagnostic-Toolkit/Resources/NewComputerSetup/new_computer_setup/winutil-main/winutil-main/.github/CONTRIBUTING.md,PRESENT_EXACT,Windows/Resources/NewComputerSetup/winutil-main/winutil-main/.github/CONTRIBUTING.md,2830577faadcbf11475cba3e6b03cb1f7f28e5de444f4fd95cfd6a8cfa4eee12
personal_PS_scripts.zip,personal_PS_scripts/windows master mega diag script/Windows-Master-Diagnostic-Toolkit/Resources/NewComputerSetup/new_computer_setup/winutil-main/winutil-main/.github/copilot-instructions.md,PRESENT_EXACT,Windows/Resources/NewComputerSetup/winutil-main/winutil-main/.github/copilot-instructions.md,2f3084599dcab62125cf61d464df68ab26c45fd89a318b3f27e2bb907c500d86
personal_PS_scripts.zip,personal_PS_scripts/windows master mega diag script/Windows-Master-Diagnostic-Toolkit/Resources/NewComputerSetup/new_computer_setup/winutil-main/winutil-main/.github/dependabot.yml,PRESENT_EXACT,Windows/Resources/NewComputerSetup/winutil-main/winutil-main/.github/dependabot.yml,f561ad2f5dbc3d4f78c743c95a5e93fb4c836b5f1f6c7ad03dc94423fc1b9a93
personal_PS_scripts.zip,personal_PS_scripts/windows master mega diag script/Windows-Master-Diagnostic-Toolkit/Resources/NewComputerSetup/new_computer_setup/winutil-main/winutil-main/.github/FUNDING.yml,PRESENT_EXACT,Windows/Resources/NewComputerSetup/winutil-main/winutil-main/.github/FUNDING.yml,d7690be4b96847b9b049a87b3063c190c974161be52cfc32fce2ca5c3d0b9610
personal_PS_scripts.zip,personal_PS_scripts/windows master mega diag script/Windows-Master-Diagnostic-Toolkit/Resources/NewComputerSetup/new_computer_setup/winutil-main/winutil-main/.github/PULL_REQUEST_TEMPLATE.md,PRESENT_EXACT,Windows/Resources/NewComputerSetup/winutil-main/winutil-main/.github/PULL_REQUEST_TEMPLATE.md,27546d7d2139e1013a2c64d77cbc79ff45db5cac01ff38f75fc934766e2178d8
personal_PS_scripts.zip,personal_PS_scripts/windows master mega diag script/Windows-Master-Diagnostic-Toolkit/Resources/NewComputerSetup/new_computer_setup/winutil-main/winutil-main/.github/READMEITALIAN.md,PRESENT_EXACT,Windows/Resources/NewComputerSetup/winutil-main/winutil-main/.github/READMEITALIAN.md,68afd685900822495e774721167db702b11f9ef11a58701971b23ffdfeb2c2fd
personal_PS_scripts.zip,personal_PS_scripts/windows master mega diag script/Windows-Master-Diagnostic-Toolkit/Resources/NewComputerSetup/new_computer_setup/winutil-main/winutil-main/.github/release-drafter.yml,PRESENT_EXACT,Windows/Resources/NewComputerSetup/winutil-main/winutil-main/.github/release-drafter.yml,0ebd5c1aedbf442eac9b63ff27bab7bf5ac4eda2d315170d17afa446102519ce
personal_PS_scripts.zip,personal_PS_scripts/windows master mega diag script/Windows-Master-Diagnostic-Toolkit/Resources/NewComputerSetup/new_computer_setup/winutil-main/winutil-main/.github/SECURITY.md,PRESENT_EXACT,Windows/Resources/NewComputerSetup/winutil-main/winutil-main/.github/SECURITY.md,ceb2232cf931741cbab07bb65377085ee86ad6a8839c825872a70549a1d271ad
personal_PS_scripts.zip,personal_PS_scripts/windows master mega diag script/Windows-Master-Diagnostic-Toolkit/Resources/NewComputerSetup/new_computer_setup/winutil-main/winutil-main/.github/DISCUSSION_TEMPLATE/app-suggestion.yaml,PRESENT_EXACT,Windows/Resources/NewComputerSetup/winutil-main/winutil-main/.github/DISCUSSION_TEMPLATE/app-suggestion.yaml,a1a05579e49bc468815a9fd993b58ded31485930599b2f790eb499f061bc2a0b
personal_PS_scripts.zip,personal_PS_scripts/windows master mega diag script/Windows-Master-Diagnostic-Toolkit/Resources/NewComputerSetup/new_computer_setup/winutil-main/winutil-main/.github/ISSUE_TEMPLATE/bug_report.yaml,PRESENT_EXACT,Windows/Resources/NewComputerSetup/winutil-main/winutil-main/.github/ISSUE_TEMPLATE/bug_report.yaml,101be4ef1ce700cb1bd2e41963128fa63caeee257a28d7f70847937cd16c74fb
personal_PS_scripts.zip,personal_PS_scripts/windows master mega diag script/Windows-Master-Diagnostic-Toolkit/Resources/NewComputerSetup/new_computer_setup/winutil-main/winutil-main/.github/ISSUE_TEMPLATE/config.yml,PRESENT_EXACT,Windows/Resources/NewComputerSetup/winutil-main/winutil-main/.github/ISSUE_TEMPLATE/config.yml,83678215131fe0ded964d0fea5b0cd46de4914891431e04ad69f12b945dc5f68
personal_PS_scripts.zip,personal_PS_scripts/windows master mega diag script/Windows-Master-Diagnostic-Toolkit/Resources/NewComputerSetup/new_computer_setup/winutil-main/winutil-main/.github/ISSUE_TEMPLATE/feature_request.yaml,PRESENT_EXACT,Windows/Resources/NewComputerSetup/winutil-main/winutil-main/.github/ISSUE_TEMPLATE/feature_request.yaml,dd05ff0e8fdfb2df6b5390f56a92b1dc9f0b00ad2804c71666533b7bc7c254a7
personal_PS_scripts.zip,personal_PS_scripts/windows master mega diag script/Windows-Master-Diagnostic-Toolkit/Resources/NewComputerSetup/new_computer_setup/winutil-main/winutil-main/.github/workflows/auto-merge-docs.yaml,PRESENT_EXACT,Windows/Resources/NewComputerSetup/winutil-main/winutil-main/.github/workflows/auto-merge-docs.yaml,a2ff7e6044bc03b5c480a2a96df25dace5a59f08ff306f02c42ed46e9ea24186
personal_PS_scripts.zip,personal_PS_scripts/windows master mega diag script/Windows-Master-Diagnostic-Toolkit/Resources/NewComputerSetup/new_computer_setup/winutil-main/winutil-main/.github/workflows/close-discussion-on-pr.yaml,PRESENT_EXACT,Windows/Resources/NewComputerSetup/winutil-main/winutil-main/.github/workflows/close-discussion-on-pr.yaml,b4749d8050b18d0aa9d86ca7419433ef852c99db8714cddbb8dd4577fe083aec
personal_PS_scripts.zip,personal_PS_scripts/windows master mega diag script/Windows-Master-Diagnostic-Toolkit/Resources/NewComputerSetup/new_computer_setup/winutil-main/winutil-main/.github/workflows/close-old-issues.yaml,PRESENT_EXACT,Windows/Resources/NewComputerSetup/winutil-main/winutil-main/.github/workflows/close-old-issues.yaml,27289f5bdb97f73c6bfe29217f3531709f6c298e38ac51abee3d72400f43be1f
personal_PS_scripts.zip,personal_PS_scripts/windows master mega diag script/Windows-Master-Diagnostic-Toolkit/Resources/NewComputerSetup/new_computer_setup/winutil-main/winutil-main/.github/workflows/compile-check.yaml,PRESENT_EXACT,Windows/Resources/NewComputerSetup/winutil-main/winutil-main/.github/workflows/compile-check.yaml,18f79eb710e1132a1dd1669839f06a87c11d2b2cd9be2f34b5bca76d994c98c4
personal_PS_scripts.zip,personal_PS_scripts/windows master mega diag script/Windows-Master-Diagnostic-Toolkit/Resources/NewComputerSetup/new_computer_setup/winutil-main/winutil-main/.github/workflows/docs.yaml,PRESENT_EXACT,Windows/Resources/NewComputerSetup/winutil-main/winutil-main/.github/workflows/docs.yaml,8bb156d08911822e6994fff832b4b8ea93c4bebec267ed7069b190b2bc9ba757
personal_PS_scripts.zip,personal_PS_scripts/windows master mega diag script/Windows-Master-Diagnostic-Toolkit/Resources/NewComputerSetup/new_computer_setup/winutil-main/winutil-main/.github/workflows/label-pr.yaml,PRESENT_EXACT,Windows/Resources/NewComputerSetup/winutil-main/winutil-main/.github/workflows/label-pr.yaml,1a88563a2b9d4db50023b120daa313c33f850001de4df1c52429fc779f2253d5
personal_PS_scripts.zip,personal_PS_scripts/windows master mega diag script/Windows-Master-Diagnostic-Toolkit/Resources/NewComputerSetup/new_computer_setup/winutil-main/winutil-main/.github/workflows/pre-release.yaml,PRESENT_EXACT,Windows/Resources/NewComputerSetup/winutil-main/winutil-main/.github/workflows/pre-release.yaml,615d07a8591eb7dc29b12a5a8f6c5e67f1f1322ff5ae50a6b32c61a5eb49196e
personal_PS_scripts.zip,personal_PS_scripts/windows master mega diag script/Windows-Master-Diagnostic-Toolkit/Resources/NewComputerSetup/new_computer_setup/winutil-main/winutil-main/.github/workflows/remove-winutil.yaml,PRESENT_EXACT,Windows/Resources/NewComputerSetup/winutil-main/winutil-main/.github/workflows/remove-winutil.yaml,6680dbe4457850d9aeb899004015efabed143dc10c706514e894262f06e21d83
personal_PS_scripts.zip,personal_PS_scripts/windows master mega diag script/Windows-Master-Diagnostic-Toolkit/Resources/NewComputerSetup/new_computer_setup/winutil-main/winutil-main/.github/workflows/sponsors.yaml,PRESENT_EXACT,Windows/Resources/NewComputerSetup/winutil-main/winutil-main/.github/workflows/sponsors.yaml,7f80a9a69aacf5e4ddea48c0b5b951413ebe149848624847abee545c8d9bf993
personal_PS_scripts.zip,personal_PS_scripts/windows master mega diag script/Windows-Master-Diagnostic-Toolkit/Resources/NewComputerSetup/new_computer_setup/winutil-main/winutil-main/.github/workflows/triage-tools.yaml,PRESENT_EXACT,Windows/Resources/NewComputerSetup/winutil-main/winutil-main/.github/workflows/triage-tools.yaml,456d7e240f0fb608869c84e56e34f62c6f70067b9ee908168c3e080ef2513dbf
personal_PS_scripts.zip,personal_PS_scripts/windows master mega diag script/Windows-Master-Diagnostic-Toolkit/Resources/NewComputerSetup/new_computer_setup/winutil-main/winutil-main/.github/workflows/unittests.yaml,PRESENT_EXACT,Windows/Resources/NewComputerSetup/winutil-main/winutil-main/.github/workflows/unittests.yaml,cb114cdaf30eddcd1a24ebe246dc538bdbe4fbf87135cfa9c843caae5b11a247
personal_PS_scripts.zip,personal_PS_scripts/windows master mega diag script/Windows-Master-Diagnostic-Toolkit/Resources/NewComputerSetup/new_computer_setup/winutil-main/winutil-main/config/applications.json,PRESENT_EXACT,Windows/Resources/NewComputerSetup/winutil-main/winutil-main/config/applications.json,46ad39984e5e7d1f38effc657467b5f1a63b9bfad777cbec870cfd2910b9f30f
personal_PS_scripts.zip,personal_PS_scripts/windows master mega diag script/Windows-Master-Diagnostic-Toolkit/Resources/NewComputerSetup/new_computer_setup/winutil-main/winutil-main/config/appnavigation.json,PRESENT_EXACT,Windows/Resources/NewComputerSetup/winutil-main/winutil-main/config/appnavigation.json,ac479c283a9c8caafa881f91bcf031ae7c9494269862d9bb8ea90f0885d350ad
personal_PS_scripts.zip,personal_PS_scripts/windows master mega diag script/Windows-Master-Diagnostic-Toolkit/Resources/NewComputerSetup/new_computer_setup/winutil-main/winutil-main/config/appx.json,PRESENT_EXACT,Windows/Resources/NewComputerSetup/winutil-main/winutil-main/config/appx.json,f4d07e76eb17a53bd3dd72eb9d54fc98e9194d08df7ca4b7e61e44a2026530ec
personal_PS_scripts.zip,personal_PS_scripts/windows master mega diag script/Windows-Master-Diagnostic-Toolkit/Resources/NewComputerSetup/new_computer_setup/winutil-main/winutil-main/config/dns.json,PRESENT_EXACT,Windows/Resources/NewComputerSetup/winutil-main/winutil-main/config/dns.json,7a56d6c46de4b7c5a43f83a9408dc3976111d910adccefd9d69f12f219d609ad
personal_PS_scripts.zip,personal_PS_scripts/windows master mega diag script/Windows-Master-Diagnostic-Toolkit/Resources/NewComputerSetup/new_computer_setup/winutil-main/winutil-main/config/feature.json,PRESENT_EXACT,Windows/Resources/NewComputerSetup/winutil-main/winutil-main/config/feature.json,37fcc200e434ee98a6d693eb79f08310e988ec0630db404339719727b791c376
personal_PS_scripts.zip,personal_PS_scripts/windows master mega diag script/Windows-Master-Diagnostic-Toolkit/Resources/NewComputerSetup/new_computer_setup/winutil-main/winutil-main/config/preset.json,PRESENT_EXACT,Windows/Resources/NewComputerSetup/winutil-main/winutil-main/config/preset.json,3fe9745aa029c9350e75d2bd4690cb4bf1edb25a64ca658e5d13ce984aef6f3f
personal_PS_scripts.zip,personal_PS_scripts/windows master mega diag script/Windows-Master-Diagnostic-Toolkit/Resources/NewComputerSetup/new_computer_setup/winutil-main/winutil-main/config/themes.json,PRESENT_EXACT,Windows/Resources/NewComputerSetup/winutil-main/winutil-main/config/themes.json,3580785553e621794683e64da44e7635b24ae4ae2397c5060848a82e9b158983
personal_PS_scripts.zip,personal_PS_scripts/windows master mega diag script/Windows-Master-Diagnostic-Toolkit/Resources/NewComputerSetup/new_computer_setup/winutil-main/winutil-main/config/tweaks.json,PRESENT_EXACT,Windows/Resources/NewComputerSetup/winutil-main/winutil-main/config/tweaks.json,ceeeaf210309390ce094a16bb3f0467852e915e9f946e7c7c723a9af1fcbb2f9
personal_PS_scripts.zip,personal_PS_scripts/windows master mega diag script/Windows-Master-Diagnostic-Toolkit/Resources/NewComputerSetup/new_computer_setup/winutil-main/winutil-main/docs/.dockerignore,PRESENT_EXACT,Windows/Resources/NewComputerSetup/winutil-main/winutil-main/docs/.dockerignore,de39e5cf56269710c1c603be47450f34538897a49c0ff9a86969e75c2b644828
personal_PS_scripts.zip,personal_PS_scripts/windows master mega diag script/Windows-Master-Diagnostic-Toolkit/Resources/NewComputerSetup/new_computer_setup/winutil-main/winutil-main/docs/.gitignore,PRESENT_EXACT,Windows/Resources/NewComputerSetup/winutil-main/winutil-main/docs/.gitignore,a6ddebc8465aea49e4b50cfb5661505c641e5807b6901171187ad1f04e4e59d9
personal_PS_scripts.zip,personal_PS_scripts/windows master mega diag script/Windows-Master-Diagnostic-Toolkit/Resources/NewComputerSetup/new_computer_setup/winutil-main/winutil-main/docs/astro.config.mjs,PRESENT_EXACT,Windows/Resources/NewComputerSetup/winutil-main/winutil-main/docs/astro.config.mjs,832afa07faa80b030da6e9ebdb5c26dd5eef4a2ff5ad0501242d8837fab25f40
personal_PS_scripts.zip,personal_PS_scripts/windows master mega diag script/Windows-Master-Diagnostic-Toolkit/Resources/NewComputerSetup/new_computer_setup/winutil-main/winutil-main/docs/docker-compose.yml,PRESENT_EXACT,Windows/Resources/NewComputerSetup/winutil-main/winutil-main/docs/docker-compose.yml,e148a0f02b9a4f5d635ba96bed1febfaa4c4dcc076743c6b14e846a7266c822a
personal_PS_scripts.zip,personal_PS_scripts/windows master mega diag script/Windows-Master-Diagnostic-Toolkit/Resources/NewComputerSetup/new_computer_setup/winutil-main/winutil-main/docs/Dockerfile,PRESENT_EXACT,Windows/Resources/NewComputerSetup/winutil-main/winutil-main/docs/Dockerfile,8810882876ef5ffed90ef3cefa802460b337c39d34d483d7c295dd379785c0d7
personal_PS_scripts.zip,personal_PS_scripts/windows master mega diag script/Windows-Master-Diagnostic-Toolkit/Resources/NewComputerSetup/new_computer_setup/winutil-main/winutil-main/docs/package-lock.json,PRESENT_EXACT,Windows/Resources/NewComputerSetup/winutil-main/winutil-main/docs/package-lock.json,a14440255e8db27f923d89be5bd7682b27d45de4e0659c67bc279d48561076f7
personal_PS_scripts.zip,personal_PS_scripts/windows master mega diag script/Windows-Master-Diagnostic-Toolkit/Resources/NewComputerSetup/new_computer_setup/winutil-main/winutil-main/docs/package.json,PRESENT_EXACT,Windows/Resources/NewComputerSetup/winutil-main/winutil-main/docs/package.json,a4a4b312864dad0f37931f4e9b4b4d04376b0f623e7de59119f71def425580a4
personal_PS_scripts.zip,personal_PS_scripts/windows master mega diag script/Windows-Master-Diagnostic-Toolkit/Resources/NewComputerSetup/new_computer_setup/winutil-main/winutil-main/docs/README.md,PRESENT_EXACT,Windows/Resources/NewComputerSetup/winutil-main/winutil-main/docs/README.md,3f4c06fad77686bb81cbbc37ca05d9de93c64e6518e27b463c685bb06351e076
personal_PS_scripts.zip,personal_PS_scripts/windows master mega diag script/Windows-Master-Diagnostic-Toolkit/Resources/NewComputerSetup/new_computer_setup/winutil-main/winutil-main/docs/tsconfig.json,PRESENT_EXACT,Windows/Resources/NewComputerSetup/winutil-main/winutil-main/docs/tsconfig.json,61fc24492db9aef7ec38eb91cfeebaef96155014bb5f22648fd8ed2327c6cae2
personal_PS_scripts.zip,personal_PS_scripts/windows master mega diag script/Windows-Master-Diagnostic-Toolkit/Resources/NewComputerSetup/new_computer_setup/winutil-main/winutil-main/docs/public/favicon.svg,PRESENT_EXACT,Windows/Resources/NewComputerSetup/winutil-main/winutil-main/docs/public/favicon.svg,4e87ecd3dea47b49bed8abcbe4e39ebda66910090a5b3de921aa51d4abce74e9
personal_PS_scripts.zip,personal_PS_scripts/windows master mega diag script/Windows-Master-Diagnostic-Toolkit/Resources/NewComputerSetup/new_computer_setup/winutil-main/winutil-main/docs/public/robots.txt,PRESENT_EXACT,Windows/Resources/NewComputerSetup/winutil-main/winutil-main/docs/public/robots.txt,14125751624e121ef2e988c8a25d82d46b0425e897ad5f931ac2e09c0ef4313d
personal_PS_scripts.zip,personal_PS_scripts/windows master mega diag script/Windows-Master-Diagnostic-Toolkit/Resources/NewComputerSetup/new_computer_setup/winutil-main/winutil-main/docs/public/social-preview.png,PRESENT_EXACT,Windows/Resources/NewComputerSetup/winutil-main/winutil-main/docs/public/social-preview.png,fcaca40a4ee440ca5062d83717f81b0eac3f8f92879c8c2dac00c5c3953135eb
personal_PS_scripts.zip,personal_PS_scripts/windows master mega diag script/Windows-Master-Diagnostic-Toolkit/Resources/NewComputerSetup/new_computer_setup/winutil-main/winutil-main/docs/src/content.config.ts,PRESENT_EXACT,Windows/Resources/NewComputerSetup/winutil-main/winutil-main/docs/src/content.config.ts,d52cd0beabf73d196dc24f67170c8f29c13746cd922b17be331b9daa19a882b9
personal_PS_scripts.zip,personal_PS_scripts/windows master mega diag script/Windows-Master-Diagnostic-Toolkit/Resources/NewComputerSetup/new_computer_setup/winutil-main/winutil-main/docs/src/site-links.ts,PRESENT_EXACT,Windows/Resources/NewComputerSetup/winutil-main/winutil-main/docs/src/site-links.ts,969fa570575df950282b25c9c7d94a07e3f5f0c9a223a5dd13a7b39c808d724d
personal_PS_scripts.zip,personal_PS_scripts/windows master mega diag script/Windows-Master-Diagnostic-Toolkit/Resources/NewComputerSetup/new_computer_setup/winutil-main/winutil-main/docs/src/assets/branding/navlogo.png,PRESENT_EXACT,Windows/Resources/NewComputerSetup/winutil-main/winutil-main/docs/src/assets/branding/navlogo.png,24df82b754913b3e3636983a8aa91953b3b012a6f29ae5b1ed2a728a5f946c35
personal_PS_scripts.zip,personal_PS_scripts/windows master mega diag script/Windows-Master-Diagnostic-Toolkit/Resources/NewComputerSetup/new_computer_setup/winutil-main/winutil-main/docs/src/assets/branding/title-screen.png,PRESENT_EXACT,Windows/Resources/NewComputerSetup/winutil-main/winutil-main/docs/src/assets/branding/title-screen.png,6de57b5637920a31e1b2a9a64e055581f53e54b0a91f08bbea598fdf386ecaf7
personal_PS_scripts.zip,personal_PS_scripts/windows master mega diag script/Windows-Master-Diagnostic-Toolkit/Resources/NewComputerSetup/new_computer_setup/winutil-main/winutil-main/docs/src/assets/contributing/Commit-GHD.png,PRESENT_EXACT,Windows/Resources/NewComputerSetup/winutil-main/winutil-main/docs/src/assets/contributing/Commit-GHD.png,077cba285536ba83e884cd8d2790690a514806d311b8944b8e8433f4092c7f38
personal_PS_scripts.zip,personal_PS_scripts/windows master mega diag script/Windows-Master-Diagnostic-Toolkit/Resources/NewComputerSetup/new_computer_setup/winutil-main/winutil-main/docs/src/assets/contributing/Complie.png,PRESENT_EXACT,Windows/Resources/NewComputerSetup/winutil-main/winutil-main/docs/src/assets/contributing/Complie.png,6163332b4ccaf9e9347c81f999661b9245a8d7c5722dcb9c4f70bd4529cbd289
personal_PS_scripts.zip,personal_PS_scripts/windows master mega diag script/Windows-Master-Diagnostic-Toolkit/Resources/NewComputerSetup/new_computer_setup/winutil-main/winutil-main/docs/src/assets/contributing/Discard-GHD.png,PRESENT_EXACT,Windows/Resources/NewComputerSetup/winutil-main/winutil-main/docs/src/assets/contributing/Discard-GHD.png,39764bd42369e6ab536633de00289e38545a270a9463fdd31106b3c4ea475f79
personal_PS_scripts.zip,personal_PS_scripts/windows master mega diag script/Windows-Master-Diagnostic-Toolkit/Resources/NewComputerSetup/new_computer_setup/winutil-main/winutil-main/docs/src/assets/contributing/Fork-Button-Dark.png,PRESENT_EXACT,Windows/Resources/NewComputerSetup/winutil-main/winutil-main/docs/src/assets/contributing/Fork-Button-Dark.png,37555e12932290acba1b2ee81ed1505281b659ec3b92346fabc8926f468a645c
personal_PS_scripts.zip,personal_PS_scripts/windows master mega diag script/Windows-Master-Diagnostic-Toolkit/Resources/NewComputerSetup/new_computer_setup/winutil-main/winutil-main/docs/src/assets/contributing/Push-Commit.png,PRESENT_EXACT,Windows/Resources/NewComputerSetup/winutil-main/winutil-main/docs/src/assets/contributing/Push-Commit.png,23222aac5ceef19fb502d93de9123fadaab0e006ded2fb68ae87a55823473355
personal_PS_scripts.zip,personal_PS_scripts/windows master mega diag script/Windows-Master-Diagnostic-Toolkit/Resources/NewComputerSetup/new_computer_setup/winutil-main/winutil-main/docs/src/assets/screenshots/config-tab-new.png,PRESENT_EXACT,Windows/Resources/NewComputerSetup/winutil-main/winutil-main/docs/src/assets/screenshots/config-tab-new.png,c5b6e82dac2e45df9172c44b4c9ec5c379ca4ae9a7deb521c8fff1813582db39
personal_PS_scripts.zip,personal_PS_scripts/windows master mega diag script/Windows-Master-Diagnostic-Toolkit/Resources/NewComputerSetup/new_computer_setup/winutil-main/winutil-main/docs/src/assets/screenshots/tweaks-tab-new.png,PRESENT_EXACT,Windows/Resources/NewComputerSetup/winutil-main/winutil-main/docs/src/assets/screenshots/tweaks-tab-new.png,c36169502ac2cb3002eb5a2131c28b5348298da2fe5df2ba19b00c56b1d636db
personal_PS_scripts.zip,personal_PS_scripts/windows master mega diag script/Windows-Master-Diagnostic-Toolkit/Resources/NewComputerSetup/new_computer_setup/winutil-main/winutil-main/docs/src/assets/screenshots/updates-tab-new.png,PRESENT_EXACT,Windows/Resources/NewComputerSetup/winutil-main/winutil-main/docs/src/assets/screenshots/updates-tab-new.png,3a851e86caf0569460a4ff37efaccca4ffec9aa66a50caac02f1747c3367a77d
personal_PS_scripts.zip,personal_PS_scripts/windows master mega diag script/Windows-Master-Diagnostic-Toolkit/Resources/NewComputerSetup/new_computer_setup/winutil-main/winutil-main/docs/src/assets/screenshots/win11creator-tab-new.png,PRESENT_EXACT,Windows/Resources/NewComputerSetup/winutil-main/winutil-main/docs/src/assets/screenshots/win11creator-tab-new.png,03bb35bad500244640122db0e148b41aa73611b29d1842a4d64016630221d333
personal_PS_scripts.zip,personal_PS_scripts/windows master mega diag script/Windows-Master-Diagnostic-Toolkit/Resources/NewComputerSetup/new_computer_setup/winutil-main/winutil-main/docs/src/assets/screenshots/install-pics/Selected-Apps.png,PRESENT_EXACT,Windows/Resources/NewComputerSetup/winutil-main/winutil-main/docs/src/assets/screenshots/install-pics/Selected-Apps.png,2e6451553613bff1784ebdfb3085a95533dad3e0cbdd258aaa702a3136b06e40
personal_PS_scripts.zip,personal_PS_scripts/windows master mega diag script/Windows-Master-Diagnostic-Toolkit/Resources/NewComputerSetup/new_computer_setup/winutil-main/winutil-main/docs/src/assets/screenshots/install-pics/uninstall-apps.png,PRESENT_EXACT,Windows/Resources/NewComputerSetup/winutil-main/winutil-main/docs/src/assets/screenshots/install-pics/uninstall-apps.png,2c8fe96a64513f6ac0afdd32163b1f47ab2671b3eb9d3661e0502ea0d5ed488a
personal_PS_scripts.zip,personal_PS_scripts/windows master mega diag script/Windows-Master-Diagnostic-Toolkit/Resources/NewComputerSetup/new_computer_setup/winutil-main/winutil-main/docs/src/assets/screenshots/install-pics/upgrade-all.png,PRESENT_EXACT,Windows/Resources/NewComputerSetup/winutil-main/winutil-main/docs/src/assets/screenshots/install-pics/upgrade-all.png,c70091d09324902922a36bc36d727999bbd19b9f9139a4dfffdceade3ba0c619
personal_PS_scripts.zip,personal_PS_scripts/windows master mega diag script/Windows-Master-Diagnostic-Toolkit/Resources/NewComputerSetup/new_computer_setup/winutil-main/winutil-main/docs/src/components/CornerCard.astro,PRESENT_EXACT,Windows/Resources/NewComputerSetup/winutil-main/winutil-main/docs/src/components/CornerCard.astro,e11027c35c154c26e5d44c23e0d54984c66bde1b50cf546adbf7ac1077e42642
personal_PS_scripts.zip,personal_PS_scripts/windows master mega diag script/Windows-Master-Diagnostic-Toolkit/Resources/NewComputerSetup/new_computer_setup/winutil-main/winutil-main/docs/src/components/Footer.astro,PRESENT_EXACT,Windows/Resources/NewComputerSetup/winutil-main/winutil-main/docs/src/components/Footer.astro,a6253223e40129136504a2593b4edba7b6cabc11b1de3c3ce35bde44d737a763
personal_PS_scripts.zip,personal_PS_scripts/windows master mega diag script/Windows-Master-Diagnostic-Toolkit/Resources/NewComputerSetup/new_computer_setup/winutil-main/winutil-main/docs/src/components/Header.astro,PRESENT_EXACT,Windows/Resources/NewComputerSetup/winutil-main/winutil-main/docs/src/components/Header.astro,036953e5b4f716a63772e66dfef2841f286b5f335df1110ae713d67091028a0a
personal_PS_scripts.zip,personal_PS_scripts/windows master mega diag script/Windows-Master-Diagnostic-Toolkit/Resources/NewComputerSetup/new_computer_setup/winutil-main/winutil-main/docs/src/components/Hero.astro,PRESENT_EXACT,Windows/Resources/NewComputerSetup/winutil-main/winutil-main/docs/src/components/Hero.astro,758ef9bd885b4257bda5874fe9a72a6a90bce848da5a2fa69136e150476fd150
personal_PS_scripts.zip,personal_PS_scripts/windows master mega diag script/Windows-Master-Diagnostic-Toolkit/Resources/NewComputerSetup/new_computer_setup/winutil-main/winutil-main/docs/src/components/ThemeProvider.astro,PRESENT_EXACT,Windows/Resources/NewComputerSetup/winutil-main/winutil-main/docs/src/components/ThemeProvider.astro,f181888319d7c431e10601d6efa3e4ec96efe891952ba762f122c31e7c10b65c
personal_PS_scripts.zip,personal_PS_scripts/windows master mega diag script/Windows-Master-Diagnostic-Toolkit/Resources/NewComputerSetup/new_computer_setup/winutil-main/winutil-main/docs/src/components/YouTubeEmbed.astro,PRESENT_EXACT,Windows/Resources/NewComputerSetup/winutil-main/winutil-main/docs/src/components/YouTubeEmbed.astro,dcd1c39187c4e5650c2c685c29dbade4e82515949b21870a949b6b5629cbddbf
personal_PS_scripts.zip,personal_PS_scripts/windows master mega diag script/Windows-Master-Diagnostic-Toolkit/Resources/NewComputerSetup/new_computer_setup/winutil-main/winutil-main/docs/src/content/docs/contributing.mdx,PRESENT_EXACT,Windows/Resources/NewComputerSetup/winutil-main/winutil-main/docs/src/content/docs/contributing.mdx,d1c267e6d74387a73d2372b68faa7e505ea65fec0141f535d6c667629b27bd65
personal_PS_scripts.zip,personal_PS_scripts/windows master mega diag script/Windows-Master-Diagnostic-Toolkit/Resources/NewComputerSetup/new_computer_setup/winutil-main/winutil-main/docs/src/content/docs/faq.mdx,PRESENT_EXACT,Windows/Resources/NewComputerSetup/winutil-main/winutil-main/docs/src/content/docs/faq.mdx,7f513f132764c9ad1170aa682a3f801434871da726c27d1482edebf33a39ce2f
personal_PS_scripts.zip,personal_PS_scripts/windows master mega diag script/Windows-Master-Diagnostic-Toolkit/Resources/NewComputerSetup/new_computer_setup/winutil-main/winutil-main/docs/src/content/docs/index.mdx,PRESENT_EXACT,Windows/Resources/NewComputerSetup/winutil-main/winutil-main/docs/src/content/docs/index.mdx,028beeaf9f1360badecf24b10824092ceb230084fc17554831a8da1612bed8ce
personal_PS_scripts.zip,personal_PS_scripts/windows master mega diag script/Windows-Master-Diagnostic-Toolkit/Resources/NewComputerSetup/new_computer_setup/winutil-main/winutil-main/docs/src/content/docs/knownissues.mdx,PRESENT_EXACT,Windows/Resources/NewComputerSetup/winutil-main/winutil-main/docs/src/content/docs/knownissues.mdx,4f367dc096d93b36ffe0fe228097fc942cc5612b367e5c11200029e83cf67145
personal_PS_scripts.zip,personal_PS_scripts/windows master mega diag script/Windows-Master-Diagnostic-Toolkit/Resources/NewComputerSetup/new_computer_setup/winutil-main/winutil-main/docs/src/content/docs/code-reference/architecture.mdx,PRESENT_EXACT,Windows/Resources/NewComputerSetup/winutil-main/winutil-main/docs/src/content/docs/code-reference/architecture.mdx,10522a300491267d46d900f619bfc696a303821d9280b872d5490fa97a3e6503
personal_PS_scripts.zip,personal_PS_scripts/windows master mega diag script/Windows-Master-Diagnostic-Toolkit/Resources/NewComputerSetup/new_computer_setup/winutil-main/winutil-main/docs/src/content/docs/code-reference/issue-triage.mdx,PRESENT_EXACT,Windows/Resources/NewComputerSetup/winutil-main/winutil-main/docs/src/content/docs/code-reference/issue-triage.mdx,2a38efcb77b479d0f0cb65d4921a7deb460baa882b37697be3b9703a5153f947
personal_PS_scripts.zip,personal_PS_scripts/windows master mega diag script/Windows-Master-Diagnostic-Toolkit/Resources/NewComputerSetup/new_computer_setup/winutil-main/winutil-main/docs/src/content/docs/guides/application.mdx,PRESENT_EXACT,Windows/Resources/NewComputerSetup/winutil-main/winutil-main/docs/src/content/docs/guides/application.mdx,f4616b0025a5aff56b1d6679297c958a10735a195ebd0561fe2976d87e89b3ab
personal_PS_scripts.zip,personal_PS_scripts/windows master mega diag script/Windows-Master-Diagnostic-Toolkit/Resources/NewComputerSetup/new_computer_setup/winutil-main/winutil-main/docs/src/content/docs/guides/automation.mdx,PRESENT_EXACT,Windows/Resources/NewComputerSetup/winutil-main/winutil-main/docs/src/content/docs/guides/automation.mdx,abbd379a7519e437442f5a8765985180a2faf7103bb765d4cbd9ba151538a6c3
personal_PS_scripts.zip,personal_PS_scripts/windows master mega diag script/Windows-Master-Diagnostic-Toolkit/Resources/NewComputerSetup/new_computer_setup/winutil-main/winutil-main/docs/src/content/docs/guides/features.mdx,PRESENT_EXACT,Windows/Resources/NewComputerSetup/winutil-main/winutil-main/docs/src/content/docs/guides/features.mdx,81c9d9f3deb872005d917f7d30136a5f9eecb39da8e3dc07d6228d5f12e71139
personal_PS_scripts.zip,personal_PS_scripts/windows master mega diag script/Windows-Master-Diagnostic-Toolkit/Resources/NewComputerSetup/new_computer_setup/winutil-main/winutil-main/docs/src/content/docs/guides/getting-started.mdx,PRESENT_EXACT,Windows/Resources/NewComputerSetup/winutil-main/winutil-main/docs/src/content/docs/guides/getting-started.mdx,d24cac10223d8721f21ace4f4b937b065a911ae0c6f0cc700f2321a0b758db7b
personal_PS_scripts.zip,personal_PS_scripts/windows master mega diag script/Windows-Master-Diagnostic-Toolkit/Resources/NewComputerSetup/new_computer_setup/winutil-main/winutil-main/docs/src/content/docs/guides/index.mdx,PRESENT_EXACT,Windows/Resources/NewComputerSetup/winutil-main/winutil-main/docs/src/content/docs/guides/index.mdx,76210f1ecac19355d60bbc04f5f2fcad57a132d0afe5b8b3136bc34d4bee620c
personal_PS_scripts.zip,personal_PS_scripts/windows master mega diag script/Windows-Master-Diagnostic-Toolkit/Resources/NewComputerSetup/new_computer_setup/winutil-main/winutil-main/docs/src/content/docs/guides/tweaks.mdx,PRESENT_EXACT,Windows/Resources/NewComputerSetup/winutil-main/winutil-main/docs/src/content/docs/guides/tweaks.mdx,a167ea199b44235cff865f32ef0893bb823b02a8ff5940ec53196245673c1ab6
personal_PS_scripts.zip,personal_PS_scripts/windows master mega diag script/Windows-Master-Diagnostic-Toolkit/Resources/NewComputerSetup/new_computer_setup/winutil-main/winutil-main/docs/src/content/docs/guides/updates.mdx,PRESENT_EXACT,Windows/Resources/NewComputerSetup/winutil-main/winutil-main/docs/src/content/docs/guides/updates.mdx,abb6c5a4c82b2571496c5ee2571fd8064ccaaf8fa8f93600c1bef314e4772f28
personal_PS_scripts.zip,personal_PS_scripts/windows master mega diag script/Windows-Master-Diagnostic-Toolkit/Resources/NewComputerSetup/new_computer_setup/winutil-main/winutil-main/docs/src/content/docs/guides/win11creator.mdx,PRESENT_EXACT,Windows/Resources/NewComputerSetup/winutil-main/winutil-main/docs/src/content/docs/guides/win11creator.mdx,9bff946142c8348062b88bfa61e097ce3d7ca3b49b1cbf6e2f7f63d1976a2381
personal_PS_scripts.zip,personal_PS_scripts/windows master mega diag script/Windows-Master-Diagnostic-Toolkit/Resources/NewComputerSetup/new_computer_setup/winutil-main/winutil-main/docs/src/styles/fonts.css,PRESENT_EXACT,Windows/Resources/NewComputerSetup/winutil-main/winutil-main/docs/src/styles/fonts.css,4e71dc2b1b7c8eb1939c441c52c1dbb5b601ca046acffe9ea8c4bd1bfbb0004f
personal_PS_scripts.zip,personal_PS_scripts/windows master mega diag script/Windows-Master-Diagnostic-Toolkit/Resources/NewComputerSetup/new_computer_setup/winutil-main/winutil-main/docs/src/styles/theme.css,PRESENT_EXACT,Windows/Resources/NewComputerSetup/winutil-main/winutil-main/docs/src/styles/theme.css,12cacb4f20222d54f255bfcb0dfca797209ff0eec543b74bec21f9650b7863e5
personal_PS_scripts.zip,personal_PS_scripts/windows master mega diag script/Windows-Master-Diagnostic-Toolkit/Resources/NewComputerSetup/new_computer_setup/winutil-main/winutil-main/functions/private/Add-SelectedAppsMenuItem.ps1,PRESENT_EXACT,Windows/Resources/NewComputerSetup/winutil-main/winutil-main/functions/private/Add-SelectedAppsMenuItem.ps1,886f8a15dc7301c99030156d8d772917939f3868699296da4598e4e9a0361015
personal_PS_scripts.zip,personal_PS_scripts/windows master mega diag script/Windows-Master-Diagnostic-Toolkit/Resources/NewComputerSetup/new_computer_setup/winutil-main/winutil-main/functions/private/Close-WinUtilRunspacePool.ps1,PRESENT_EXACT,Windows/Resources/NewComputerSetup/winutil-main/winutil-main/functions/private/Close-WinUtilRunspacePool.ps1,ccfee32c2a84059281ae478eba207e98d40540a3fde13afdc8f33047ce0fc458
personal_PS_scripts.zip,personal_PS_scripts/windows master mega diag script/Windows-Master-Diagnostic-Toolkit/Resources/NewComputerSetup/new_computer_setup/winutil-main/winutil-main/functions/private/Find-AppsByNameOrDescription.ps1,PRESENT_EXACT,Windows/Resources/NewComputerSetup/winutil-main/winutil-main/functions/private/Find-AppsByNameOrDescription.ps1,2b23e3f22682032d4524d5a27bba84a9c2567b110fb30098f3358822e6cd1354
personal_PS_scripts.zip,personal_PS_scripts/windows master mega diag script/Windows-Master-Diagnostic-Toolkit/Resources/NewComputerSetup/new_computer_setup/winutil-main/winutil-main/functions/private/Find-TweaksByNameOrDescription.ps1,PRESENT_EXACT,Windows/Resources/NewComputerSetup/winutil-main/winutil-main/functions/private/Find-TweaksByNameOrDescription.ps1,cab2461bf0e3b322ec11cb921fb3d8545013166a6cf5b93e606b2d6a00a51d97
personal_PS_scripts.zip,personal_PS_scripts/windows master mega diag script/Windows-Master-Diagnostic-Toolkit/Resources/NewComputerSetup/new_computer_setup/winutil-main/winutil-main/functions/private/Get-WinUtilEntryToolTip.ps1,PRESENT_EXACT,Windows/Resources/NewComputerSetup/winutil-main/winutil-main/functions/private/Get-WinUtilEntryToolTip.ps1,392dd6b19ce44739e60c9b7f0cfd0dc16a8e3cee139e53ce109078c25ba2fc6f
personal_PS_scripts.zip,personal_PS_scripts/windows master mega diag script/Windows-Master-Diagnostic-Toolkit/Resources/NewComputerSetup/new_computer_setup/winutil-main/winutil-main/functions/private/Get-WinUtilInstalledAPPX.ps1,PRESENT_EXACT,Windows/Resources/NewComputerSetup/winutil-main/winutil-main/functions/private/Get-WinUtilInstalledAPPX.ps1,cdb237b4fb85274dc7beff8b7fba981e329ba5465e9c86b7c04cc54f8be7392a
personal_PS_scripts.zip,personal_PS_scripts/windows master mega diag script/Windows-Master-Diagnostic-Toolkit/Resources/NewComputerSetup/new_computer_setup/winutil-main/winutil-main/functions/private/Get-WinUtilPackageLogSummary.ps1,PRESENT_EXACT,Windows/Resources/NewComputerSetup/winutil-main/winutil-main/functions/private/Get-WinUtilPackageLogSummary.ps1,c1eb655dd1efd12b3b278328a1c6949c868adfff5af902d98cdffc277894387a
personal_PS_scripts.zip,personal_PS_scripts/windows master mega diag script/Windows-Master-Diagnostic-Toolkit/Resources/NewComputerSetup/new_computer_setup/winutil-main/winutil-main/functions/private/Get-WinUtilRegistryComboState.ps1,PRESENT_EXACT,Windows/Resources/NewComputerSetup/winutil-main/winutil-main/functions/private/Get-WinUtilRegistryComboState.ps1,14a52472cc5531b716b52b894a6c3361ac19d6740c4f7135f1732c70a0c141d4
personal_PS_scripts.zip,personal_PS_scripts/windows master mega diag script/Windows-Master-Diagnostic-Toolkit/Resources/NewComputerSetup/new_computer_setup/winutil-main/winutil-main/functions/private/Get-WinUtilRegistryComboValue.ps1,PRESENT_EXACT,Windows/Resources/NewComputerSetup/winutil-main/winutil-main/functions/private/Get-WinUtilRegistryComboValue.ps1,8098e2233bae02a19cce65cc10a672ffd8d5c1aa4013a85bdde7d2f7cbac05a3
personal_PS_scripts.zip,personal_PS_scripts/windows master mega diag script/Windows-Master-Diagnostic-Toolkit/Resources/NewComputerSetup/new_computer_setup/winutil-main/winutil-main/functions/private/Get-WinUtilSelectedPackages.ps1,PRESENT_EXACT,Windows/Resources/NewComputerSetup/winutil-main/winutil-main/functions/private/Get-WinUtilSelectedPackages.ps1,77e926774513b7798bc16681dfa5fa8e927050b54a60a427df9a767f749de766
personal_PS_scripts.zip,personal_PS_scripts/windows master mega diag script/Windows-Master-Diagnostic-Toolkit/Resources/NewComputerSetup/new_computer_setup/winutil-main/winutil-main/functions/private/Get-WinUtilToggleStatus.ps1,PRESENT_EXACT,Windows/Resources/NewComputerSetup/winutil-main/winutil-main/functions/private/Get-WinUtilToggleStatus.ps1,e8a9775e129918c3e53d6cce10a8215ebc6745917c7e73542b7144b387b0ebbf
personal_PS_scripts.zip,personal_PS_scripts/windows master mega diag script/Windows-Master-Diagnostic-Toolkit/Resources/NewComputerSetup/new_computer_setup/winutil-main/winutil-main/functions/private/Get-WinUtilVariables.ps1,PRESENT_EXACT,Windows/Resources/NewComputerSetup/winutil-main/winutil-main/functions/private/Get-WinUtilVariables.ps1,b511a01c59e8aad5c222ce0aa645003a38f2d91245664f990abcece543edbf67
personal_PS_scripts.zip,personal_PS_scripts/windows master mega diag script/Windows-Master-Diagnostic-Toolkit/Resources/NewComputerSetup/new_computer_setup/winutil-main/winutil-main/functions/private/Initialize-InstallAppArea.ps1,PRESENT_EXACT,Windows/Resources/NewComputerSetup/winutil-main/winutil-main/functions/private/Initialize-InstallAppArea.ps1,027632ffb2999c2410d19316f279232ec3d70fe4a84b197e01f326015bd5520a
personal_PS_scripts.zip,personal_PS_scripts/windows master mega diag script/Windows-Master-Diagnostic-Toolkit/Resources/NewComputerSetup/new_computer_setup/winutil-main/winutil-main/functions/private/Initialize-InstallAppEntry.ps1,PRESENT_EXACT,Windows/Resources/NewComputerSetup/winutil-main/winutil-main/functions/private/Initialize-InstallAppEntry.ps1,e102531452bd197b5a8d073d0d2004a7869b3c6c7114c359e6154ac29e06a66f
personal_PS_scripts.zip,personal_PS_scripts/windows master mega diag script/Windows-Master-Diagnostic-Toolkit/Resources/NewComputerSetup/new_computer_setup/winutil-main/winutil-main/functions/private/Initialize-InstallCategoryAppList.ps1,PRESENT_EXACT,Windows/Resources/NewComputerSetup/winutil-main/winutil-main/functions/private/Initialize-InstallCategoryAppList.ps1,7268c09b083abf15e5b29a95e1f0857fea977e5ac3618694b178f193876955d8
personal_PS_scripts.zip,personal_PS_scripts/windows master mega diag script/Windows-Master-Diagnostic-Toolkit/Resources/NewComputerSetup/new_computer_setup/winutil-main/winutil-main/functions/private/Initialize-WinUtilRunspacePool.ps1,PRESENT_EXACT,Windows/Resources/NewComputerSetup/winutil-main/winutil-main/functions/private/Initialize-WinUtilRunspacePool.ps1,9573b9fad055b6b85dd40e6d8bcdc50ee16905bdd894ae6c4b8bb4041e6c42b2
personal_PS_scripts.zip,personal_PS_scripts/windows master mega diag script/Windows-Master-Diagnostic-Toolkit/Resources/NewComputerSetup/new_computer_setup/winutil-main/winutil-main/functions/private/Initialize-WinUtilTabContent.ps1,PRESENT_EXACT,Windows/Resources/NewComputerSetup/winutil-main/winutil-main/functions/private/Initialize-WinUtilTabContent.ps1,434e179166e7c8f69b2303f2bfd20ce4dc807066e63f32ed3a338d37d0eeeb6e
personal_PS_scripts.zip,personal_PS_scripts/windows master mega diag script/Windows-Master-Diagnostic-Toolkit/Resources/NewComputerSetup/new_computer_setup/winutil-main/winutil-main/functions/private/Initialize-WinUtilTaskbarOverlayAssets.ps1,PRESENT_EXACT,Windows/Resources/NewComputerSetup/winutil-main/winutil-main/functions/private/Initialize-WinUtilTaskbarOverlayAssets.ps1,710d95a7ef88119206827ff29abfb31bd881c74a462864d05c4dea3724bca523
personal_PS_scripts.zip,personal_PS_scripts/windows master mega diag script/Windows-Master-Diagnostic-Toolkit/Resources/NewComputerSetup/new_computer_setup/winutil-main/winutil-main/functions/private/Install-WinUtilAPPX.ps1,PRESENT_EXACT,Windows/Resources/NewComputerSetup/winutil-main/winutil-main/functions/private/Install-WinUtilAPPX.ps1,fb0af15a1ac0602b7e0c4676d3618cb30ea39b9c201321fbf9205a3d7be79a3a
personal_PS_scripts.zip,personal_PS_scripts/windows master mega diag script/Windows-Master-Diagnostic-Toolkit/Resources/NewComputerSetup/new_computer_setup/winutil-main/winutil-main/functions/private/Install-WinUtilChoco.ps1,PRESENT_EXACT,Windows/Resources/NewComputerSetup/winutil-main/winutil-main/functions/private/Install-WinUtilChoco.ps1,0a49a231e547facc78030961755e68e861ab28e29e6b114ff8b2469069cdff60
personal_PS_scripts.zip,personal_PS_scripts/windows master mega diag script/Windows-Master-Diagnostic-Toolkit/Resources/NewComputerSetup/new_computer_setup/winutil-main/winutil-main/functions/private/Install-WinUtilProgramChoco.ps1,PRESENT_EXACT,Windows/Resources/NewComputerSetup/winutil-main/winutil-main/functions/private/Install-WinUtilProgramChoco.ps1,0e4d3cc34fb85cc6b3a23ccb24a0186db320bb6f8a771569f86269bfe59acf8b
personal_PS_scripts.zip,personal_PS_scripts/windows master mega diag script/Windows-Master-Diagnostic-Toolkit/Resources/NewComputerSetup/new_computer_setup/winutil-main/winutil-main/functions/private/Install-WinUtilProgramWinget.ps1,PRESENT_EXACT,Windows/Resources/NewComputerSetup/winutil-main/winutil-main/functions/private/Install-WinUtilProgramWinget.ps1,cb3c857cf35160e163e16b0585ec7a4c9ac50995c97fe7e07894534d2d7df936
personal_PS_scripts.zip,personal_PS_scripts/windows master mega diag script/Windows-Master-Diagnostic-Toolkit/Resources/NewComputerSetup/new_computer_setup/winutil-main/winutil-main/functions/private/Install-WinUtilWinget.ps1,PRESENT_EXACT,Windows/Resources/NewComputerSetup/winutil-main/winutil-main/functions/private/Install-WinUtilWinget.ps1,c97374d0d64ccd597c34407a7c0aa7e7b7efcb2c8a4b4a85261046c4ab7da499
personal_PS_scripts.zip,personal_PS_scripts/windows master mega diag script/Windows-Master-Diagnostic-Toolkit/Resources/NewComputerSetup/new_computer_setup/winutil-main/winutil-main/functions/private/Invoke-WinUtilAppCategoryChip.ps1,PRESENT_EXACT,Windows/Resources/NewComputerSetup/winutil-main/winutil-main/functions/private/Invoke-WinUtilAppCategoryChip.ps1,7f9f9798e2f2e1db1ca7055f08cad71b7bb77352b423650c97731375fa25d256
personal_PS_scripts.zip,personal_PS_scripts/windows master mega diag script/Windows-Master-Diagnostic-Toolkit/Resources/NewComputerSetup/new_computer_setup/winutil-main/winutil-main/functions/private/Invoke-WinUtilAssets.ps1,PRESENT_EXACT,Windows/Resources/NewComputerSetup/winutil-main/winutil-main/functions/private/Invoke-WinUtilAssets.ps1,ef56bab22e98ca02ca631cf18dc640328b13e381fdc249c1a7c8c7ebce4ecc47
personal_PS_scripts.zip,personal_PS_scripts/windows master mega diag script/Windows-Master-Diagnostic-Toolkit/Resources/NewComputerSetup/new_computer_setup/winutil-main/winutil-main/functions/private/Invoke-WinUtilCurrentSystem.ps1,PRESENT_EXACT,Windows/Resources/NewComputerSetup/winutil-main/winutil-main/functions/private/Invoke-WinUtilCurrentSystem.ps1,fe3d566a8eb751288449e5cdee3d8f3d8ae619df10d171e5eaf0fd0e90b3dcc1
personal_PS_scripts.zip,personal_PS_scripts/windows master mega diag script/Windows-Master-Diagnostic-Toolkit/Resources/NewComputerSetup/new_computer_setup/winutil-main/winutil-main/functions/private/Invoke-WinUtilExplorerUpdate.ps1,PRESENT_EXACT,Windows/Resources/NewComputerSetup/winutil-main/winutil-main/functions/private/Invoke-WinUtilExplorerUpdate.ps1,e5299b43cae5a8d92896889f7ea1a69a4773e9262e9705789798f4dad5f5baa0
personal_PS_scripts.zip,personal_PS_scripts/windows master mega diag script/Windows-Master-Diagnostic-Toolkit/Resources/NewComputerSetup/new_computer_setup/winutil-main/winutil-main/functions/private/Invoke-WinUtilFeatureInstall.ps1,PRESENT_EXACT,Windows/Resources/NewComputerSetup/winutil-main/winutil-main/functions/private/Invoke-WinUtilFeatureInstall.ps1,6223ca18f7bec89c9fffaae44025f12b6afbc396dfa4f790aa7a0064b106f6f7
personal_PS_scripts.zip,personal_PS_scripts/windows master mega diag script/Windows-Master-Diagnostic-Toolkit/Resources/NewComputerSetup/new_computer_setup/winutil-main/winutil-main/functions/private/Invoke-WinUtilFontScaling.ps1,PRESENT_EXACT,Windows/Resources/NewComputerSetup/winutil-main/winutil-main/functions/private/Invoke-WinUtilFontScaling.ps1,14dad0cce26fd21083e8ced306c4c8d74fb0ca85ec0089f784d8ba3b713c6211
personal_PS_scripts.zip,personal_PS_scripts/windows master mega diag script/Windows-Master-Diagnostic-Toolkit/Resources/NewComputerSetup/new_computer_setup/winutil-main/winutil-main/functions/private/Invoke-WinUtilInstallPSProfile.ps1,PRESENT_EXACT,Windows/Resources/NewComputerSetup/winutil-main/winutil-main/functions/private/Invoke-WinUtilInstallPSProfile.ps1,faa3357bfdb551d69223ca57e217c5afb3ee298c5b45fca9a4d8baf7999b14b7
personal_PS_scripts.zip,personal_PS_scripts/windows master mega diag script/Windows-Master-Diagnostic-Toolkit/Resources/NewComputerSetup/new_computer_setup/winutil-main/winutil-main/functions/private/Invoke-WinUtilISO.ps1,PRESENT_EXACT,Windows/Resources/NewComputerSetup/winutil-main/winutil-main/functions/private/Invoke-WinUtilISO.ps1,dead3ab19e1221caadca0675155914d674411ba9fa61b271160b1b9822ce35de
personal_PS_scripts.zip,personal_PS_scripts/windows master mega diag script/Windows-Master-Diagnostic-Toolkit/Resources/NewComputerSetup/new_computer_setup/winutil-main/winutil-main/functions/private/Invoke-WinUtilISOScript.ps1,PRESENT_EXACT,Windows/Resources/NewComputerSetup/winutil-main/winutil-main/functions/private/Invoke-WinUtilISOScript.ps1,3afefb09c9f120c689c2e50f6ec4d87f0b30fb38efc6e028b31288b53ed4b6a1
personal_PS_scripts.zip,personal_PS_scripts/windows master mega diag script/Windows-Master-Diagnostic-Toolkit/Resources/NewComputerSetup/new_computer_setup/winutil-main/winutil-main/functions/private/Invoke-WinUtilISOUSB.ps1,PRESENT_EXACT,Windows/Resources/NewComputerSetup/winutil-main/winutil-main/functions/private/Invoke-WinUtilISOUSB.ps1,d5c63e0d23ee00435b5718aec7e19370b23dce67ae96c78f34d7f8aa944643ed
personal_PS_scripts.zip,personal_PS_scripts/windows master mega diag script/Windows-Master-Diagnostic-Toolkit/Resources/NewComputerSetup/new_computer_setup/winutil-main/winutil-main/functions/private/Invoke-WinUtilScript.ps1,PRESENT_EXACT,Windows/Resources/NewComputerSetup/winutil-main/winutil-main/functions/private/Invoke-WinUtilScript.ps1,4b8cc731920a81dd0b2d5e55f3fa6f82a8c941273bffe2abeefa0bbcbaed2584
personal_PS_scripts.zip,personal_PS_scripts/windows master mega diag script/Windows-Master-Diagnostic-Toolkit/Resources/NewComputerSetup/new_computer_setup/winutil-main/winutil-main/functions/private/Invoke-WinUtilSponsors.ps1,PRESENT_EXACT,Windows/Resources/NewComputerSetup/winutil-main/winutil-main/functions/private/Invoke-WinUtilSponsors.ps1,11e0216a82c62a67fc9f3f46d3ce5059bf680ddd793624d4bb9bed52f4b68bbb
personal_PS_scripts.zip,personal_PS_scripts/windows master mega diag script/Windows-Master-Diagnostic-Toolkit/Resources/NewComputerSetup/new_computer_setup/winutil-main/winutil-main/functions/private/Invoke-WinUtilSSHServer.ps1,PRESENT_EXACT,Windows/Resources/NewComputerSetup/winutil-main/winutil-main/functions/private/Invoke-WinUtilSSHServer.ps1,d9eaff673d0ccdb12bb2991bf6170769bca7a5949fbf2d0850701942b657a4b4
personal_PS_scripts.zip,personal_PS_scripts/windows master mega diag script/Windows-Master-Diagnostic-Toolkit/Resources/NewComputerSetup/new_computer_setup/winutil-main/winutil-main/functions/private/Invoke-WinutilThemeChange.ps1,PRESENT_EXACT,Windows/Resources/NewComputerSetup/winutil-main/winutil-main/functions/private/Invoke-WinutilThemeChange.ps1,cc1384678fa06c0bd2532b7ddb91c12b69711a546d1de18a29056cc57b6afb93
personal_PS_scripts.zip,personal_PS_scripts/windows master mega diag script/Windows-Master-Diagnostic-Toolkit/Resources/NewComputerSetup/new_computer_setup/winutil-main/winutil-main/functions/private/Invoke-WinUtilTweaks.ps1,PRESENT_EXACT,Windows/Resources/NewComputerSetup/winutil-main/winutil-main/functions/private/Invoke-WinUtilTweaks.ps1,27e7deaf9b48ecc74085f980ad82dd9cd9dcbbcba0c7e9d33f58c9475bcf510b
personal_PS_scripts.zip,personal_PS_scripts/windows master mega diag script/Windows-Master-Diagnostic-Toolkit/Resources/NewComputerSetup/new_computer_setup/winutil-main/winutil-main/functions/private/Invoke-WinUtilUninstallPSProfile.ps1,PRESENT_EXACT,Windows/Resources/NewComputerSetup/winutil-main/winutil-main/functions/private/Invoke-WinUtilUninstallPSProfile.ps1,31c68cbae707e5c17ac6bc93af13768d0eab5414e4360225c9ecd85ac1bcb7c9
personal_PS_scripts.zip,personal_PS_scripts/windows master mega diag script/Windows-Master-Diagnostic-Toolkit/Resources/NewComputerSetup/new_computer_setup/winutil-main/winutil-main/functions/private/New-WinUtilFossBadge.ps1,PRESENT_EXACT,Windows/Resources/NewComputerSetup/winutil-main/winutil-main/functions/private/New-WinUtilFossBadge.ps1,a984fe89c911c495d819531a4eae0eac72801b9819f051c4003d158e5574fb27
personal_PS_scripts.zip,personal_PS_scripts/windows master mega diag script/Windows-Master-Diagnostic-Toolkit/Resources/NewComputerSetup/new_computer_setup/winutil-main/winutil-main/functions/private/Remove-WinUtilAPPX.ps1,PRESENT_EXACT,Windows/Resources/NewComputerSetup/winutil-main/winutil-main/functions/private/Remove-WinUtilAPPX.ps1,eeef7b0f6686e72a4d9c4a8e02056621138e3e902509ddb2f22d98bae0e4d55d
personal_PS_scripts.zip,personal_PS_scripts/windows master mega diag script/Windows-Master-Diagnostic-Toolkit/Resources/NewComputerSetup/new_computer_setup/winutil-main/winutil-main/functions/private/Remove-WinUtilProvisionedAPPX.ps1,PRESENT_EXACT,Windows/Resources/NewComputerSetup/winutil-main/winutil-main/functions/private/Remove-WinUtilProvisionedAPPX.ps1,9cbabcfa1fe3e5f0ab8ba1c86d8fd84855319d0574d53732d78780a0d81cba6c
personal_PS_scripts.zip,personal_PS_scripts/windows master mega diag script/Windows-Master-Diagnostic-Toolkit/Resources/NewComputerSetup/new_computer_setup/winutil-main/winutil-main/functions/private/Reset-WPFCheckBoxes.ps1,PRESENT_EXACT,Windows/Resources/NewComputerSetup/winutil-main/winutil-main/functions/private/Reset-WPFCheckBoxes.ps1,ebf61a45daeea9f75f8dd1d7bab79c82d02694792680b86f6040de2feb49ba09
personal_PS_scripts.zip,personal_PS_scripts/windows master mega diag script/Windows-Master-Diagnostic-Toolkit/Resources/NewComputerSetup/new_computer_setup/winutil-main/winutil-main/functions/private/Save-WinUtilFile.ps1,PRESENT_EXACT,Windows/Resources/NewComputerSetup/winutil-main/winutil-main/functions/private/Save-WinUtilFile.ps1,87ee540083b808b508d54fc4e0bbda7af562312cf271b4de5ab87e7f4d3fafc5
personal_PS_scripts.zip,personal_PS_scripts/windows master mega diag script/Windows-Master-Diagnostic-Toolkit/Resources/NewComputerSetup/new_computer_setup/winutil-main/winutil-main/functions/private/Set-WinUtilAppCategoryFilter.ps1,PRESENT_EXACT,Windows/Resources/NewComputerSetup/winutil-main/winutil-main/functions/private/Set-WinUtilAppCategoryFilter.ps1,5efa490595f4279d47c0bede63f587b72acdacbd35735f476a47ba358fd74d48
personal_PS_scripts.zip,personal_PS_scripts/windows master mega diag script/Windows-Master-Diagnostic-Toolkit/Resources/NewComputerSetup/new_computer_setup/winutil-main/winutil-main/functions/private/Set-WinUtilDNS.ps1,PRESENT_EXACT,Windows/Resources/NewComputerSetup/winutil-main/winutil-main/functions/private/Set-WinUtilDNS.ps1,c3163fdd8e162f1c0e2174cd4f97acdf639c230d7164e774640162c4b081845a
personal_PS_scripts.zip,personal_PS_scripts/windows master mega diag script/Windows-Master-Diagnostic-Toolkit/Resources/NewComputerSetup/new_computer_setup/winutil-main/winutil-main/functions/private/Set-WinUtilRegistry.ps1,PRESENT_EXACT,Windows/Resources/NewComputerSetup/winutil-main/winutil-main/functions/private/Set-WinUtilRegistry.ps1,df2251738b3b0ad0360147f99267d33718c02f37af77579bd34d29958bcbe726
personal_PS_scripts.zip,personal_PS_scripts/windows master mega diag script/Windows-Master-Diagnostic-Toolkit/Resources/NewComputerSetup/new_computer_setup/winutil-main/winutil-main/functions/private/Set-WinUtilRegistryComboState.ps1,PRESENT_EXACT,Windows/Resources/NewComputerSetup/winutil-main/winutil-main/functions/private/Set-WinUtilRegistryComboState.ps1,b96e6a4d24239381964867b5b56f3215d4f2899c6d66ccd2fe109ce87af5b15c
personal_PS_scripts.zip,personal_PS_scripts/windows master mega diag script/Windows-Master-Diagnostic-Toolkit/Resources/NewComputerSetup/new_computer_setup/winutil-main/winutil-main/functions/private/Set-WinUtilService.ps1,PRESENT_EXACT,Windows/Resources/NewComputerSetup/winutil-main/winutil-main/functions/private/Set-WinUtilService.ps1,c20752477c0b1883ac82dca39e645272badc506f6e36eff1c83011f1fbe667da
personal_PS_scripts.zip,personal_PS_scripts/windows master mega diag script/Windows-Master-Diagnostic-Toolkit/Resources/NewComputerSetup/new_computer_setup/winutil-main/winutil-main/functions/private/Set-WinUtilTaskbarItem.ps1,PRESENT_EXACT,Windows/Resources/NewComputerSetup/winutil-main/winutil-main/functions/private/Set-WinUtilTaskbarItem.ps1,5608f4db18d1f65390bae7567059937a18f584896163727769687aec899b75b5
personal_PS_scripts.zip,personal_PS_scripts/windows master mega diag script/Windows-Master-Diagnostic-Toolkit/Resources/NewComputerSetup/new_computer_setup/winutil-main/winutil-main/functions/private/Set-WinUtilTweaksProgressIndicator.ps1,PRESENT_EXACT,Windows/Resources/NewComputerSetup/winutil-main/winutil-main/functions/private/Set-WinUtilTweaksProgressIndicator.ps1,5ae31e18a8a5d829460d8c60e825fd21be9d11cbd4157fbdc69a5178b010f4f0
personal_PS_scripts.zip,personal_PS_scripts/windows master mega diag script/Windows-Master-Diagnostic-Toolkit/Resources/NewComputerSetup/new_computer_setup/winutil-main/winutil-main/functions/private/Show-CustomDialog.ps1,PRESENT_EXACT,Windows/Resources/NewComputerSetup/winutil-main/winutil-main/functions/private/Show-CustomDialog.ps1,ee79a53e5aa6e4b0456a214f0777851d5516a723ba205fd0c921cf1ee3648f1b
personal_PS_scripts.zip,personal_PS_scripts/windows master mega diag script/Windows-Master-Diagnostic-Toolkit/Resources/NewComputerSetup/new_computer_setup/winutil-main/winutil-main/functions/private/Show-WinUtilMessage.ps1,PRESENT_EXACT,Windows/Resources/NewComputerSetup/winutil-main/winutil-main/functions/private/Show-WinUtilMessage.ps1,73d7b8845b07e5fc6098c4a6c01a933770461d458a78668d09dd67bdbf443e2e
personal_PS_scripts.zip,personal_PS_scripts/windows master mega diag script/Windows-Master-Diagnostic-Toolkit/Resources/NewComputerSetup/new_computer_setup/winutil-main/winutil-main/functions/private/Start-WinUtilInstallAppRendering.ps1,PRESENT_EXACT,Windows/Resources/NewComputerSetup/winutil-main/winutil-main/functions/private/Start-WinUtilInstallAppRendering.ps1,a5626a99b8962d839fd4b959c5f72f4a6e8c5f21f296260fd4b8ec03e0084e7d
personal_PS_scripts.zip,personal_PS_scripts/windows master mega diag script/Windows-Master-Diagnostic-Toolkit/Resources/NewComputerSetup/new_computer_setup/winutil-main/winutil-main/functions/private/Test-WinUtilPackageManager.ps1,PRESENT_EXACT,Windows/Resources/NewComputerSetup/winutil-main/winutil-main/functions/private/Test-WinUtilPackageManager.ps1,8a84508ddb17d2a6bae8185ce393f6ceb4fbf98e19885ce11ec8c701413789b6
personal_PS_scripts.zip,personal_PS_scripts/windows master mega diag script/Windows-Master-Diagnostic-Toolkit/Resources/NewComputerSetup/new_computer_setup/winutil-main/winutil-main/functions/private/Update-WinUtilAppCategoryChip.ps1,PRESENT_EXACT,Windows/Resources/NewComputerSetup/winutil-main/winutil-main/functions/private/Update-WinUtilAppCategoryChip.ps1,479acd2c39061f1cd5cebc8ad2514e283c8c9bb96c46722cf270f61886bb1cc0
personal_PS_scripts.zip,personal_PS_scripts/windows master mega diag script/Windows-Master-Diagnostic-Toolkit/Resources/NewComputerSetup/new_computer_setup/winutil-main/winutil-main/functions/private/Update-WinUtilSelections.ps1,PRESENT_EXACT,Windows/Resources/NewComputerSetup/winutil-main/winutil-main/functions/private/Update-WinUtilSelections.ps1,ee9899aa9a38748764c64b415705ff469be1221cb7bb416c45a5f986c57a4d16
personal_PS_scripts.zip,personal_PS_scripts/windows master mega diag script/Windows-Master-Diagnostic-Toolkit/Resources/NewComputerSetup/new_computer_setup/winutil-main/winutil-main/functions/private/Write-WinUtilLog.ps1,PRESENT_EXACT,Windows/Resources/NewComputerSetup/winutil-main/winutil-main/functions/private/Write-WinUtilLog.ps1,fc2c16c86e9d50827101518a6e4cc876552e7cd7bdc665dab4a73b670a7326e4
personal_PS_scripts.zip,personal_PS_scripts/windows master mega diag script/Windows-Master-Diagnostic-Toolkit/Resources/NewComputerSetup/new_computer_setup/winutil-main/winutil-main/functions/public/Initialize-WPFUI.ps1,PRESENT_EXACT,Windows/Resources/NewComputerSetup/winutil-main/winutil-main/functions/public/Initialize-WPFUI.ps1,1e20b6e46b7fbc46478ba729bed1887bea3769df25c4dd4211d3dce1307e9e19
personal_PS_scripts.zip,personal_PS_scripts/windows master mega diag script/Windows-Master-Diagnostic-Toolkit/Resources/NewComputerSetup/new_computer_setup/winutil-main/winutil-main/functions/public/Invoke-WinUtilAutoRun.ps1,PRESENT_EXACT,Windows/Resources/NewComputerSetup/winutil-main/winutil-main/functions/public/Invoke-WinUtilAutoRun.ps1,42ebb7a1213d07912f3bb6d1060f593ac378ae7453a6af959b9a67af4bb815b6
personal_PS_scripts.zip,personal_PS_scripts/windows master mega diag script/Windows-Master-Diagnostic-Toolkit/Resources/NewComputerSetup/new_computer_setup/winutil-main/winutil-main/functions/public/Invoke-WPFAppxInstall.ps1,PRESENT_EXACT,Windows/Resources/NewComputerSetup/winutil-main/winutil-main/functions/public/Invoke-WPFAppxInstall.ps1,f9ddeaec8308d1b7223303dffc5874af27e344d1313c197b0916dd0acf26a256
personal_PS_scripts.zip,personal_PS_scripts/windows master mega diag script/Windows-Master-Diagnostic-Toolkit/Resources/NewComputerSetup/new_computer_setup/winutil-main/winutil-main/functions/public/Invoke-WPFAppxRemoval.ps1,PRESENT_EXACT,Windows/Resources/NewComputerSetup/winutil-main/winutil-main/functions/public/Invoke-WPFAppxRemoval.ps1,1bc7c840bdc0ae860582e112ea5a916a7a40949e761603a293479827013b4118
personal_PS_scripts.zip,personal_PS_scripts/windows master mega diag script/Windows-Master-Diagnostic-Toolkit/Resources/NewComputerSetup/new_computer_setup/winutil-main/winutil-main/functions/public/Invoke-WPFButton.ps1,PRESENT_EXACT,Windows/Resources/NewComputerSetup/winutil-main/winutil-main/functions/public/Invoke-WPFButton.ps1,6c763ee0de5a0e16f907e4df2273249998994be8ad5212a438100ff9ae55c14e
personal_PS_scripts.zip,personal_PS_scripts/windows master mega diag script/Windows-Master-Diagnostic-Toolkit/Resources/NewComputerSetup/new_computer_setup/winutil-main/winutil-main/functions/public/Invoke-WPFFeatureInstall.ps1,PRESENT_EXACT,Windows/Resources/NewComputerSetup/winutil-main/winutil-main/functions/public/Invoke-WPFFeatureInstall.ps1,88c6bdb45751dc00f8e80d116dded04d094df9077cc5250112c5bebc954c77cd
personal_PS_scripts.zip,personal_PS_scripts/windows master mega diag script/Windows-Master-Diagnostic-Toolkit/Resources/NewComputerSetup/new_computer_setup/winutil-main/winutil-main/functions/public/Invoke-WPFFixesNetwork.ps1,PRESENT_EXACT,Windows/Resources/NewComputerSetup/winutil-main/winutil-main/functions/public/Invoke-WPFFixesNetwork.ps1,961586e05686baadd6a1298bb111948ac81a948d69d0384fd3bdf71020f691a8
personal_PS_scripts.zip,personal_PS_scripts/windows master mega diag script/Windows-Master-Diagnostic-Toolkit/Resources/NewComputerSetup/new_computer_setup/winutil-main/winutil-main/functions/public/Invoke-WPFFixesNTPPool.ps1,PRESENT_EXACT,Windows/Resources/NewComputerSetup/winutil-main/winutil-main/functions/public/Invoke-WPFFixesNTPPool.ps1,cc7c792dae3ec09cf534c53e88ac9ec843e7c5486766a22f91e45938ee717e83
personal_PS_scripts.zip,personal_PS_scripts/windows master mega diag script/Windows-Master-Diagnostic-Toolkit/Resources/NewComputerSetup/new_computer_setup/winutil-main/winutil-main/functions/public/Invoke-WPFFixesUpdate.ps1,PRESENT_EXACT,Windows/Resources/NewComputerSetup/winutil-main/winutil-main/functions/public/Invoke-WPFFixesUpdate.ps1,c294495d23a05ae24b96314f4a8598ebf3a8a9e32042014de0a8ed49292a4105
personal_PS_scripts.zip,personal_PS_scripts/windows master mega diag script/Windows-Master-Diagnostic-Toolkit/Resources/NewComputerSetup/new_computer_setup/winutil-main/winutil-main/functions/public/Invoke-WPFFixesWinget.ps1,PRESENT_EXACT,Windows/Resources/NewComputerSetup/winutil-main/winutil-main/functions/public/Invoke-WPFFixesWinget.ps1,54b89542a26f96552dea4442a75addffdeb80d180379542f4d13901f05ec5bc9
personal_PS_scripts.zip,personal_PS_scripts/windows master mega diag script/Windows-Master-Diagnostic-Toolkit/Resources/NewComputerSetup/new_computer_setup/winutil-main/winutil-main/functions/public/Invoke-WPFGetInstalled.ps1,PRESENT_EXACT,Windows/Resources/NewComputerSetup/winutil-main/winutil-main/functions/public/Invoke-WPFGetInstalled.ps1,3c0ffdcb2f6b6c9c40e695dec68ec02e56f117227da5b64e323820a381156f98
personal_PS_scripts.zip,personal_PS_scripts/windows master mega diag script/Windows-Master-Diagnostic-Toolkit/Resources/NewComputerSetup/new_computer_setup/winutil-main/winutil-main/functions/public/Invoke-WPFImpex.ps1,PRESENT_EXACT,Windows/Resources/NewComputerSetup/winutil-main/winutil-main/functions/public/Invoke-WPFImpex.ps1,f8d01d7ab7a9d7571b7117dc0edbffa6b133af9a37d6b14b404b7b8f4d09c945
personal_PS_scripts.zip,personal_PS_scripts/windows master mega diag script/Windows-Master-Diagnostic-Toolkit/Resources/NewComputerSetup/new_computer_setup/winutil-main/winutil-main/functions/public/Invoke-WPFInstall.ps1,PRESENT_EXACT,Windows/Resources/NewComputerSetup/winutil-main/winutil-main/functions/public/Invoke-WPFInstall.ps1,16b56d46e5ea34b539a82cada622f4f0ef4ab19721136622cef31c27fad67cd0
personal_PS_scripts.zip,personal_PS_scripts/windows master mega diag script/Windows-Master-Diagnostic-Toolkit/Resources/NewComputerSetup/new_computer_setup/winutil-main/winutil-main/functions/public/Invoke-WPFInstallUpgrade.ps1,PRESENT_EXACT,Windows/Resources/NewComputerSetup/winutil-main/winutil-main/functions/public/Invoke-WPFInstallUpgrade.ps1,61cc9dc9d80666e90d7b7196185dcc12ca606961d685bb33ef19135b81508e81
personal_PS_scripts.zip,personal_PS_scripts/windows master mega diag script/Windows-Master-Diagnostic-Toolkit/Resources/NewComputerSetup/new_computer_setup/winutil-main/winutil-main/functions/public/Invoke-WPFOOSU.ps1,PRESENT_EXACT,Windows/Resources/NewComputerSetup/winutil-main/winutil-main/functions/public/Invoke-WPFOOSU.ps1,8de019b37df4a2d71a1be970a09b2fdb4f577332b72c3522e0255c2176705128
personal_PS_scripts.zip,personal_PS_scripts/windows master mega diag script/Windows-Master-Diagnostic-Toolkit/Resources/NewComputerSetup/new_computer_setup/winutil-main/winutil-main/functions/public/Invoke-WPFPanelAutologin.ps1,PRESENT_EXACT,Windows/Resources/NewComputerSetup/winutil-main/winutil-main/functions/public/Invoke-WPFPanelAutologin.ps1,70c510173404b66920f824b04be83155fc12bb8c91c165a7146d2da86f29b463
personal_PS_scripts.zip,personal_PS_scripts/windows master mega diag script/Windows-Master-Diagnostic-Toolkit/Resources/NewComputerSetup/new_computer_setup/winutil-main/winutil-main/functions/public/Invoke-WPFPopup.ps1,PRESENT_EXACT,Windows/Resources/NewComputerSetup/winutil-main/winutil-main/functions/public/Invoke-WPFPopup.ps1,cef1270c76acc73850f9a149fd5db9d708e8920bfdde4d58a1dcf11b8726bb13
personal_PS_scripts.zip,personal_PS_scripts/windows master mega diag script/Windows-Master-Diagnostic-Toolkit/Resources/NewComputerSetup/new_computer_setup/winutil-main/winutil-main/functions/public/Invoke-WPFPresets.ps1,PRESENT_EXACT,Windows/Resources/NewComputerSetup/winutil-main/winutil-main/functions/public/Invoke-WPFPresets.ps1,95c350de8ec7dd5b88fa3d701e7178eb4becf365d7b746444cc42dc0b3d55906
personal_PS_scripts.zip,personal_PS_scripts/windows master mega diag script/Windows-Master-Diagnostic-Toolkit/Resources/NewComputerSetup/new_computer_setup/winutil-main/winutil-main/functions/public/Invoke-WPFRunspace.ps1,PRESENT_EXACT,Windows/Resources/NewComputerSetup/winutil-main/winutil-main/functions/public/Invoke-WPFRunspace.ps1,7ee95cd294946d8f465468d429530bab342dd0e25853b46445c7d6dccd0b66af
personal_PS_scripts.zip,personal_PS_scripts/windows master mega diag script/Windows-Master-Diagnostic-Toolkit/Resources/NewComputerSetup/new_computer_setup/winutil-main/winutil-main/functions/public/Invoke-WPFSelectedCheckboxesUpdate.ps1,PRESENT_EXACT,Windows/Resources/NewComputerSetup/winutil-main/winutil-main/functions/public/Invoke-WPFSelectedCheckboxesUpdate.ps1,6c6465a2e336a33c1883cfb57d32b0b15f6fa273dd4a21ca0c10bd1ba2f08e79
personal_PS_scripts.zip,personal_PS_scripts/windows master mega diag script/Windows-Master-Diagnostic-Toolkit/Resources/NewComputerSetup/new_computer_setup/winutil-main/winutil-main/functions/public/Invoke-WPFSSHServer.ps1,PRESENT_EXACT,Windows/Resources/NewComputerSetup/winutil-main/winutil-main/functions/public/Invoke-WPFSSHServer.ps1,3c292ead20734e628c9fb14fcc06053dbc770c700985b4fb68f4eaa7a8c63647
personal_PS_scripts.zip,personal_PS_scripts/windows master mega diag script/Windows-Master-Diagnostic-Toolkit/Resources/NewComputerSetup/new_computer_setup/winutil-main/winutil-main/functions/public/Invoke-WPFSystemRepair.ps1,PRESENT_EXACT,Windows/Resources/NewComputerSetup/winutil-main/winutil-main/functions/public/Invoke-WPFSystemRepair.ps1,da96282c17ec81df4fe9c0787e9222ce5f912c0c9cc4d4dd1188e7d38fb81821
personal_PS_scripts.zip,personal_PS_scripts/windows master mega diag script/Windows-Master-Diagnostic-Toolkit/Resources/NewComputerSetup/new_computer_setup/winutil-main/winutil-main/functions/public/Invoke-WPFTab.ps1,PRESENT_EXACT,Windows/Resources/NewComputerSetup/winutil-main/winutil-main/functions/public/Invoke-WPFTab.ps1,2509f58113e6c4773eba53cef88d87e81404ec9bbaadfc9a6da5e5ff9aaed0e7
personal_PS_scripts.zip,personal_PS_scripts/windows master mega diag script/Windows-Master-Diagnostic-Toolkit/Resources/NewComputerSetup/new_computer_setup/winutil-main/winutil-main/functions/public/Invoke-WPFToggleAllCategories.ps1,PRESENT_EXACT,Windows/Resources/NewComputerSetup/winutil-main/winutil-main/functions/public/Invoke-WPFToggleAllCategories.ps1,cd1a35a11c5d35e79947a0cf82bf86c486d7a16c45a9717778bc6ce7ab3d7dcc
personal_PS_scripts.zip,personal_PS_scripts/windows master mega diag script/Windows-Master-Diagnostic-Toolkit/Resources/NewComputerSetup/new_computer_setup/winutil-main/winutil-main/functions/public/Invoke-WPFtweaksbutton.ps1,PRESENT_EXACT,Windows/Resources/NewComputerSetup/winutil-main/winutil-main/functions/public/Invoke-WPFtweaksbutton.ps1,70122c0214c3cfdaf79883b061615d623addd53a2f8d71576830cfdf0a01b5c0
personal_PS_scripts.zip,personal_PS_scripts/windows master mega diag script/Windows-Master-Diagnostic-Toolkit/Resources/NewComputerSetup/new_computer_setup/winutil-main/winutil-main/functions/public/Invoke-WPFUIElements.ps1,PRESENT_EXACT,Windows/Resources/NewComputerSetup/winutil-main/winutil-main/functions/public/Invoke-WPFUIElements.ps1,4d50690318bad61594504ed29a26b83ab8e9dbf1a953cf0c4ce3629fbacefb01
personal_PS_scripts.zip,personal_PS_scripts/windows master mega diag script/Windows-Master-Diagnostic-Toolkit/Resources/NewComputerSetup/new_computer_setup/winutil-main/winutil-main/functions/public/Invoke-WPFUIThread.ps1,PRESENT_EXACT,Windows/Resources/NewComputerSetup/winutil-main/winutil-main/functions/public/Invoke-WPFUIThread.ps1,1b5edccb36ddaa9a57d6fff9381edb83ef75873620fa09c37a78f8e200f077ea
personal_PS_scripts.zip,personal_PS_scripts/windows master mega diag script/Windows-Master-Diagnostic-Toolkit/Resources/NewComputerSetup/new_computer_setup/winutil-main/winutil-main/functions/public/Invoke-WPFUltimatePerformance.ps1,PRESENT_EXACT,Windows/Resources/NewComputerSetup/winutil-main/winutil-main/functions/public/Invoke-WPFUltimatePerformance.ps1,7ed59293c3846aa553d212733c23c8db968578be90b4f0103468daceefed4921
personal_PS_scripts.zip,personal_PS_scripts/windows master mega diag script/Windows-Master-Diagnostic-Toolkit/Resources/NewComputerSetup/new_computer_setup/winutil-main/winutil-main/functions/public/Invoke-WPFundoall.ps1,PRESENT_EXACT,Windows/Resources/NewComputerSetup/winutil-main/winutil-main/functions/public/Invoke-WPFundoall.ps1,12a25fc5d2b31712aa57f932be06321dfe8d81ac31c9f079821653265b464426
personal_PS_scripts.zip,personal_PS_scripts/windows master mega diag script/Windows-Master-Diagnostic-Toolkit/Resources/NewComputerSetup/new_computer_setup/winutil-main/winutil-main/functions/public/Invoke-WPFUnInstall.ps1,PRESENT_EXACT,Windows/Resources/NewComputerSetup/winutil-main/winutil-main/functions/public/Invoke-WPFUnInstall.ps1,055e9feb8c8746f0f9a5389a5db00ee9f4c2299ba9190236f23ebd2acf8584f8
personal_PS_scripts.zip,personal_PS_scripts/windows master mega diag script/Windows-Master-Diagnostic-Toolkit/Resources/NewComputerSetup/new_computer_setup/winutil-main/winutil-main/functions/public/Invoke-WPFUpdatesdefault.ps1,PRESENT_EXACT,Windows/Resources/NewComputerSetup/winutil-main/winutil-main/functions/public/Invoke-WPFUpdatesdefault.ps1,9ea344252f7a15a1aadeb01ef84775b281abbe23dc3e8638691615e51c1f82bf
personal_PS_scripts.zip,personal_PS_scripts/windows master mega diag script/Windows-Master-Diagnostic-Toolkit/Resources/NewComputerSetup/new_computer_setup/winutil-main/winutil-main/functions/public/Invoke-WPFUpdatesdisable.ps1,PRESENT_EXACT,Windows/Resources/NewComputerSetup/winutil-main/winutil-main/functions/public/Invoke-WPFUpdatesdisable.ps1,712a9dcaa112fc7a15b90d89cf90adf227d0d521c21e850ca3fa1aa9b07dbdb3
personal_PS_scripts.zip,personal_PS_scripts/windows master mega diag script/Windows-Master-Diagnostic-Toolkit/Resources/NewComputerSetup/new_computer_setup/winutil-main/winutil-main/functions/public/Invoke-WPFUpdatessecurity.ps1,PRESENT_EXACT,Windows/Resources/NewComputerSetup/winutil-main/winutil-main/functions/public/Invoke-WPFUpdatessecurity.ps1,18f3352e33f9313deb4a2c0dde3c1f56e05d196fe02a92f4ffe1c69911ecb295
personal_PS_scripts.zip,personal_PS_scripts/windows master mega diag script/Windows-Master-Diagnostic-Toolkit/Resources/NewComputerSetup/new_computer_setup/winutil-main/winutil-main/lint/PSScriptAnalyser.ps1,PRESENT_EXACT,Windows/Resources/NewComputerSetup/winutil-main/winutil-main/lint/PSScriptAnalyser.ps1,72904705d4c78445e08969cc01dacf8074bfd6aa0bd21559852b1749ba77c648
personal_PS_scripts.zip,personal_PS_scripts/windows master mega diag script/Windows-Master-Diagnostic-Toolkit/Resources/NewComputerSetup/new_computer_setup/winutil-main/winutil-main/pester/appx.Tests.ps1,PRESENT_EXACT,Windows/Resources/NewComputerSetup/winutil-main/winutil-main/pester/appx.Tests.ps1,71963226aea517c13b203736b4c6dc3f3e34b9367d6f128037be9ee1573a07e3
personal_PS_scripts.zip,personal_PS_scripts/windows master mega diag script/Windows-Master-Diagnostic-Toolkit/Resources/NewComputerSetup/new_computer_setup/winutil-main/winutil-main/pester/assets.Tests.ps1,PRESENT_EXACT,Windows/Resources/NewComputerSetup/winutil-main/winutil-main/pester/assets.Tests.ps1,42deb375a11baaa272addf7f79d25704f79ff4fbbab6b9145f585602152d969c
personal_PS_scripts.zip,personal_PS_scripts/windows master mega diag script/Windows-Master-Diagnostic-Toolkit/Resources/NewComputerSetup/new_computer_setup/winutil-main/winutil-main/pester/configs.Tests.ps1,PRESENT_EXACT,Windows/Resources/NewComputerSetup/winutil-main/winutil-main/pester/configs.Tests.ps1,f5f79ad41df34a5107c2115e73baf095ccb08bb1b032c8bbe3bf58e37cdacc43
personal_PS_scripts.zip,personal_PS_scripts/windows master mega diag script/Windows-Master-Diagnostic-Toolkit/Resources/NewComputerSetup/new_computer_setup/winutil-main/winutil-main/pester/dns.Tests.ps1,PRESENT_EXACT,Windows/Resources/NewComputerSetup/winutil-main/winutil-main/pester/dns.Tests.ps1,bd6fea45efd1910e6f60398ffe94dcd40c6579dcd91fb21d7bd86e7324b9d8bd
personal_PS_scripts.zip,personal_PS_scripts/windows master mega diag script/Windows-Master-Diagnostic-Toolkit/Resources/NewComputerSetup/new_computer_setup/winutil-main/winutil-main/pester/functions.Tests.ps1,PRESENT_EXACT,Windows/Resources/NewComputerSetup/winutil-main/winutil-main/pester/functions.Tests.ps1,c3356416dd433d0b0af36280f1f7c9fd753591608ef11e8e5c97824bb21bfa94
personal_PS_scripts.zip,personal_PS_scripts/windows master mega diag script/Windows-Master-Diagnostic-Toolkit/Resources/NewComputerSetup/new_computer_setup/winutil-main/winutil-main/pester/headless-ui.Tests.ps1,PRESENT_EXACT,Windows/Resources/NewComputerSetup/winutil-main/winutil-main/pester/headless-ui.Tests.ps1,b435310083efebfd12bf71064d08909295b24869ebc68d3ec452018e0e51ef20
personal_PS_scripts.zip,personal_PS_scripts/windows master mega diag script/Windows-Master-Diagnostic-Toolkit/Resources/NewComputerSetup/new_computer_setup/winutil-main/winutil-main/pester/install-rendering.Tests.ps1,PRESENT_EXACT,Windows/Resources/NewComputerSetup/winutil-main/winutil-main/pester/install-rendering.Tests.ps1,5f5b31ed29aa1600cdfc34e32d37e7adea33e98e516bcf4b76182f5d69587994
personal_PS_scripts.zip,personal_PS_scripts/windows master mega diag script/Windows-Master-Diagnostic-Toolkit/Resources/NewComputerSetup/new_computer_setup/winutil-main/winutil-main/pester/install-workflow.Tests.ps1,PRESENT_EXACT,Windows/Resources/NewComputerSetup/winutil-main/winutil-main/pester/install-workflow.Tests.ps1,f4ec219f444f5b3777d239cf04654b8d953945c99d10702c99e6f4d9f548511d
personal_PS_scripts.zip,personal_PS_scripts/windows master mega diag script/Windows-Master-Diagnostic-Toolkit/Resources/NewComputerSetup/new_computer_setup/winutil-main/winutil-main/pester/lazy-tabs.Tests.ps1,PRESENT_EXACT,Windows/Resources/NewComputerSetup/winutil-main/winutil-main/pester/lazy-tabs.Tests.ps1,fb93fef3fe70c10434c7af9fc0106539717e9b19865a37577f629d0e2d0c20b5
personal_PS_scripts.zip,personal_PS_scripts/windows master mega diag script/Windows-Master-Diagnostic-Toolkit/Resources/NewComputerSetup/new_computer_setup/winutil-main/winutil-main/pester/logging.Tests.ps1,PRESENT_EXACT,Windows/Resources/NewComputerSetup/winutil-main/winutil-main/pester/logging.Tests.ps1,8e6e96a00cadcd40c8bddb8fb87f2f00b10f43bf3e99c5b0b3ad0b3a71252974
personal_PS_scripts.zip,personal_PS_scripts/windows master mega diag script/Windows-Master-Diagnostic-Toolkit/Resources/NewComputerSetup/new_computer_setup/winutil-main/winutil-main/pester/multiplane-overlay.Tests.ps1,PRESENT_EXACT,Windows/Resources/NewComputerSetup/winutil-main/winutil-main/pester/multiplane-overlay.Tests.ps1,a99b33ffe7f546cf3d1e984b5aaba7e018ba13e8065fb492e9f90520ed4a9310
personal_PS_scripts.zip,personal_PS_scripts/windows master mega diag script/Windows-Master-Diagnostic-Toolkit/Resources/NewComputerSetup/new_computer_setup/winutil-main/winutil-main/pester/oosu.Tests.ps1,PRESENT_EXACT,Windows/Resources/NewComputerSetup/winutil-main/winutil-main/pester/oosu.Tests.ps1,1a0d9e42884434b8edab78cae961a501725ecf80e49fd8955dbea819c5815ca2
personal_PS_scripts.zip,personal_PS_scripts/windows master mega diag script/Windows-Master-Diagnostic-Toolkit/Resources/NewComputerSetup/new_computer_setup/winutil-main/winutil-main/pester/package.Tests.ps1,PRESENT_EXACT,Windows/Resources/NewComputerSetup/winutil-main/winutil-main/pester/package.Tests.ps1,215ea5121aded4c00e836d47c5fb529081030ead47dec8e6b9a52b942dff8e86
personal_PS_scripts.zip,personal_PS_scripts/windows master mega diag script/Windows-Master-Diagnostic-Toolkit/Resources/NewComputerSetup/new_computer_setup/winutil-main/winutil-main/pester/preferences-theme.Tests.ps1,PRESENT_EXACT,Windows/Resources/NewComputerSetup/winutil-main/winutil-main/pester/preferences-theme.Tests.ps1,0c2bc16c985568b584cac3bc8065c9401fc3d9d048a46038653ddb69af861ff6
personal_PS_scripts.zip,personal_PS_scripts/windows master mega diag script/Windows-Master-Diagnostic-Toolkit/Resources/NewComputerSetup/new_computer_setup/winutil-main/winutil-main/pester/runspace-lifecycle.Tests.ps1,PRESENT_EXACT,Windows/Resources/NewComputerSetup/winutil-main/winutil-main/pester/runspace-lifecycle.Tests.ps1,115f1819b9b781cfc5503b2c93c0685f7524ae11759841c2a424ffc8759e8e5a
personal_PS_scripts.zip,personal_PS_scripts/windows master mega diag script/Windows-Master-Diagnostic-Toolkit/Resources/NewComputerSetup/new_computer_setup/winutil-main/winutil-main/pester/runspace.Tests.ps1,PRESENT_EXACT,Windows/Resources/NewComputerSetup/winutil-main/winutil-main/pester/runspace.Tests.ps1,ed62ee8217da7078533ef51bcf6c7302d3ed69fab85c3943ebac0eee903cf4dd
personal_PS_scripts.zip,personal_PS_scripts/windows master mega diag script/Windows-Master-Diagnostic-Toolkit/Resources/NewComputerSetup/new_computer_setup/winutil-main/winutil-main/pester/sanity.Tests.ps1,PRESENT_EXACT,Windows/Resources/NewComputerSetup/winutil-main/winutil-main/pester/sanity.Tests.ps1,90c05e3b08ccb48db8b60f5375ee5bda29bbfcdd7397a0868f931d01b8efec1c
personal_PS_scripts.zip,personal_PS_scripts/windows master mega diag script/Windows-Master-Diagnostic-Toolkit/Resources/NewComputerSetup/new_computer_setup/winutil-main/winutil-main/pester/search-filter.Tests.ps1,PRESENT_EXACT,Windows/Resources/NewComputerSetup/winutil-main/winutil-main/pester/search-filter.Tests.ps1,9a1b8416a65a998f7d86db983e2527ad26e67947768015f6f0cb54ed0c83c96a
personal_PS_scripts.zip,personal_PS_scripts/windows master mega diag script/Windows-Master-Diagnostic-Toolkit/Resources/NewComputerSetup/new_computer_setup/winutil-main/winutil-main/pester/ssh-server.Tests.ps1,PRESENT_EXACT,Windows/Resources/NewComputerSetup/winutil-main/winutil-main/pester/ssh-server.Tests.ps1,30782d3929735a12f8bc824fd46db48c2e9d632efeb3017d578b1ab2a7c2e990
personal_PS_scripts.zip,personal_PS_scripts/windows master mega diag script/Windows-Master-Diagnostic-Toolkit/Resources/NewComputerSetup/new_computer_setup/winutil-main/winutil-main/pester/system-helpers.Tests.ps1,PRESENT_EXACT,Windows/Resources/NewComputerSetup/winutil-main/winutil-main/pester/system-helpers.Tests.ps1,dd89f110814f0d95bad6cf41312295df9f70c41010467239462e85b1de36f770
personal_PS_scripts.zip,personal_PS_scripts/windows master mega diag script/Windows-Master-Diagnostic-Toolkit/Resources/NewComputerSetup/new_computer_setup/winutil-main/winutil-main/pester/toggle-status.Tests.ps1,PRESENT_EXACT,Windows/Resources/NewComputerSetup/winutil-main/winutil-main/pester/toggle-status.Tests.ps1,6f4caa75864964d92b056d63745291d6d3ea4259ce02405a02960b45e4e90e9e
personal_PS_scripts.zip,personal_PS_scripts/windows master mega diag script/Windows-Master-Diagnostic-Toolkit/Resources/NewComputerSetup/new_computer_setup/winutil-main/winutil-main/pester/tooltip-key.Tests.ps1,PRESENT_EXACT,Windows/Resources/NewComputerSetup/winutil-main/winutil-main/pester/tooltip-key.Tests.ps1,27ee96e59436aa47c68420d8bdb4dfe800e0c603ce8fe93d88afaead40ce1ecf
personal_PS_scripts.zip,personal_PS_scripts/windows master mega diag script/Windows-Master-Diagnostic-Toolkit/Resources/NewComputerSetup/new_computer_setup/winutil-main/winutil-main/pester/triage-tools.Tests.ps1,PRESENT_EXACT,Windows/Resources/NewComputerSetup/winutil-main/winutil-main/pester/triage-tools.Tests.ps1,5d7ddc60e6753f2fe7260208887a726816ffa8be3f3c104d25165458bc94cfb0
personal_PS_scripts.zip,personal_PS_scripts/windows master mega diag script/Windows-Master-Diagnostic-Toolkit/Resources/NewComputerSetup/new_computer_setup/winutil-main/winutil-main/pester/tweaks.Tests.ps1,PRESENT_EXACT,Windows/Resources/NewComputerSetup/winutil-main/winutil-main/pester/tweaks.Tests.ps1,6b93e05e9e90a59a69aa3fe7f6ccb1574a3a35cd51dc8efe32ac7f31586e1c1f
personal_PS_scripts.zip,personal_PS_scripts/windows master mega diag script/Windows-Master-Diagnostic-Toolkit/Resources/NewComputerSetup/new_computer_setup/winutil-main/winutil-main/pester/ui-state.Tests.ps1,PRESENT_EXACT,Windows/Resources/NewComputerSetup/winutil-main/winutil-main/pester/ui-state.Tests.ps1,40281019567b2e7bd63bc8fdef902f15b5a0edea5297bff5e34810fd671702e1
personal_PS_scripts.zip,personal_PS_scripts/windows master mega diag script/Windows-Master-Diagnostic-Toolkit/Resources/NewComputerSetup/new_computer_setup/winutil-main/winutil-main/pester/update-profiles.Tests.ps1,PRESENT_EXACT,Windows/Resources/NewComputerSetup/winutil-main/winutil-main/pester/update-profiles.Tests.ps1,d4606e64ab5e5cbab24a509bfdb3ecec02dd9efcf53a69c5735403d86fa23e15
personal_PS_scripts.zip,personal_PS_scripts/windows master mega diag script/Windows-Master-Diagnostic-Toolkit/Resources/NewComputerSetup/new_computer_setup/winutil-main/winutil-main/pester/variables.Tests.ps1,PRESENT_EXACT,Windows/Resources/NewComputerSetup/winutil-main/winutil-main/pester/variables.Tests.ps1,02fca0cc317105f66f87eb8fd8b498dcbe41081e02c74fce80a2e399a18ec499
personal_PS_scripts.zip,personal_PS_scripts/windows master mega diag script/Windows-Master-Diagnostic-Toolkit/Resources/NewComputerSetup/new_computer_setup/winutil-main/winutil-main/pester/win11creator.Tests.ps1,PRESENT_EXACT,Windows/Resources/NewComputerSetup/winutil-main/winutil-main/pester/win11creator.Tests.ps1,25c737e36015d9b3d630ca4ee0f68ce964a0d8aba59498e206c1be9e2f0fda08
personal_PS_scripts.zip,personal_PS_scripts/windows master mega diag script/Windows-Master-Diagnostic-Toolkit/Resources/NewComputerSetup/new_computer_setup/winutil-main/winutil-main/pester/winoneshot-compat.Tests.ps1,PRESENT_EXACT,Windows/Resources/NewComputerSetup/winutil-main/winutil-main/pester/winoneshot-compat.Tests.ps1,5b3a2019213e4a53a20784ba9dc54e0e7b78b611f3095b4242c6dd3b0f266bcd
personal_PS_scripts.zip,personal_PS_scripts/windows master mega diag script/Windows-Master-Diagnostic-Toolkit/Resources/NewComputerSetup/new_computer_setup/winutil-main/winutil-main/pester/xaml.Tests.ps1,PRESENT_EXACT,Windows/Resources/NewComputerSetup/winutil-main/winutil-main/pester/xaml.Tests.ps1,bcdf014c25744f30c1db744a235047e712fe379a21da052f74ab3af5cb180a43
personal_PS_scripts.zip,personal_PS_scripts/windows master mega diag script/Windows-Master-Diagnostic-Toolkit/Resources/NewComputerSetup/new_computer_setup/winutil-main/winutil-main/pester/fixtures/legacy-config.json,PRESENT_EXACT,Windows/Resources/NewComputerSetup/winutil-main/winutil-main/pester/fixtures/legacy-config.json,d5c829648329551d140324767c1eb9e0d197b543669d075416db88314980074f
personal_PS_scripts.zip,personal_PS_scripts/windows master mega diag script/Windows-Master-Diagnostic-Toolkit/Resources/NewComputerSetup/new_computer_setup/winutil-main/winutil-main/scripts/main.ps1,PRESENT_EXACT,Windows/Resources/NewComputerSetup/winutil-main/winutil-main/scripts/main.ps1,3b81ad0956af78a02b9e406bf6d44d92de13570537624239191c6855007caf16
personal_PS_scripts.zip,personal_PS_scripts/windows master mega diag script/Windows-Master-Diagnostic-Toolkit/Resources/NewComputerSetup/new_computer_setup/winutil-main/winutil-main/scripts/start.ps1,PRESENT_EXACT,Windows/Resources/NewComputerSetup/winutil-main/winutil-main/scripts/start.ps1,af0e049be7c9d4a4608607cb096386ffa0382f9b372c92fb31ecf851a103cb22
personal_PS_scripts.zip,personal_PS_scripts/windows master mega diag script/Windows-Master-Diagnostic-Toolkit/Resources/NewComputerSetup/new_computer_setup/winutil-main/winutil-main/tools/autounattend.xml,PRESENT_EXACT,Windows/Resources/NewComputerSetup/winutil-main/winutil-main/tools/autounattend.xml,28dcf919da84d6795b21db5bff5a72611477efad11c78ec3e7bdcdb7ebac016d
personal_PS_scripts.zip,personal_PS_scripts/windows master mega diag script/Windows-Master-Diagnostic-Toolkit/Resources/NewComputerSetup/new_computer_setup/winutil-main/winutil-main/tools/devdocs-generator.md,PRESENT_EXACT,Windows/Resources/NewComputerSetup/winutil-main/winutil-main/tools/devdocs-generator.md,2ae5a851aaa1331b2f05b9a23b22c6d5a837e448164c4b4e8d425c6c90506504
personal_PS_scripts.zip,personal_PS_scripts/windows master mega diag script/Windows-Master-Diagnostic-Toolkit/Resources/NewComputerSetup/new_computer_setup/winutil-main/winutil-main/tools/devdocs-generator.ps1,PRESENT_EXACT,Windows/Resources/NewComputerSetup/winutil-main/winutil-main/tools/devdocs-generator.ps1,359a986f383691a56891fa0e516598860e4f6ca5e9a50478ac96e57312153da8
personal_PS_scripts.zip,personal_PS_scripts/windows master mega diag script/Windows-Master-Diagnostic-Toolkit/Resources/NewComputerSetup/new_computer_setup/winutil-main/winutil-main/xaml/inputXML.xaml,PRESENT_EXACT,Windows/Resources/NewComputerSetup/winutil-main/winutil-main/xaml/inputXML.xaml,ac9882439cb2b2319bb596728e452246763c361bc150735836906efd6d2f217b
personal_PS_scripts.zip,personal_PS_scripts/windows master mega diag script/Windows-Master-Diagnostic-Toolkit/Scripts/Check-SecureBootCert_PRODUCTION_READY.ps1,PRESENT_EXACT,Windows/Scripts/Security/Check-SecureBootCert_PRODUCTION_READY.ps1,95b18510f5cb84d4de786552504976d8872ca7367c7ffdace840e841d096fd65
personal_PS_scripts.zip,personal_PS_scripts/windows master mega diag script/Windows-Master-Diagnostic-Toolkit/Scripts/Invoke-AmortPersistenceReview.ps1,PRESENT_EXACT,Windows/Scripts/Invoke-AmortPersistenceReview.ps1,68261d10759a54df9183a2d5d4ed059b92f0b1af094a5384521a1e68e690c677
personal_PS_scripts.zip,personal_PS_scripts/windows master mega diag script/Windows-Master-Diagnostic-Toolkit/Scripts/Invoke-BackupBitLockerKeys.ps1,PRESENT_EXACT,Windows/Scripts/Invoke-BackupBitLockerKeys.ps1,c6c6fb60a3a89804f85bc7e4c8dcc806e234b379b2f895a25cdce3517795fa93
personal_PS_scripts.zip,personal_PS_scripts/windows master mega diag script/Windows-Master-Diagnostic-Toolkit/Scripts/Invoke-BeretBrowserReview.ps1,PRESENT_EXACT,Windows/Scripts/Invoke-BeretBrowserReview.ps1,de4025109763e1ee6f8184f79c8c7e048342ef6ee30bbb2326eea555f2c4dd12
personal_PS_scripts.zip,personal_PS_scripts/windows master mega diag script/Windows-Master-Diagnostic-Toolkit/Scripts/Invoke-ClearTempJunk.ps1,PRESENT_EXACT,Windows/Scripts/Invoke-ClearTempJunk.ps1,21c62c50942771fdf7fdee59f233e0583775bf638f7f2611658afdcf35cedb3a
personal_PS_scripts.zip,personal_PS_scripts/windows master mega diag script/Windows-Master-Diagnostic-Toolkit/Scripts/Invoke-DebloatInventory.ps1,PRESENT_EXACT,Windows/Scripts/Invoke-DebloatInventory.ps1,ce3658b8d47c72e3b3f60fe55de2c0892b21746fa2e3c08b9319e753d00b6750
personal_PS_scripts.zip,personal_PS_scripts/windows master mega diag script/Windows-Master-Diagnostic-Toolkit/Scripts/Invoke-DefendAudit.ps1,PRESENT_EXACT,Windows/Scripts/Invoke-DefendAudit.ps1,d1c4bb885584ef89f4d54924a34e29ec2a65e78d4191255b057193b103d7f1b9
personal_PS_scripts.zip,personal_PS_scripts/windows master mega diag script/Windows-Master-Diagnostic-Toolkit/Scripts/Invoke-DefenderQuickScan.ps1,PRESENT_EXACT,Windows/Scripts/Invoke-DefenderQuickScan.ps1,739c8a2ea7640b5f84a57f79b3c51fdf4368bc36d6b3347068e7edda5bfb29d8
personal_PS_scripts.zip,personal_PS_scripts/windows master mega diag script/Windows-Master-Diagnostic-Toolkit/Scripts/Invoke-DeviceInformationReport.ps1,PRESENT_EXACT,Windows/Scripts/Invoke-DeviceInformationReport.ps1,7b7b7104a275dc5795f0a822cb79e06f57a12a1a6c728f1eac0c3fcfa19e3547
personal_PS_scripts.zip,personal_PS_scripts/windows master mega diag script/Windows-Master-Diagnostic-Toolkit/Scripts/Invoke-DhcpRenew.ps1,PRESENT_EXACT,Windows/Scripts/Invoke-DhcpRenew.ps1,8ff32cf519099f1aafbd9478e3a2224b27bd1f0ebc419cdf7b8170d7de20772c
personal_PS_scripts.zip,personal_PS_scripts/windows master mega diag script/Windows-Master-Diagnostic-Toolkit/Scripts/Invoke-DisableBitLocker.ps1,PRESENT_EXACT,Windows/Scripts/Invoke-DisableBitLocker.ps1,68c22574a4b8e64bb669e7aafdfe45d01de5623a8081fdf24455c251fb59f776
personal_PS_scripts.zip,personal_PS_scripts/windows master mega diag script/Windows-Master-Diagnostic-Toolkit/Scripts/Invoke-DiskSpaceMonitor.ps1,PRESENT_EXACT,Windows/Scripts/Invoke-DiskSpaceMonitor.ps1,9e732a87122862ff575f95a4cd999d5100b298314c20d612650201da21f3393f
personal_PS_scripts.zip,personal_PS_scripts/windows master mega diag script/Windows-Master-Diagnostic-Toolkit/Scripts/Invoke-DomainLookup.ps1,PRESENT_EXACT,Windows/Scripts/Invoke-DomainLookup.ps1,ad5d4e55746c571cc13b594ca0c0515e8c707d381e2a0bf3b872674fb4d9632f
personal_PS_scripts.zip,personal_PS_scripts/windows master mega diag script/Windows-Master-Diagnostic-Toolkit/Scripts/Invoke-DriveScanRepair.ps1,PRESENT_EXACT,Windows/Scripts/Invoke-DriveScanRepair.ps1,8d6c20c932950d06eccb72171d6015053d3e4cf5f31a0b7aa1abfda27a061274
personal_PS_scripts.zip,personal_PS_scripts/windows master mega diag script/Windows-Master-Diagnostic-Toolkit/Scripts/Invoke-FreeCDriveSpace.ps1,PRESENT_EXACT,Windows/Scripts/Invoke-FreeCDriveSpace.ps1,5d1490a5a56e1dfc0b2eb6245d9a6c3ca65d0e5bbd0f964e6b9f67cf2823ee2f
personal_PS_scripts.zip,personal_PS_scripts/windows master mega diag script/Windows-Master-Diagnostic-Toolkit/Scripts/Documentation/Invoke-MassDuplicateCleanup.ps1,PRESENT_EXACT,Windows/Scripts/Documentation/Invoke-MassDuplicateCleanup.ps1,1bfa6a0652c1fc4ac8e7877a34d838001df7aea12cef8c5175a897126ba4c1ce
personal_PS_scripts.zip,personal_PS_scripts/windows master mega diag script/Windows-Master-Diagnostic-Toolkit/Scripts/Documentation/Master-Audit-Smart-Skip.ps1,PRESENT_EXACT,Windows/Scripts/Documentation/Master-Audit-Smart-Skip.ps1,45befdba28bc3f6845b48a676eb05effc342fb8e4073db54542b61248c5d96d5
personal_PS_scripts.zip,personal_PS_scripts/windows master mega diag script/Windows-Master-Diagnostic-Toolkit/Scripts/Documentation/Master-OneNote-Importer.ps1,PRESENT_EXACT,Windows/Scripts/Documentation/Master-OneNote-Importer.ps1,96b28823ac0b686e163b3efdd7efdec6322c4d313c65234f9d9c398d5ee9bf2f
personal_PS_scripts.zip,personal_PS_scripts/windows master mega diag script/Windows-Master-Diagnostic-Toolkit/Scripts/Maintenance/Disable-Sleep24.ps1,PRESENT_EXACT,Windows/Scripts/Maintenance/Disable-Sleep24.ps1,569f9165758e898525e6092a2c19a13cadfa0cd36acca9941f79774bbf012c2a
personal_PS_scripts.zip,personal_PS_scripts/windows master mega diag script/Windows-Master-Diagnostic-Toolkit/Scripts/Maintenance/Invoke-MaceCleanup.ps1,PRESENT_EXACT,Windows/Scripts/Maintenance/Invoke-MaceCleanup.ps1,efa99b62f3c0ca89bb19787ca9d1e5b4b23c5ce91cb586c04e3ae199bc1b0705
personal_PS_scripts.zip,personal_PS_scripts/windows master mega diag script/Windows-Master-Diagnostic-Toolkit/Scripts/Maintenance/Invoke-SecureBoot2023Update.ps1,PRESENT_EXACT,Windows/Scripts/Maintenance/Invoke-SecureBoot2023Update.ps1,75ffef632d0394a2b1d6eedd0a0b5848106013511af0c1713312d64ca194880e
personal_PS_scripts.zip,personal_PS_scripts/windows master mega diag script/Windows-Master-Diagnostic-Toolkit/Scripts/Maintenance/Invoke-WindowsRepairChecks.ps1,PRESENT_EXACT,Windows/Scripts/Maintenance/Invoke-WindowsRepairChecks.ps1,a8271a6bf657567194275ff21ccde1fbbe9e7853a3eb6d205ad45805972ad290
personal_PS_scripts.zip,personal_PS_scripts/windows master mega diag script/Windows-Master-Diagnostic-Toolkit/Scripts/Network/Invoke-KillerNetworkScan.ps1,PRESENT_EXACT,Windows/Scripts/Network/Invoke-KillerNetworkScan.ps1,301cb7de96aa2c2391330717e10df2f4b42e72ab4db238fdcfef06ba08a81106
personal_PS_scripts.zip,personal_PS_scripts/windows master mega diag script/Windows-Master-Diagnostic-Toolkit/Scripts/Network/Invoke-MacAddressLookup.ps1,PRESENT_EXACT,Windows/Scripts/Network/Invoke-MacAddressLookup.ps1,aa2274ae2ffb04a310f94aa93a9ef27f4f6f151f5fafdcb8cb76d5b615140de7
personal_PS_scripts.zip,personal_PS_scripts/windows master mega diag script/Windows-Master-Diagnostic-Toolkit/Scripts/Network/Invoke-NetworkMaintenance.ps1,PRESENT_EXACT,Windows/Scripts/Network/Invoke-NetworkMaintenance.ps1,e94e20ab6cad69813a87c5345f7ea914988fc8e369c1d8b07bfd2bffe38fb178
personal_PS_scripts.zip,personal_PS_scripts/windows master mega diag script/Windows-Master-Diagnostic-Toolkit/Scripts/Network/Invoke-ResetNetworkStack.ps1,PRESENT_EXACT,Windows/Scripts/Network/Invoke-ResetNetworkStack.ps1,a09ca48424706c82aeabebc1122ac38ee303effbf2479a6399c0a1288e47e6c2
personal_PS_scripts.zip,personal_PS_scripts/windows master mega diag script/Windows-Master-Diagnostic-Toolkit/Scripts/Network/Open-RemoteAdminShare.ps1,PRESENT_EXACT,Windows/Scripts/Network/Open-RemoteAdminShare.ps1,54efa7faa41c21b4993279b1e8a8a377df74d9bb2be2e3a8ba4fe455a1438b65
personal_PS_scripts.zip,personal_PS_scripts/windows master mega diag script/Windows-Master-Diagnostic-Toolkit/Scripts/Optional/Invoke-DataTransferWizard.ps1,PRESENT_EXACT,Windows/Scripts/Optional/Invoke-DataTransferWizard.ps1,427909ad72bf188e4179d13f9ce3227a877070eb1823ab5943596c1a0042d91e
personal_PS_scripts.zip,personal_PS_scripts/windows master mega diag script/Windows-Master-Diagnostic-Toolkit/Scripts/Security/Check-SecureBootCert-MultiComputer.ps1,PRESENT_EXACT,Windows/Scripts/Security/Check-SecureBootCert-MultiComputer.ps1,2908b023235748f7742bfb8c7c1b3ca9185a3d6d36e839db589f7080399c00f3
personal_PS_scripts.zip,personal_PS_scripts/windows master mega diag script/Windows-Master-Diagnostic-Toolkit/Scripts/Security/Check-SecureBootCert-Quick.ps1,PRESENT_EXACT,Windows/Scripts/Security/Check-SecureBootCert-Quick.ps1,57e53ed611d30e8ebd60393a06d975dfb69a48717d44a8866b055c82887c434c
personal_PS_scripts.zip,personal_PS_scripts/windows master mega diag script/Windows-Master-Diagnostic-Toolkit/Scripts/Security/Invoke-LocalAccountSecurityAudit.ps1,PRESENT_EXACT,Windows/Scripts/Security/Invoke-LocalAccountSecurityAudit.ps1,5edf7fb76575dc97d2f0ee5306d2cf859cdc2ef6a99a739a783f55300cf3e36d
personal_PS_scripts.zip,personal_PS_scripts/windows master mega diag script/Windows-Master-Diagnostic-Toolkit/Scripts/Security/Invoke-OpenPortsAudit.ps1,PRESENT_EXACT,Windows/Scripts/Security/Invoke-OpenPortsAudit.ps1,bc4f01e78f4542349afc0c8733eb9e00669d824b483fbaf642ab332de17addbf
personal_PS_scripts.zip,personal_PS_scripts/windows master mega diag script/Windows-Master-Diagnostic-Toolkit/Scripts/Security/Invoke-OrcaSecurityReport.ps1,PRESENT_EXACT,Windows/Scripts/Security/Invoke-OrcaSecurityReport.ps1,7a34b18a9024966533e93b950b9a15c378dfb63229b12430bf478e3c687a81a8
personal_PS_scripts.zip,personal_PS_scripts/windows master mega diag script/Windows-Master-Diagnostic-Toolkit/Scripts/Security/Invoke-PowerShellRiskScan.ps1,PRESENT_EXACT,Windows/Scripts/Security/Invoke-PowerShellRiskScan.ps1,4f3e92c37f4e0458364f7d325122ac07799f6f96d48c4e1977919a7dceaf47dd
personal_PS_scripts.zip,personal_PS_scripts/windows master mega diag script/Windows-Master-Diagnostic-Toolkit/Scripts/Security/Invoke-SecurityBaselineAudit.ps1,PRESENT_EXACT,Windows/Scripts/Security/Invoke-SecurityBaselineAudit.ps1,e28d9fc81164830327cefb83e818c8b93b690d832cd91f07012970ea81c8f3f7
personal_PS_scripts.zip,personal_PS_scripts/windows master mega diag script/Windows-Master-Diagnostic-Toolkit/Scripts/Security/Invoke-SecurityEventReview.ps1,PRESENT_EXACT,Windows/Scripts/Security/Invoke-SecurityEventReview.ps1,f310e0999c160c035589195a32c1af95ae8271319b80026c62c526690717cbfc
personal_PS_scripts.zip,personal_PS_scripts/windows master mega diag script/Windows-Master-Diagnostic-Toolkit/Scripts/Security/Invoke-ShadePrivacyAudit.ps1,PRESENT_EXACT,Windows/Scripts/Security/Invoke-ShadePrivacyAudit.ps1,d659e0a84f82b0ac09d714c24ca6972cb8dfbfe3b1152214d6a5cf39aae4fb87
personal_PS_scripts.zip,personal_PS_scripts/windows master mega diag script/Windows-Master-Diagnostic-Toolkit/Scripts/Security/Invoke-StartupItemsReview.ps1,PRESENT_EXACT,Windows/Scripts/Security/Invoke-StartupItemsReview.ps1,891b422249fc86af44ebb10cbe66dc129349769cf55b404c274819fd12ef0049
personal_PS_scripts.zip,personal_PS_scripts/windows master mega diag script/Windows-Master-Diagnostic-Toolkit/Scripts/Server/Troubleshoot-Exchange-OWA.ps1,PRESENT_EXACT,Windows/Scripts/Server/Troubleshoot-Exchange-OWA.ps1,320e111f3263426cde353cab9593ce461bfa94be64076a0bf10c8776041aa8a7
personal_PS_scripts.zip,personal_PS_scripts/windows master mega diag script/Windows-Master-Diagnostic-Toolkit/Scripts/Updates/Invoke-BiosUpdate.ps1,PRESENT_EXACT,Windows/Scripts/Updates/Invoke-BiosUpdate.ps1,dfd5f32a0da4d0ac5a68d8af08392d1ffd54f77e3e67c39c9bd510b1d9d60585
personal_PS_scripts.zip,personal_PS_scripts/windows master mega diag script/Windows-Master-Diagnostic-Toolkit/Scripts/Updates/Invoke-DriverUpdate.ps1,PRESENT_EXACT,Windows/Scripts/Updates/Invoke-DriverUpdate.ps1,c144a053cf090d3e29301e342f80381573f51e16a24db924c3fbb5a58cfa8113
personal_PS_scripts.zip,personal_PS_scripts/windows master mega diag script/Windows-Master-Diagnostic-Toolkit/Scripts/Updates/Invoke-FirmwareUpdate.ps1,PRESENT_EXACT,Windows/Scripts/Updates/Invoke-FirmwareUpdate.ps1,bc2eb701f316c7acab24e9450335ab6d062978864e2219b83694e1a7dbbf26ad
personal_PS_scripts.zip,personal_PS_scripts/windows master mega diag script/Windows-Master-Diagnostic-Toolkit/Scripts/Updates/Invoke-UpdateAllApps.ps1,PRESENT_EXACT,Windows/Scripts/Updates/Invoke-UpdateAllApps.ps1,b5371d096d0d56e4549aa6e44e1a7e26db8f722e100c40954035eb8511ec7273
personal_PS_scripts.zip,personal_PS_scripts/windows master mega diag script/Windows-Master-Diagnostic-Toolkit/Scripts/Updates/Invoke-WindowsUpdateTool.ps1,PRESENT_EXACT,Windows/Scripts/Updates/Invoke-WindowsUpdateTool.ps1,2eb4b01dd145978a23b87ae32248aeeba06605d5230292489cfd26bae0bd1c07
personal_PS_scripts.zip,personal_PS_scripts/windows master mega diag script/Windows-Master-Diagnostic-Toolkit/Scripts/Updates/VendorUpdate.Common.ps1,PRESENT_EXACT,Windows/Scripts/Updates/VendorUpdate.Common.ps1,5eb94119b25b898292ab59059c4680c801c5a6a0f50aa4184ad90ee270788cd6
personal_PS_scripts.zip,personal_PS_scripts/windows master mega diag script/Windows-Master-Diagnostic-Toolkit/Scripts/Utilities/Invoke-KillerEncryptionHelper.ps1,PRESENT_EXACT,Windows/Scripts/Utilities/Invoke-KillerEncryptionHelper.ps1,a58f46ce349d944e0ab32a11cb1cd3bb24aa5bfa901da5c1bf6b139ad4fc2e31
personal_PS_scripts.zip,personal_PS_scripts/windows master mega diag script/Windows-Master-Diagnostic-Toolkit/Scripts/Utilities/Invoke-ps2exe-Portable.ps1,PRESENT_EXACT,Windows/Scripts/Utilities/Invoke-ps2exe-Portable.ps1,99ebc040614019398692f2635c4a4111462ef3171b26f433ebf76bce750fd0e9
personal_PS_scripts.zip,personal_PS_scripts/windows master mega diag script/Windows-Master-Diagnostic-Toolkit/Source-Archive/Final-Uploads/bootcertchcker.ps1,EXCLUDED_LEGACY_OR_SITE_WORKFLOW_SEE_REPORT,,3d46bfa263a99b62c96485bf77820107c47cabcd4b3d90e2c5d6a03dc63c5447
personal_PS_scripts.zip,personal_PS_scripts/windows master mega diag script/Windows-Master-Diagnostic-Toolkit/Source-Archive/Final-Uploads/Check-SecureBootCert.ps1,EXCLUDED_LEGACY_OR_SITE_WORKFLOW_SEE_REPORT,,b2c41002b3f0738832ccccbf738f97d8fd01464ce7776a602fb882d898729d73
personal_PS_scripts.zip,personal_PS_scripts/windows master mega diag script/Windows-Master-Diagnostic-Toolkit/Source-Archive/Final-Uploads/Disable_sleep24.ps1,PRESENT_EXACT,Windows/Scripts/Maintenance/Disable-Sleep24.ps1,569f9165758e898525e6092a2c19a13cadfa0cd36acca9941f79774bbf012c2a
personal_PS_scripts.zip,personal_PS_scripts/windows master mega diag script/Windows-Master-Diagnostic-Toolkit/Source-Archive/Final-Uploads/Invoke-MassDuplicateCleanup.ps1,EXCLUDED_LEGACY_OR_SITE_WORKFLOW_SEE_REPORT,,ec6aea3b554b32bd480ff832f8037c6e5434cf7e0364745e42e4b44f346d00d2
personal_PS_scripts.zip,personal_PS_scripts/windows master mega diag script/Windows-Master-Diagnostic-Toolkit/Source-Archive/Final-Uploads/Invoke-ps2exe-original.ps1,EXCLUDED_LEGACY_OR_SITE_WORKFLOW_SEE_REPORT,,d4c046573b836f26a980cf8de75c3316b01beeefe06d93eddf66a0559857e016
personal_PS_scripts.zip,personal_PS_scripts/windows master mega diag script/Windows-Master-Diagnostic-Toolkit/Source-Archive/Final-Uploads/Master Audit & Smart-Skip.ps1,PRESENT_EXACT,Windows/Scripts/Documentation/Master-Audit-Smart-Skip.ps1,45befdba28bc3f6845b48a676eb05effc342fb8e4073db54542b61248c5d96d5
personal_PS_scripts.zip,personal_PS_scripts/windows master mega diag script/Windows-Master-Diagnostic-Toolkit/Source-Archive/Final-Uploads/master_onenote_importer.ps1,PRESENT_EXACT,Windows/Scripts/Documentation/Master-OneNote-Importer.ps1,96b28823ac0b686e163b3efdd7efdec6322c4d313c65234f9d9c398d5ee9bf2f
personal_PS_scripts.zip,personal_PS_scripts/windows master mega diag script/Windows-Master-Diagnostic-Toolkit/Source-Archive/Final-Uploads/new_computer_setup.zip,EXCLUDED_NESTED_ARCHIVE_DUPLICATE,,493dffbf47060c8b6a4ccb56970c32b10643405967ee1c69521df633a83a1c23
personal_PS_scripts.zip,personal_PS_scripts/windows master mega diag script/Windows-Master-Diagnostic-Toolkit/Source-Archive/Final-Uploads/secure_boot_update.ps1,PRESENT_EXACT,Windows/Scripts/Maintenance/Invoke-SecureBoot2023Update.ps1,75ffef632d0394a2b1d6eedd0a0b5848106013511af0c1713312d64ca194880e
personal_PS_scripts.zip,personal_PS_scripts/windows master mega diag script/Windows-Master-Diagnostic-Toolkit/Source-Archive/Final-Uploads/secure_cert_boot_update.ps1,PRESENT_EXACT,Windows/Scripts/Maintenance/Invoke-SecureBoot2023Update.ps1,75ffef632d0394a2b1d6eedd0a0b5848106013511af0c1713312d64ca194880e
personal_PS_scripts.zip,personal_PS_scripts/windows master mega diag script/Windows-Master-Diagnostic-Toolkit/Source-Archive/Final-Uploads/The Network Access Script.ps1,EXCLUDED_LEGACY_OR_SITE_WORKFLOW_SEE_REPORT,,254666371cf5f4c2773c05173065d4020354958a3cd0968015c4ab27f83a00d0
personal_PS_scripts.zip,personal_PS_scripts/windows master mega diag script/Windows-Master-Diagnostic-Toolkit/Source-Archive/Final-Uploads/Troubleshoots_Exchange_OWA_webmail_availability_FIXED.ps1,PRESENT_EXACT,Windows/Scripts/Server/Troubleshoot-Exchange-OWA.ps1,320e111f3263426cde353cab9593ce461bfa94be64076a0bf10c8776041aa8a7
personal_PS_scripts.zip,personal_PS_scripts/windows master mega diag script/Windows-Master-Diagnostic-Toolkit/Diagnostic-Reports/FRAMEWORK_FW1_2026-09-15_152819/Invoke-DiskSpaceMonitor.log,EXCLUDED_PREVIOUS_RUN_OUTPUT,,6bcab336f001064932c75643176138df6a4aef62a0b70c28333f77267efaa586
personal_PS_scripts.zip,personal_PS_scripts/windows master mega diag script/Windows-Master-Diagnostic-Toolkit/Diagnostic-Reports/FRAMEWORK_FW1_2026-09-15_152819/InstalledApps-winget-20260915-153306.txt,EXCLUDED_PREVIOUS_RUN_OUTPUT,,0e5fcbab2ea7db85ecce233c8ab7d9e47e810caddad18794161c8b839a06be14
personal_PS_scripts.zip,personal_PS_scripts/windows master mega diag script/Windows-Master-Diagnostic-Toolkit/Diagnostic-Reports/FRAMEWORK_FW1_2026-09-15_152819/InstalledApps-appx-20260915-153306.csv,EXCLUDED_PREVIOUS_RUN_OUTPUT,,c4a9278fb99386124a7afe5b39454e97def03659516356de46f7b3cafe69de00
personal_PS_scripts.zip,personal_PS_scripts/windows master mega diag script/Windows-Master-Diagnostic-Toolkit/Diagnostic-Reports/FRAMEWORK_FW1_2026-09-15_152819/Toolkit-Errors.log,EXCLUDED_PREVIOUS_RUN_OUTPUT,,41583cb22462223a2b11b32872958eaab5e252e922adc5684164123f55e8e268
personal_PS_scripts.zip,personal_PS_scripts/windows master mega diag script/Windows-Master-Diagnostic-Toolkit/Diagnostic-Reports/FRAMEWORK_FW1_2026-09-15_152819/DeviceInformation-20260915-153419.txt,EXCLUDED_PREVIOUS_RUN_OUTPUT,,a0f442f33b7f766d29f28797c8422459a0bf80be63293b1736a6cf06cef6b06e
personal_PS_scripts.zip,personal_PS_scripts/windows master mega diag script/Windows-Master-Diagnostic-Toolkit/Diagnostic-Reports/FRAMEWORK_FW1_2026-09-15_152819/Invoke-DeviceInformationReport.log,EXCLUDED_PREVIOUS_RUN_OUTPUT,,33a4fd66926fa2b33cdbbcc88692013da0264976eb38693bfcd4fe99b5084968
personal_PS_scripts.zip,personal_PS_scripts/windows master mega diag script/Windows-Master-Diagnostic-Toolkit/Diagnostic-Reports/FRAMEWORK_FW1_2026-09-15_152819/Toolkit-SelfTest.txt,EXCLUDED_PREVIOUS_RUN_OUTPUT,,d8ced76c19b45206bf8f9ea26513f2f250599f39fb29a3107eb786b5437899c2
personal_PS_scripts.zip,personal_PS_scripts/windows master mega diag script/Windows-Master-Diagnostic-Toolkit/Diagnostic-Reports/FRAMEWORK_FW1_2026-09-15_152819/BitLocker-Status.txt,EXCLUDED_PREVIOUS_RUN_OUTPUT,,5b1ad3e059d196d22e6400e01ac75651fac6be1513301adeff5dbcd8c547a26d
personal_PS_scripts.zip,personal_PS_scripts/windows master mega diag script/Windows-Master-Diagnostic-Toolkit/Diagnostic-Reports/FRAMEWORK_FW1_2026-09-15_152819/Invoke-BackupBitLockerKeys.log,EXCLUDED_PREVIOUS_RUN_OUTPUT,,0cf672c81d89915aecf5d4d66f60b90765f31765220167410907db3304e5992d
personal_PS_scripts.zip,personal_PS_scripts/windows master mega diag script/Windows-Master-Diagnostic-Toolkit/Diagnostic-Reports/FRAMEWORK_FW1_2026-09-15_152819/Network-Snapshot.txt,EXCLUDED_PREVIOUS_RUN_OUTPUT,,524e8843327d55da1ed788a498fa781af103c4673ed909116d5882f0ecb20e93
personal_PS_scripts.zip,personal_PS_scripts/windows master mega diag script/Windows-Master-Diagnostic-Toolkit/Diagnostic-Reports/FRAMEWORK_FW1_2026-09-15_152819/Invoke-NetworkMaintenance.log,EXCLUDED_PREVIOUS_RUN_OUTPUT,,0032bfc805de99a2a3a691b1b5aa37852f780e4677bcf0a3220ccb925c14f70d
personal_PS_scripts.zip,personal_PS_scripts/windows master mega diag script/Windows-Master-Diagnostic-Toolkit/Diagnostic-Reports/FRAMEWORK_FW1_2026-09-15_152819/Invoke-DomainLookup.log,EXCLUDED_PREVIOUS_RUN_OUTPUT,,7ab936fd4ffadf4845f9078505fc47ba291506532084245cee861963bfb0065b
personal_PS_scripts.zip,personal_PS_scripts/windows master mega diag script/Windows-Master-Diagnostic-Toolkit/Diagnostic-Reports/FRAMEWORK_FW1_2026-09-15_152819/Invoke-MacAddressLookup.log,EXCLUDED_PREVIOUS_RUN_OUTPUT,,c943913b1b0a00e8cbff0a7a6318efc0e1f00d99362107999ee9bd1602bfd247
personal_PS_scripts.zip,personal_PS_scripts/windows master mega diag script/Windows-Master-Diagnostic-Toolkit/Diagnostic-Reports/FRAMEWORK_FW1_2026-09-15_152819/Invoke-ClearTempJunk.log,EXCLUDED_PREVIOUS_RUN_OUTPUT,,7deb15e4d420840acb45c1258a298f918da7ec91bda810eddecca994634a45ea
personal_PS_scripts.zip,personal_PS_scripts/windows master mega diag script/Windows-Master-Diagnostic-Toolkit/Diagnostic-Reports/FRAMEWORK_FW1_2026-09-15_152819/Invoke-DriverUpdate.log,EXCLUDED_PREVIOUS_RUN_OUTPUT,,811189346f6f5791415ff51a393de4103042c2be874a65542f2cf4d2f8065f50
ections for the tools.zip,windows_script_toolkit/.editorconfig,EXCLUDED_LEGACY_SUPPORT_OR_DOCUMENTATION,,8acbabc27b35743020cb717188344114d2f53ead51f26f794e5ce6f597961d3e
ections for the tools.zip,windows_script_toolkit/.gitignore,EXCLUDED_LEGACY_SUPPORT_OR_DOCUMENTATION,,fee43eeaec53e46061db3ada2160433a992a92f3d6c395a841795df340ff154b
ections for the tools.zip,windows_script_toolkit/CONTRIBUTING.md,EXCLUDED_LEGACY_SUPPORT_OR_DOCUMENTATION,,52d637e7f56127d95af2502dee7580987af8d2b9ac6050713012551390639ae0
ections for the tools.zip,windows_script_toolkit/PROJECT_PLAN.md,EXCLUDED_LEGACY_SUPPORT_OR_DOCUMENTATION,,abc0b35c329094318dec0ca597206857cc9a63c00eb566069e2eae3913edc6b4
ections for the tools.zip,windows_script_toolkit/README.md,EXCLUDED_LEGACY_SUPPORT_OR_DOCUMENTATION,,2ec250e62404ac685b6c5ffcb31bdc1180e1a9fe183ef5cf824c443a3483a0e0
ections for the tools.zip,windows_script_toolkit/T3CHNRD'S Windows Tool Kit - Shortcut.lnk,EXCLUDED_LEGACY_BUILD_OR_UNMAPPED_BINARY,,c236222b5f3a649316233207e46abbfe9eb7c6b60233365f003231557739b6b8
ections for the tools.zip,windows_script_toolkit/T3CHNRD'S Windows Tool Kit.exe,EXCLUDED_LEGACY_BUILD_OR_UNMAPPED_BINARY,,d42f1723b868d81ed10969186a9fe903b410b16b895e4a4a57992341d271fe02
ections for the tools.zip,windows_script_toolkit/ToolkitLauncher.ps1,EXCLUDED_LEGACY_OR_SITE_WORKFLOW_SEE_REPORT,,97febc2eac523888380a05fd4340a28c60708ac8622ce92c52c25b5f6c16742f
ections for the tools.zip,windows_script_toolkit/ToolkitLauncher_v2.ps1,EXCLUDED_LEGACY_OR_SITE_WORKFLOW_SEE_REPORT,,97febc2eac523888380a05fd4340a28c60708ac8622ce92c52c25b5f6c16742f
ections for the tools.zip,windows_script_toolkit/.git/COMMIT_EDITMSG,EXCLUDED_GIT_HISTORY,,
ections for the tools.zip,windows_script_toolkit/.git/config,EXCLUDED_GIT_HISTORY,,
ections for the tools.zip,windows_script_toolkit/.git/description,EXCLUDED_GIT_HISTORY,,
ections for the tools.zip,windows_script_toolkit/.git/HEAD,EXCLUDED_GIT_HISTORY,,
ections for the tools.zip,windows_script_toolkit/.git/index,EXCLUDED_GIT_HISTORY,,
ections for the tools.zip,windows_script_toolkit/.git/hooks/applypatch-msg.sample,EXCLUDED_GIT_HISTORY,,
ections for the tools.zip,windows_script_toolkit/.git/hooks/commit-msg.sample,EXCLUDED_GIT_HISTORY,,
ections for the tools.zip,windows_script_toolkit/.git/hooks/fsmonitor-watchman.sample,EXCLUDED_GIT_HISTORY,,
ections for the tools.zip,windows_script_toolkit/.git/hooks/post-update.sample,EXCLUDED_GIT_HISTORY,,
ections for the tools.zip,windows_script_toolkit/.git/hooks/pre-applypatch.sample,EXCLUDED_GIT_HISTORY,,
ections for the tools.zip,windows_script_toolkit/.git/hooks/pre-commit.sample,EXCLUDED_GIT_HISTORY,,
ections for the tools.zip,windows_script_toolkit/.git/hooks/pre-merge-commit.sample,EXCLUDED_GIT_HISTORY,,
ections for the tools.zip,windows_script_toolkit/.git/hooks/pre-push.sample,EXCLUDED_GIT_HISTORY,,
ections for the tools.zip,windows_script_toolkit/.git/hooks/pre-rebase.sample,EXCLUDED_GIT_HISTORY,,
ections for the tools.zip,windows_script_toolkit/.git/hooks/pre-receive.sample,EXCLUDED_GIT_HISTORY,,
ections for the tools.zip,windows_script_toolkit/.git/hooks/prepare-commit-msg.sample,EXCLUDED_GIT_HISTORY,,
ections for the tools.zip,windows_script_toolkit/.git/hooks/push-to-checkout.sample,EXCLUDED_GIT_HISTORY,,
ections for the tools.zip,windows_script_toolkit/.git/hooks/sendemail-validate.sample,EXCLUDED_GIT_HISTORY,,
ections for the tools.zip,windows_script_toolkit/.git/hooks/update.sample,EXCLUDED_GIT_HISTORY,,
ections for the tools.zip,windows_script_toolkit/.git/info/exclude,EXCLUDED_GIT_HISTORY,,
ections for the tools.zip,windows_script_toolkit/.git/info/refs,EXCLUDED_GIT_HISTORY,,
ections for the tools.zip,windows_script_toolkit/.git/logs/HEAD,EXCLUDED_GIT_HISTORY,,
ections for the tools.zip,windows_script_toolkit/.git/logs/refs/heads/main,EXCLUDED_GIT_HISTORY,,
ections for the tools.zip,windows_script_toolkit/.git/logs/refs/remotes/origin/main,EXCLUDED_GIT_HISTORY,,
ections for the tools.zip,windows_script_toolkit/.git/objects/02/2d89894a891e3f5c8f86a4cade42d3e742b2c5,EXCLUDED_GIT_HISTORY,,
ections for the tools.zip,windows_script_toolkit/.git/objects/02/e9308219b5a5ee94c40b33d48bb41b125ade5e,EXCLUDED_GIT_HISTORY,,
ections for the tools.zip,windows_script_toolkit/.git/objects/04/1857182de853f511ba16cb902100d83db55798,EXCLUDED_GIT_HISTORY,,
ections for the tools.zip,windows_script_toolkit/.git/objects/05/9d628431955236f498dde7073671a9f750f068,EXCLUDED_GIT_HISTORY,,
ections for the tools.zip,windows_script_toolkit/.git/objects/0a/93a395bc101e7dc8f341ad30cc46ef16acfde2,EXCLUDED_GIT_HISTORY,,
ections for the tools.zip,windows_script_toolkit/.git/objects/0b/5d8af9d04263586ec23cdf4b74e6dc96bac91b,EXCLUDED_GIT_HISTORY,,
ections for the tools.zip,windows_script_toolkit/.git/objects/0b/8fa01ed37c80a390b95424edd4b5495aafa1c2,EXCLUDED_GIT_HISTORY,,
ections for the tools.zip,windows_script_toolkit/.git/objects/0c/2e53d018b8cccceba422c1a1a517ae367ea255,EXCLUDED_GIT_HISTORY,,
ections for the tools.zip,windows_script_toolkit/.git/objects/0f/58ed1e09d70c1974db6a90a2a9f823129e0f41,EXCLUDED_GIT_HISTORY,,
ections for the tools.zip,windows_script_toolkit/.git/objects/11/b6fb55abf054fa7c31517a8dc822756f82f936,EXCLUDED_GIT_HISTORY,,
ections for the tools.zip,windows_script_toolkit/.git/objects/12/2cb2fecb6e2b13c57a698220c47205f0778508,EXCLUDED_GIT_HISTORY,,
ections for the tools.zip,windows_script_toolkit/.git/objects/12/cb106e8817d583e35640c9cf8c7b5e89f2ae9c,EXCLUDED_GIT_HISTORY,,
ections for the tools.zip,windows_script_toolkit/.git/objects/13/6a1c1de1066bb09622c23daa7ebaf41960b863,EXCLUDED_GIT_HISTORY,,
ections for the tools.zip,windows_script_toolkit/.git/objects/15/4120278a0073a7ea856b4e868373b8bf7e781f,EXCLUDED_GIT_HISTORY,,
ections for the tools.zip,windows_script_toolkit/.git/objects/17/14483e701eab1130af284a64a8d75cc14f7aea,EXCLUDED_GIT_HISTORY,,
ections for the tools.zip,windows_script_toolkit/.git/objects/19/1224a8582147ab22239c6356083663019449d1,EXCLUDED_GIT_HISTORY,,
ections for the tools.zip,windows_script_toolkit/.git/objects/1a/7dcae1fbc4ce74bc32893b570fcc50077e791e,EXCLUDED_GIT_HISTORY,,
ections for the tools.zip,windows_script_toolkit/.git/objects/1b/f74b02ce97ffe32d9776064ed6ba80f840f774,EXCLUDED_GIT_HISTORY,,
ections for the tools.zip,windows_script_toolkit/.git/objects/1d/6fe814d4a20c556fd37875f4bc4ca0654cd3a9,EXCLUDED_GIT_HISTORY,,
ections for the tools.zip,windows_script_toolkit/.git/objects/1e/9e6e048b8b08b026acb0aab68c5ae8eda96cc9,EXCLUDED_GIT_HISTORY,,
ections for the tools.zip,windows_script_toolkit/.git/objects/1f/de93c15eb0fbed56d27a13c61999b8b41410bf,EXCLUDED_GIT_HISTORY,,
ections for the tools.zip,windows_script_toolkit/.git/objects/20/dc683d1a5693a01483ed76b057eb0cd967f62a,EXCLUDED_GIT_HISTORY,,
ections for the tools.zip,windows_script_toolkit/.git/objects/21/d4960621616f3935480d7972448ab4d8b15f02,EXCLUDED_GIT_HISTORY,,
ections for the tools.zip,windows_script_toolkit/.git/objects/22/5a9f9b4ec92e92b97c3443da706c9ee7a7b79a,EXCLUDED_GIT_HISTORY,,
ections for the tools.zip,windows_script_toolkit/.git/objects/23/7cafd0086e882db8f495904d91ebc9581510f5,EXCLUDED_GIT_HISTORY,,
ections for the tools.zip,windows_script_toolkit/.git/objects/24/e5ffa3483a81a0a88c112b105dff4eb360064c,EXCLUDED_GIT_HISTORY,,
ections for the tools.zip,windows_script_toolkit/.git/objects/25/45ed62c9fcc5a9b73721f4baecd73175e59f67,EXCLUDED_GIT_HISTORY,,
ections for the tools.zip,windows_script_toolkit/.git/objects/25/df96e3a6ec1b6c2e24aa416227f9f01e92349e,EXCLUDED_GIT_HISTORY,,
ections for the tools.zip,windows_script_toolkit/.git/objects/26/d634bc3ee90235b27a2a649e363133708d35bd,EXCLUDED_GIT_HISTORY,,
ections for the tools.zip,windows_script_toolkit/.git/objects/29/8f8c39cdbc954e8dc32c28e6441fb6135a157d,EXCLUDED_GIT_HISTORY,,
ections for the tools.zip,windows_script_toolkit/.git/objects/29/ab9e22679b5e504d8c2764fc0f92472ede2390,EXCLUDED_GIT_HISTORY,,
ections for the tools.zip,windows_script_toolkit/.git/objects/2b/5d9fe188060f1b69fcc96944c2b7411872c470,EXCLUDED_GIT_HISTORY,,
ections for the tools.zip,windows_script_toolkit/.git/objects/2b/9b392a28307da796898ab176903d660d7666de,EXCLUDED_GIT_HISTORY,,
ections for the tools.zip,windows_script_toolkit/.git/objects/2b/a512065a3540ddc8b07c8b4cc39d3dddee9edd,EXCLUDED_GIT_HISTORY,,
ections for the tools.zip,windows_script_toolkit/.git/objects/2c/00ac4a57f0b3755ff4e2fceee7e17743130f8f,EXCLUDED_GIT_HISTORY,,
ections for the tools.zip,windows_script_toolkit/.git/objects/2d/deae8f4a447469459a7bb61d9ece6950f6f5d1,EXCLUDED_GIT_HISTORY,,
ections for the tools.zip,windows_script_toolkit/.git/objects/2e/61a7eda26b57a2e43b95919b2f7c4c34ed953f,EXCLUDED_GIT_HISTORY,,
ections for the tools.zip,windows_script_toolkit/.git/objects/2f/23fcf8818c1173e9dbe32a247de1be767fe870,EXCLUDED_GIT_HISTORY,,
ections for the tools.zip,windows_script_toolkit/.git/objects/2f/c0f6d9914f5e076f6cfe7a946942070a6ad9fd,EXCLUDED_GIT_HISTORY,,
ections for the tools.zip,windows_script_toolkit/.git/objects/30/474596f5952a218df7fc09fc478c5b7476c534,EXCLUDED_GIT_HISTORY,,
ections for the tools.zip,windows_script_toolkit/.git/objects/31/446d4d6b9acc48859f31eb3bb9fa2ad8b5ed74,EXCLUDED_GIT_HISTORY,,
ections for the tools.zip,windows_script_toolkit/.git/objects/31/ff7ba9d8dea2dbb722d2b67d8bd1644ec9c6ac,EXCLUDED_GIT_HISTORY,,
ections for the tools.zip,windows_script_toolkit/.git/objects/32/e6494ba4a987034ebbc792c7b14f947899cd44,EXCLUDED_GIT_HISTORY,,
ections for the tools.zip,windows_script_toolkit/.git/objects/33/a4e1a6d2139d1bbba6b58e982d7a8a289d07c7,EXCLUDED_GIT_HISTORY,,
ections for the tools.zip,windows_script_toolkit/.git/objects/35/e9d2576e655ac02172a14b2a5196d4e3fd39e2,EXCLUDED_GIT_HISTORY,,
ections for the tools.zip,windows_script_toolkit/.git/objects/36/924bcd5088668df792b101f68f773edb4ac5e9,EXCLUDED_GIT_HISTORY,,
ections for the tools.zip,windows_script_toolkit/.git/objects/37/5bcd0fab111518494ed12a0fc7491d8dc7832f,EXCLUDED_GIT_HISTORY,,
ections for the tools.zip,windows_script_toolkit/.git/objects/38/d24921866d8e69ef2208e863eb2689800931a2,EXCLUDED_GIT_HISTORY,,
ections for the tools.zip,windows_script_toolkit/.git/objects/39/d1e228227b892b08c3def459f721bc53ce8eba,EXCLUDED_GIT_HISTORY,,
ections for the tools.zip,windows_script_toolkit/.git/objects/3a/18e59f208829dd02cd3fcb71899cfa9bbcf767,EXCLUDED_GIT_HISTORY,,
ections for the tools.zip,windows_script_toolkit/.git/objects/3e/04a1e55b6ece04be2f2f7df570b506147da838,EXCLUDED_GIT_HISTORY,,
ections for the tools.zip,windows_script_toolkit/.git/objects/3e/7a281d72d74e3b885095911004f4ab0375c5e6,EXCLUDED_GIT_HISTORY,,
ections for the tools.zip,windows_script_toolkit/.git/objects/40/875f2f487d4a999cd304f45ebccd00122fc90c,EXCLUDED_GIT_HISTORY,,
ections for the tools.zip,windows_script_toolkit/.git/objects/40/f34e1b7009f589d40f0c67d642a40515789631,EXCLUDED_GIT_HISTORY,,
ections for the tools.zip,windows_script_toolkit/.git/objects/41/9084729f3a2b1e3a686c3c5831bd91ef103dfe,EXCLUDED_GIT_HISTORY,,
ections for the tools.zip,windows_script_toolkit/.git/objects/43/6759752f0218dcd6fb8527faa437319341c5f0,EXCLUDED_GIT_HISTORY,,
ections for the tools.zip,windows_script_toolkit/.git/objects/45/8f242779b18bf214dcd7edf6f07c88c2db8ec7,EXCLUDED_GIT_HISTORY,,
ections for the tools.zip,windows_script_toolkit/.git/objects/47/806d035906ae9bdab3e8ef5fe91ffd664b3fac,EXCLUDED_GIT_HISTORY,,
ections for the tools.zip,windows_script_toolkit/.git/objects/49/cd0fbbe932cf96b2231bfa457f4bca1b664b74,EXCLUDED_GIT_HISTORY,,
ections for the tools.zip,windows_script_toolkit/.git/objects/4d/09163f4b26e4bded6ed2f9af573e1f3366cbf4,EXCLUDED_GIT_HISTORY,,
ections for the tools.zip,windows_script_toolkit/.git/objects/4d/6638f2e111ac70b0429dac8a21660d33632e39,EXCLUDED_GIT_HISTORY,,
ections for the tools.zip,windows_script_toolkit/.git/objects/4d/b304325e26297c811017c7e127aa8c612f0ab4,EXCLUDED_GIT_HISTORY,,
ections for the tools.zip,windows_script_toolkit/.git/objects/4e/1eaf044461f7492340ecc388cb0f92e02d7705,EXCLUDED_GIT_HISTORY,,
ections for the tools.zip,windows_script_toolkit/.git/objects/4e/680c53f488593a0fa626353f03e0eb16028a89,EXCLUDED_GIT_HISTORY,,
ections for the tools.zip,windows_script_toolkit/.git/objects/4f/d328e7906ad1938bfa04c73e106568c6070727,EXCLUDED_GIT_HISTORY,,
ections for the tools.zip,windows_script_toolkit/.git/objects/51/481e1017411e92398fe758e95601773bea9553,EXCLUDED_GIT_HISTORY,,
ections for the tools.zip,windows_script_toolkit/.git/objects/51/b3515b965978156556a10e0db9460996bdb4d5,EXCLUDED_GIT_HISTORY,,
ections for the tools.zip,windows_script_toolkit/.git/objects/51/f5cb25955ef247ec15ee7a6c830a0e69d0ca09,EXCLUDED_GIT_HISTORY,,
ections for the tools.zip,windows_script_toolkit/.git/objects/55/0a2896f7c641a2118dba00d24135c98101df85,EXCLUDED_GIT_HISTORY,,
ections for the tools.zip,windows_script_toolkit/.git/objects/57/526bffd11554f5e807668a2bdab4829da79fa6,EXCLUDED_GIT_HISTORY,,
ections for the tools.zip,windows_script_toolkit/.git/objects/5a/4e4311b9ef69e62c0e2d1f71cff981c86b0714,EXCLUDED_GIT_HISTORY,,
ections for the tools.zip,windows_script_toolkit/.git/objects/5c/9bdaee6d9a61630734525349f2c6ad5386f782,EXCLUDED_GIT_HISTORY,,
ections for the tools.zip,windows_script_toolkit/.git/objects/5c/a758ac4644f903a3a280ff115ad47ef2d23285,EXCLUDED_GIT_HISTORY,,
ections for the tools.zip,windows_script_toolkit/.git/objects/5c/c08ef946652955792593a84a73be583f479e8a,EXCLUDED_GIT_HISTORY,,
ections for the tools.zip,windows_script_toolkit/.git/objects/5e/7d06cf9f119a193b805b6463d76d6dfa19a78c,EXCLUDED_GIT_HISTORY,,
ections for the tools.zip,windows_script_toolkit/.git/objects/60/2c160aab8f102fbd87bb0128767d58615774a0,EXCLUDED_GIT_HISTORY,,
ections for the tools.zip,windows_script_toolkit/.git/objects/60/4142a56e83efb9fde5aa7056f50ac8c3f909cb,EXCLUDED_GIT_HISTORY,,
ections for the tools.zip,windows_script_toolkit/.git/objects/61/b5169ad5b6ecba679182b521449424d0b3fc04,EXCLUDED_GIT_HISTORY,,
ections for the tools.zip,windows_script_toolkit/.git/objects/61/dda48a1507edd83d32c98a44d719e6def353ee,EXCLUDED_GIT_HISTORY,,
ections for the tools.zip,windows_script_toolkit/.git/objects/62/71927a3f7b86b436cf95b44f35e73323132612,EXCLUDED_GIT_HISTORY,,
ections for the tools.zip,windows_script_toolkit/.git/objects/63/bd55b3c02a940fda80ac0315e002c196344c78,EXCLUDED_GIT_HISTORY,,
ections for the tools.zip,windows_script_toolkit/.git/objects/65/fcbf3d199b4aec3b455cd496572f49f15ee5bf,EXCLUDED_GIT_HISTORY,,
ections for the tools.zip,windows_script_toolkit/.git/objects/67/56e4994bbde01589abb48477e6597658a2781b,EXCLUDED_GIT_HISTORY,,
ections for the tools.zip,windows_script_toolkit/.git/objects/68/959cea0e28146308649bad98065179b02553f5,EXCLUDED_GIT_HISTORY,,
ections for the tools.zip,windows_script_toolkit/.git/objects/69/6da45e0f6807ee723861339efbb7c28d4b2b9d,EXCLUDED_GIT_HISTORY,,
ections for the tools.zip,windows_script_toolkit/.git/objects/69/ab734109d5683dba2fbce1f01bda0bc6d8cb2b,EXCLUDED_GIT_HISTORY,,
ections for the tools.zip,windows_script_toolkit/.git/objects/6a/1fef3b3fdd30a7fd278db4f33ddfcaccfc9aff,EXCLUDED_GIT_HISTORY,,
ections for the tools.zip,windows_script_toolkit/.git/objects/6c/c63926ba2e0a10e2abccf1fec64a135bc58cfa,EXCLUDED_GIT_HISTORY,,
ections for the tools.zip,windows_script_toolkit/.git/objects/6d/70700b0412ea900fbff4c506c067868789edde,EXCLUDED_GIT_HISTORY,,
ections for the tools.zip,windows_script_toolkit/.git/objects/6e/2dc924edf57c5771ded0285362400c8785f7b1,EXCLUDED_GIT_HISTORY,,
ections for the tools.zip,windows_script_toolkit/.git/objects/6e/5dc5b935ab83e3b1ba4b03d12cda4eade27ec3,EXCLUDED_GIT_HISTORY,,
ections for the tools.zip,windows_script_toolkit/.git/objects/70/35483330237f03e2c12b275c12a2eaf95f8be4,EXCLUDED_GIT_HISTORY,,
ections for the tools.zip,windows_script_toolkit/.git/objects/70/361488e0725ccc5d1e305d2641448a75e140e6,EXCLUDED_GIT_HISTORY,,
ections for the tools.zip,windows_script_toolkit/.git/objects/71/3ca303c2d00c223bd29c69a893568ce32e57fe,EXCLUDED_GIT_HISTORY,,
ections for the tools.zip,windows_script_toolkit/.git/objects/71/ad6bd129ce9778f849fb4e19f497a83647aece,EXCLUDED_GIT_HISTORY,,
ections for the tools.zip,windows_script_toolkit/.git/objects/72/a97c14383de1b3d40c0206c56619ec05ec05d1,EXCLUDED_GIT_HISTORY,,
ections for the tools.zip,windows_script_toolkit/.git/objects/73/464f1d07f3dde95984d2a8e363e17d68beeff1,EXCLUDED_GIT_HISTORY,,
ections for the tools.zip,windows_script_toolkit/.git/objects/74/ee20152010d7021cd58e1f4a4994cafc10948e,EXCLUDED_GIT_HISTORY,,
ections for the tools.zip,windows_script_toolkit/.git/objects/76/2edf9cc184540689fab22c3d06ba23703dc731,EXCLUDED_GIT_HISTORY,,
ections for the tools.zip,windows_script_toolkit/.git/objects/79/3e511e5e1e45af8cf36eb3e3a9b6bbdd110865,EXCLUDED_GIT_HISTORY,,
ections for the tools.zip,windows_script_toolkit/.git/objects/79/47c6364018fb28ca8a7d67722c6f604908a7f9,EXCLUDED_GIT_HISTORY,,
ections for the tools.zip,windows_script_toolkit/.git/objects/79/6b289454dc5a316331547b95b9fd67c8aa8fb0,EXCLUDED_GIT_HISTORY,,
ections for the tools.zip,windows_script_toolkit/.git/objects/7a/f3cf86ab8cbb2516c9906447d57f2202a3c47a,EXCLUDED_GIT_HISTORY,,
ections for the tools.zip,windows_script_toolkit/.git/objects/7b/0e02465e4e35edd34995891ab3dc6eea633141,EXCLUDED_GIT_HISTORY,,
ections for the tools.zip,windows_script_toolkit/.git/objects/7b/0ec2e3bb92af92ddb52fd8313eb0e4247bb7f5,EXCLUDED_GIT_HISTORY,,
ections for the tools.zip,windows_script_toolkit/.git/objects/7c/233015cdca475b18a676774a2c4d3990ece7a8,EXCLUDED_GIT_HISTORY,,
ections for the tools.zip,windows_script_toolkit/.git/objects/7c/bc67560397f0e9842a8f78b5840f1df18f32eb,EXCLUDED_GIT_HISTORY,,
ections for the tools.zip,windows_script_toolkit/.git/objects/7d/bd7b7c28621730ea27c10936e31167f6efb77b,EXCLUDED_GIT_HISTORY,,
ections for the tools.zip,windows_script_toolkit/.git/objects/7e/0117a84791c41c87a60d14c5fb63915916cf80,EXCLUDED_GIT_HISTORY,,
ections for the tools.zip,windows_script_toolkit/.git/objects/7f/4a4ba086d8ca55f72704e084e493babb382c60,EXCLUDED_GIT_HISTORY,,
ections for the tools.zip,windows_script_toolkit/.git/objects/7f/64e1a470e689b3aa4bd1ddb6f46ac5173d6e8f,EXCLUDED_GIT_HISTORY,,
ections for the tools.zip,windows_script_toolkit/.git/objects/7f/e153272f4ffb9e479ca803bc97c65bac24fa96,EXCLUDED_GIT_HISTORY,,
ections for the tools.zip,windows_script_toolkit/.git/objects/80/f8e86919497791cf7ece88ea86ed92b9980a17,EXCLUDED_GIT_HISTORY,,
ections for the tools.zip,windows_script_toolkit/.git/objects/81/357add2c1b1e3bcab30f6c285a2a5492b25469,EXCLUDED_GIT_HISTORY,,
ections for the tools.zip,windows_script_toolkit/.git/objects/84/5c024ff212b2f54c51b42b49a7872ba14dced4,EXCLUDED_GIT_HISTORY,,
ections for the tools.zip,windows_script_toolkit/.git/objects/85/9f1366c4ae919c76b39b3bb32ca95ac58c22fd,EXCLUDED_GIT_HISTORY,,
ections for the tools.zip,windows_script_toolkit/.git/objects/85/d9b7ba6270b82bd213e3ae37bba069df79cbc6,EXCLUDED_GIT_HISTORY,,
ections for the tools.zip,windows_script_toolkit/.git/objects/86/ae9a1e457b4c1c0f9136e00d7dd4aa70e82a80,EXCLUDED_GIT_HISTORY,,
ections for the tools.zip,windows_script_toolkit/.git/objects/88/5ed394dc1bcfe1d2f4f7c9138e39541ae5114e,EXCLUDED_GIT_HISTORY,,
ections for the tools.zip,windows_script_toolkit/.git/objects/8f/7aada5c1441a3be2dbd169eabfc7944b53cc98,EXCLUDED_GIT_HISTORY,,
ections for the tools.zip,windows_script_toolkit/.git/objects/90/429805096f10df9e0f0270d3bc73d76c2e21c5,EXCLUDED_GIT_HISTORY,,
ections for the tools.zip,windows_script_toolkit/.git/objects/91/14162aedeb6991f3c2cee5fdc26c293a181810,EXCLUDED_GIT_HISTORY,,
ections for the tools.zip,windows_script_toolkit/.git/objects/92/3d351c2bda83ccc6ca12c0c13c9ef0344850ee,EXCLUDED_GIT_HISTORY,,
ections for the tools.zip,windows_script_toolkit/.git/objects/94/49d1360de70259edde31e096a8a7f65c86c9b2,EXCLUDED_GIT_HISTORY,,
ections for the tools.zip,windows_script_toolkit/.git/objects/94/dc7681401d3457da0927a7c61b8ac2fb2ac597,EXCLUDED_GIT_HISTORY,,
ections for the tools.zip,windows_script_toolkit/.git/objects/95/570c6134b2b6b4c28827b7a6e38d8853e9f15d,EXCLUDED_GIT_HISTORY,,
ections for the tools.zip,windows_script_toolkit/.git/objects/99/69e438311067a12d01b0f00e5bafdfd5889f26,EXCLUDED_GIT_HISTORY,,
ections for the tools.zip,windows_script_toolkit/.git/objects/9a/1de38825ffbbbe92b3e5d0e868ed14c9617b3f,EXCLUDED_GIT_HISTORY,,
ections for the tools.zip,windows_script_toolkit/.git/objects/9a/898932d7ed838b65cb0199049a06284138d7e9,EXCLUDED_GIT_HISTORY,,
ections for the tools.zip,windows_script_toolkit/.git/objects/9d/88fba283dd3681afced2f8c61ef2a95851fffe,EXCLUDED_GIT_HISTORY,,
ections for the tools.zip,windows_script_toolkit/.git/objects/a0/83fc53f2b4e4fea635243eb1ce39c7a87e25de,EXCLUDED_GIT_HISTORY,,
ections for the tools.zip,windows_script_toolkit/.git/objects/a1/0546693018ce0c1d04628892ace23cfb4f1cc9,EXCLUDED_GIT_HISTORY,,
ections for the tools.zip,windows_script_toolkit/.git/objects/a1/d47d43fbc89ae05f6b10e211d38e158cb93e01,EXCLUDED_GIT_HISTORY,,
ections for the tools.zip,windows_script_toolkit/.git/objects/a3/204657842092798092f91c09f5184dfb3d9430,EXCLUDED_GIT_HISTORY,,
ections for the tools.zip,windows_script_toolkit/.git/objects/a4/2ebc0e64dbbbddd5b03f94d1710accb0c956a4,EXCLUDED_GIT_HISTORY,,
ections for the tools.zip,windows_script_toolkit/.git/objects/a4/cdd3589d5830cf5c496365202b3db777a8d4c1,EXCLUDED_GIT_HISTORY,,
ections for the tools.zip,windows_script_toolkit/.git/objects/a5/6a676a7d2d5097e49b5f02514107c585d7b356,EXCLUDED_GIT_HISTORY,,
ections for the tools.zip,windows_script_toolkit/.git/objects/a7/3451cda2e36d54f11e83fba42a7ac6b62c56c4,EXCLUDED_GIT_HISTORY,,
ections for the tools.zip,windows_script_toolkit/.git/objects/a7/f2e58f13a337bb1b9af272577aa9431eaa5efa,EXCLUDED_GIT_HISTORY,,
ections for the tools.zip,windows_script_toolkit/.git/objects/a8/5bfa1d934cbd51320fd964bbeb07c59f1c3490,EXCLUDED_GIT_HISTORY,,
ections for the tools.zip,windows_script_toolkit/.git/objects/a8/ba4d0e809d8cbd83f861ce901af83c10dc505e,EXCLUDED_GIT_HISTORY,,
ections for the tools.zip,windows_script_toolkit/.git/objects/a8/cd610f40b34899bbbe978e9373caa49221b3ca,EXCLUDED_GIT_HISTORY,,
ections for the tools.zip,windows_script_toolkit/.git/objects/a9/80ecec3f99acd7d0ac19e862ac8f1fd4d64273,EXCLUDED_GIT_HISTORY,,
ections for the tools.zip,windows_script_toolkit/.git/objects/aa/318bab8838ce53e1b20f5b35283fe4ce13bc39,EXCLUDED_GIT_HISTORY,,
ections for the tools.zip,windows_script_toolkit/.git/objects/ab/c766f029d373c52a9727928d1c5a9bdb0acdd4,EXCLUDED_GIT_HISTORY,,
ections for the tools.zip,windows_script_toolkit/.git/objects/ac/7247a8a0500a8edae228da8aa7a5522473f82b,EXCLUDED_GIT_HISTORY,,
ections for the tools.zip,windows_script_toolkit/.git/objects/ae/072378de563d27dd6cab3f4fdfdc34999350a6,EXCLUDED_GIT_HISTORY,,
ections for the tools.zip,windows_script_toolkit/.git/objects/b0/958e1b8522d122d4979729275353369325062d,EXCLUDED_GIT_HISTORY,,
ections for the tools.zip,windows_script_toolkit/.git/objects/b0/ed564f8c1159c2dfb95daeed4b1c2a5b0c9e52,EXCLUDED_GIT_HISTORY,,
ections for the tools.zip,windows_script_toolkit/.git/objects/b1/e0ed4a304fd8345072c1f60061156a5104448b,EXCLUDED_GIT_HISTORY,,
ections for the tools.zip,windows_script_toolkit/.git/objects/b2/bad76899943f45437d8cd7fa37d79994e09129,EXCLUDED_GIT_HISTORY,,
ections for the tools.zip,windows_script_toolkit/.git/objects/b3/5b677a44146590fd6fa6ef18a8a47f162a97a2,EXCLUDED_GIT_HISTORY,,
ections for the tools.zip,windows_script_toolkit/.git/objects/b5/a6477e975747adb12363867e78cb717f8694e6,EXCLUDED_GIT_HISTORY,,
ections for the tools.zip,windows_script_toolkit/.git/objects/b5/b521ef55a4ecaa03c72f4dfa837bdab7e9db4e,EXCLUDED_GIT_HISTORY,,
ections for the tools.zip,windows_script_toolkit/.git/objects/b5/ff67867479fcee794d02e61669d5df46998155,EXCLUDED_GIT_HISTORY,,
ections for the tools.zip,windows_script_toolkit/.git/objects/b7/d253ace17b68f09456cef140185059f4ac0892,EXCLUDED_GIT_HISTORY,,
ections for the tools.zip,windows_script_toolkit/.git/objects/b7/d3539a27bd0b40d9082cd3f8e5f84a21c470ce,EXCLUDED_GIT_HISTORY,,
ections for the tools.zip,windows_script_toolkit/.git/objects/b8/be11e9da6d814b8a775502a1df1f9cc2d1121f,EXCLUDED_GIT_HISTORY,,
ections for the tools.zip,windows_script_toolkit/.git/objects/b9/7229d93a37d94292289b3aab509645af7fdca2,EXCLUDED_GIT_HISTORY,,
ections for the tools.zip,windows_script_toolkit/.git/objects/b9/d30aaf3296692c86f54295b4f3cc671f62354f,EXCLUDED_GIT_HISTORY,,
ections for the tools.zip,windows_script_toolkit/.git/objects/ba/f6181da82825300f6082e7b943c34bcae03378,EXCLUDED_GIT_HISTORY,,
ections for the tools.zip,windows_script_toolkit/.git/objects/bd/340acd565ddaaf03a46f60788f550572def842,EXCLUDED_GIT_HISTORY,,
ections for the tools.zip,windows_script_toolkit/.git/objects/be/d63a6542f5a414e3becebf3ea62817fbcf98dd,EXCLUDED_GIT_HISTORY,,
ections for the tools.zip,windows_script_toolkit/.git/objects/c2/73fb8120eda983b28648d0e257c4f94b081c14,EXCLUDED_GIT_HISTORY,,
ections for the tools.zip,windows_script_toolkit/.git/objects/c6/d39073cc358fde9da079802b4f34d26e705136,EXCLUDED_GIT_HISTORY,,
ections for the tools.zip,windows_script_toolkit/.git/objects/c8/c82a3ff4cc973aca6ffc4e247df7b82880f81c,EXCLUDED_GIT_HISTORY,,
ections for the tools.zip,windows_script_toolkit/.git/objects/c9/5d01d4bb97237ec4f6f94fbaf777011f31e270,EXCLUDED_GIT_HISTORY,,
ections for the tools.zip,windows_script_toolkit/.git/objects/ca/1854475aaaf990da815632f3d2c9385803583a,EXCLUDED_GIT_HISTORY,,
ections for the tools.zip,windows_script_toolkit/.git/objects/cb/c85ba1d6e791d80f484f40f6bd584df62ba2a8,EXCLUDED_GIT_HISTORY,,
ections for the tools.zip,windows_script_toolkit/.git/objects/cb/fe976b95b5a36593d3d4f68ccdeb63ea957018,EXCLUDED_GIT_HISTORY,,
ections for the tools.zip,windows_script_toolkit/.git/objects/ce/8ed2a2558ee9d589d8069e0ba86378f60f514c,EXCLUDED_GIT_HISTORY,,
ections for the tools.zip,windows_script_toolkit/.git/objects/cf/4db53523f8a26e6a9b02a8b4175ed586913ae2,EXCLUDED_GIT_HISTORY,,
ections for the tools.zip,windows_script_toolkit/.git/objects/d1/b2f6be45fc001e8551d1a6b4442167ab983914,EXCLUDED_GIT_HISTORY,,
ections for the tools.zip,windows_script_toolkit/.git/objects/d4/4fe7431a6f7f2294d642eabc25500f90f0b56e,EXCLUDED_GIT_HISTORY,,
ections for the tools.zip,windows_script_toolkit/.git/objects/db/1f99efd16d0e922ab94e76b8252e134d6bef9c,EXCLUDED_GIT_HISTORY,,
ections for the tools.zip,windows_script_toolkit/.git/objects/e1/2e998cea1cee1d01d13827386b7566a052151e,EXCLUDED_GIT_HISTORY,,
ections for the tools.zip,windows_script_toolkit/.git/objects/e1/84dcd4aa354c61b4520c09dbdf66c9a0132d1e,EXCLUDED_GIT_HISTORY,,
ections for the tools.zip,windows_script_toolkit/.git/objects/e1/b8d3f10c9fe508a3774890a62ffe2833da251e,EXCLUDED_GIT_HISTORY,,
ections for the tools.zip,windows_script_toolkit/.git/objects/e3/1558d4a22c23f2a08df5ef437be4f20e8320fc,EXCLUDED_GIT_HISTORY,,
ections for the tools.zip,windows_script_toolkit/.git/objects/e4/595732ae178f75da37f09e90f4de00c3bb140e,EXCLUDED_GIT_HISTORY,,
ections for the tools.zip,windows_script_toolkit/.git/objects/e7/c4b6d320274b277f3fd6e7b360ab3163fc3b7e,EXCLUDED_GIT_HISTORY,,
ections for the tools.zip,windows_script_toolkit/.git/objects/e9/fa5fd5a789e0f7482c078ad0bde0900c04a29f,EXCLUDED_GIT_HISTORY,,
ections for the tools.zip,windows_script_toolkit/.git/objects/ea/1a2c153f6c1f281ac23ee459193d5ff4891c03,EXCLUDED_GIT_HISTORY,,
ections for the tools.zip,windows_script_toolkit/.git/objects/ea/7902462780e8c65869363698f5a03f537fc8b0,EXCLUDED_GIT_HISTORY,,
ections for the tools.zip,windows_script_toolkit/.git/objects/ec/4afee541b9115e819a60e619b9c1dd9b45810b,EXCLUDED_GIT_HISTORY,,
ections for the tools.zip,windows_script_toolkit/.git/objects/ec/e9165881d2716de4eb1b5af766fbf47da75814,EXCLUDED_GIT_HISTORY,,
ections for the tools.zip,windows_script_toolkit/.git/objects/ef/a4c5e49520969d8b843128af299173022a8929,EXCLUDED_GIT_HISTORY,,
ections for the tools.zip,windows_script_toolkit/.git/objects/f0/567cf3c1317472c7eacd496b5b44e66afe857d,EXCLUDED_GIT_HISTORY,,
ections for the tools.zip,windows_script_toolkit/.git/objects/f0/7b9b8877f60561785f190e18bb02dee7c97cc6,EXCLUDED_GIT_HISTORY,,
ections for the tools.zip,windows_script_toolkit/.git/objects/f0/e03de199dc75400150bba11da6c22d98bb5ed6,EXCLUDED_GIT_HISTORY,,
ections for the tools.zip,windows_script_toolkit/.git/objects/f2/cc26adf47f89967de9cde9405ab0e6ba02be7c,EXCLUDED_GIT_HISTORY,,
ections for the tools.zip,windows_script_toolkit/.git/objects/f4/c6efe6b746a5ca318bdacba4dd217137770278,EXCLUDED_GIT_HISTORY,,
ections for the tools.zip,windows_script_toolkit/.git/objects/f4/c9e710aef1659e8d82c2d28fb510ca769ea324,EXCLUDED_GIT_HISTORY,,
ections for the tools.zip,windows_script_toolkit/.git/objects/f5/e9e078df5b1778fbd86a9592affc9a74d0b487,EXCLUDED_GIT_HISTORY,,
ections for the tools.zip,windows_script_toolkit/.git/objects/f6/e11d944a49ef70ab6451ed73bd1ed21c838400,EXCLUDED_GIT_HISTORY,,
ections for the tools.zip,windows_script_toolkit/.git/objects/f7/13c5648ad2fa1adff6155966c06db7768a1db5,EXCLUDED_GIT_HISTORY,,
ections for the tools.zip,windows_script_toolkit/.git/objects/f7/f71ed129a4de516658e2e358e1f7e894aa185a,EXCLUDED_GIT_HISTORY,,
ections for the tools.zip,windows_script_toolkit/.git/objects/f9/bf36c477be7b0c1359f6b9a4e90a35f38200b8,EXCLUDED_GIT_HISTORY,,
ections for the tools.zip,windows_script_toolkit/.git/objects/f9/cf52019c3c02c2c8d72624ae36a255a846a7f1,EXCLUDED_GIT_HISTORY,,
ections for the tools.zip,windows_script_toolkit/.git/objects/fc/6c3a55960fb1f7b203b40e897a05e89b049b19,EXCLUDED_GIT_HISTORY,,
ections for the tools.zip,windows_script_toolkit/.git/objects/ff/1437c5f0089c11e785ed3e9fdb4a54780bc4f0,EXCLUDED_GIT_HISTORY,,
ections for the tools.zip,windows_script_toolkit/.git/objects/info/packs,EXCLUDED_GIT_HISTORY,,
ections for the tools.zip,windows_script_toolkit/.git/objects/pack/multi-pack-index,EXCLUDED_GIT_HISTORY,,
ections for the tools.zip,windows_script_toolkit/.git/objects/pack/pack-134f0ba670c3475cbfcb266833107537daf1aa00.idx,EXCLUDED_GIT_HISTORY,,
ections for the tools.zip,windows_script_toolkit/.git/objects/pack/pack-134f0ba670c3475cbfcb266833107537daf1aa00.mtimes,EXCLUDED_GIT_HISTORY,,
ections for the tools.zip,windows_script_toolkit/.git/objects/pack/pack-134f0ba670c3475cbfcb266833107537daf1aa00.pack,EXCLUDED_GIT_HISTORY,,
ections for the tools.zip,windows_script_toolkit/.git/objects/pack/pack-134f0ba670c3475cbfcb266833107537daf1aa00.rev,EXCLUDED_GIT_HISTORY,,
ections for the tools.zip,windows_script_toolkit/.git/objects/pack/pack-cf86b24fa48702816573cbc54e325f91fa71fdc2.idx,EXCLUDED_GIT_HISTORY,,
ections for the tools.zip,windows_script_toolkit/.git/objects/pack/pack-cf86b24fa48702816573cbc54e325f91fa71fdc2.pack,EXCLUDED_GIT_HISTORY,,
ections for the tools.zip,windows_script_toolkit/.git/objects/pack/pack-cf86b24fa48702816573cbc54e325f91fa71fdc2.rev,EXCLUDED_GIT_HISTORY,,
ections for the tools.zip,windows_script_toolkit/.git/refs/heads/main,EXCLUDED_GIT_HISTORY,,
ections for the tools.zip,windows_script_toolkit/.git/refs/remotes/origin/main,EXCLUDED_GIT_HISTORY,,
ections for the tools.zip,windows_script_toolkit/Build/Build-Msi.ps1,EXCLUDED_LEGACY_OR_SITE_WORKFLOW_SEE_REPORT,,065f27b51a7d12d618e7e9534f868164467027797294f1e5b1e36284c8ae82e5
ections for the tools.zip,windows_script_toolkit/Build/Build-PortableExe.ps1,EXCLUDED_LEGACY_OR_SITE_WORKFLOW_SEE_REPORT,,37c49599e49640f236f1665111d83b871752ea41d880b387ce2a2634d2139b75
ections for the tools.zip,windows_script_toolkit/Build/T3CHNRD'S Windows Tool Kit.exe,EXCLUDED_LEGACY_BUILD_OR_UNMAPPED_BINARY,,d42f1723b868d81ed10969186a9fe903b410b16b895e4a4a57992341d271fe02
ections for the tools.zip,windows_script_toolkit/Build/Installer/Product.wxs,EXCLUDED_LEGACY_SUPPORT_OR_DOCUMENTATION,,74ba32b159f79f43244f7e7e79bba1851c38a14c1c40c1bd31f31fa0b923c563
ections for the tools.zip,windows_script_toolkit/Config/Toolkit.Settings.psd1,EXCLUDED_LEGACY_OR_SITE_WORKFLOW_SEE_REPORT,,9641430dd89fbf7129e1843020215ee824dc06f4ab600de597f920626c1e73cb
ections for the tools.zip,windows_script_toolkit/dist/T3CHNRD'S Windows Tool Kit-portable.zip,EXCLUDED_LEGACY_BUILD_OR_UNMAPPED_BINARY,,0bc11cb6c622faa5de4573e2325091d0149275e732da281c9e94c8167e5bc146
ections for the tools.zip,windows_script_toolkit/dist/portable/T3CHNRD'S Windows Tool Kit/PROJECT_PLAN.md,EXCLUDED_LEGACY_BUILD_OR_UNMAPPED_BINARY,,abc0b35c329094318dec0ca597206857cc9a63c00eb566069e2eae3913edc6b4
ections for the tools.zip,windows_script_toolkit/dist/portable/T3CHNRD'S Windows Tool Kit/README.md,EXCLUDED_LEGACY_BUILD_OR_UNMAPPED_BINARY,,2ec250e62404ac685b6c5ffcb31bdc1180e1a9fe183ef5cf824c443a3483a0e0
ections for the tools.zip,windows_script_toolkit/dist/portable/T3CHNRD'S Windows Tool Kit/T3CHNRD'S Windows Tool Kit.exe,EXCLUDED_LEGACY_BUILD_OR_UNMAPPED_BINARY,,d42f1723b868d81ed10969186a9fe903b410b16b895e4a4a57992341d271fe02
ections for the tools.zip,windows_script_toolkit/dist/portable/T3CHNRD'S Windows Tool Kit/ToolkitLauncher.ps1,EXCLUDED_LEGACY_BUILD_OR_UNMAPPED_BINARY,,97febc2eac523888380a05fd4340a28c60708ac8622ce92c52c25b5f6c16742f
ections for the tools.zip,windows_script_toolkit/dist/portable/T3CHNRD'S Windows Tool Kit/Config/Toolkit.Settings.psd1,EXCLUDED_LEGACY_BUILD_OR_UNMAPPED_BINARY,,9641430dd89fbf7129e1843020215ee824dc06f4ab600de597f920626c1e73cb
ections for the tools.zip,windows_script_toolkit/dist/portable/T3CHNRD'S Windows Tool Kit/Docs/Script-Adaptation-Notes.md,EXCLUDED_LEGACY_BUILD_OR_UNMAPPED_BINARY,,bfa6e340d7f6d1d03e81043e08153072d659a18dffec150d4e83e6276faca5f0
ections for the tools.zip,windows_script_toolkit/dist/portable/T3CHNRD'S Windows Tool Kit/Docs/Script-Review.md,EXCLUDED_LEGACY_BUILD_OR_UNMAPPED_BINARY,,71d2751737b99c42c44e85b63159a060277dc0ad1bf2a98642d6b6ee319f0924
ections for the tools.zip,windows_script_toolkit/dist/portable/T3CHNRD'S Windows Tool Kit/Docs/Validation-2026-04-27.md,EXCLUDED_LEGACY_BUILD_OR_UNMAPPED_BINARY,,592c892c4d5356a3c3ffc3ceb4ac5e6e4dd0731405b67b0c17f80ccbd5286c78
ections for the tools.zip,windows_script_toolkit/dist/portable/T3CHNRD'S Windows Tool Kit/Docs/Screenshots/.gitkeep,EXCLUDED_LEGACY_BUILD_OR_UNMAPPED_BINARY,,01ba4719c80b6fe911b091a7c05124b64eeece964e09c058ef8f9805daca546b
ections for the tools.zip,windows_script_toolkit/dist/portable/T3CHNRD'S Windows Tool Kit/Integrations/Invoke-InstallMicrosoft365.ps1,EXCLUDED_LEGACY_BUILD_OR_UNMAPPED_BINARY,,47e3e8d1e1036a7da08c6f8e864b5f0ac5b937b456c7151f602163f07b977d98
ections for the tools.zip,windows_script_toolkit/dist/portable/T3CHNRD'S Windows Tool Kit/Integrations/Invoke-MediaCreationWorkflow.ps1,EXCLUDED_LEGACY_BUILD_OR_UNMAPPED_BINARY,,abb0fa46a8bea6313b029bab5955d78a997f1e51003216a88d9747feff6cabd6
ections for the tools.zip,windows_script_toolkit/dist/portable/T3CHNRD'S Windows Tool Kit/Integrations/Install-Microsoft365/Install-Microsoft365-main/.gitignore,EXCLUDED_LEGACY_BUILD_OR_UNMAPPED_BINARY,,6abfd49280d1564265bb72bbc57188e972bb0c9766e30033feb6b2f3c8f18b11
ections for the tools.zip,windows_script_toolkit/dist/portable/T3CHNRD'S Windows Tool Kit/Integrations/Install-Microsoft365/Install-Microsoft365-main/Helpers.psm1,EXCLUDED_LEGACY_BUILD_OR_UNMAPPED_BINARY,,409ff34ca1bff33b69172e3564da77a76a42ed2ab730e22cfd0d92e9ee46c7c2
ections for the tools.zip,windows_script_toolkit/dist/portable/T3CHNRD'S Windows Tool Kit/Integrations/Install-Microsoft365/Install-Microsoft365-main/Install-Microsoft365.ps1,EXCLUDED_LEGACY_BUILD_OR_UNMAPPED_BINARY,,b01b4088b68a8eaf01edb834292aeb0498e9432fa6fb78a3f9d546b152446214
ections for the tools.zip,windows_script_toolkit/dist/portable/T3CHNRD'S Windows Tool Kit/Integrations/Install-Microsoft365/Install-Microsoft365-main/LICENSE,EXCLUDED_LEGACY_BUILD_OR_UNMAPPED_BINARY,,d1c65ea1552d33f51abb46299f9a1f11997758268fc906eb991435fa4daf1272
ections for the tools.zip,windows_script_toolkit/dist/portable/T3CHNRD'S Windows Tool Kit/Integrations/Install-Microsoft365/Install-Microsoft365-main/README.md,EXCLUDED_LEGACY_BUILD_OR_UNMAPPED_BINARY,,951089aae9e23c0ca2beeb7149a88fa9838c4f1cdef857b8078b0b45050a22e3
ections for the tools.zip,windows_script_toolkit/dist/portable/T3CHNRD'S Windows Tool Kit/Integrations/Install-Microsoft365/Install-Microsoft365-main/ValidateConfiguration.ps1,EXCLUDED_LEGACY_BUILD_OR_UNMAPPED_BINARY,,79b1a92ad86bdab9ce414acb257bf434da1c5bface1779f4cf3cbc5728684771
ections for the tools.zip,windows_script_toolkit/dist/portable/T3CHNRD'S Windows Tool Kit/LegacyScripts/bootcertchcker.ps1,EXCLUDED_LEGACY_BUILD_OR_UNMAPPED_BINARY,,3d46bfa263a99b62c96485bf77820107c47cabcd4b3d90e2c5d6a03dc63c5447
ections for the tools.zip,windows_script_toolkit/dist/portable/T3CHNRD'S Windows Tool Kit/LegacyScripts/Check-SecureBootCert.ps1,EXCLUDED_LEGACY_BUILD_OR_UNMAPPED_BINARY,,b2c41002b3f0738832ccccbf738f97d8fd01464ce7776a602fb882d898729d73
ections for the tools.zip,windows_script_toolkit/dist/portable/T3CHNRD'S Windows Tool Kit/LegacyScripts/Fix_OneNote_Duplicates.ps1,EXCLUDED_LEGACY_BUILD_OR_UNMAPPED_BINARY,,f1d24e57b42e0ac7a724f4c0e82bdd0329ea767c67b946327e90bda2f550ca77
ections for the tools.zip,windows_script_toolkit/dist/portable/T3CHNRD'S Windows Tool Kit/LegacyScripts/how_to_guide.ps1,EXCLUDED_LEGACY_BUILD_OR_UNMAPPED_BINARY,,8c0117fd5c9c24fbe1f0871db485a8f6199f599f47965d7e523cb0dc50a0ae77
ections for the tools.zip,windows_script_toolkit/dist/portable/T3CHNRD'S Windows Tool Kit/LegacyScripts/Invoke-MassDuplicateCleanup.ps1,EXCLUDED_LEGACY_BUILD_OR_UNMAPPED_BINARY,,ec6aea3b554b32bd480ff832f8037c6e5434cf7e0364745e42e4b44f346d00d2
ections for the tools.zip,windows_script_toolkit/dist/portable/T3CHNRD'S Windows Tool Kit/LegacyScripts/Invoke-ps2exe.ps1,EXCLUDED_LEGACY_BUILD_OR_UNMAPPED_BINARY,,d4c046573b836f26a980cf8de75c3316b01beeefe06d93eddf66a0559857e016
ections for the tools.zip,windows_script_toolkit/dist/portable/T3CHNRD'S Windows Tool Kit/LegacyScripts/Launch_OneNote.ps1,EXCLUDED_LEGACY_BUILD_OR_UNMAPPED_BINARY,,fe3a242b6e30e8c4a13f2c76f1fe1945be021a85ba5f27eb20d0d53740e07a6b
ections for the tools.zip,windows_script_toolkit/dist/portable/T3CHNRD'S Windows Tool Kit/LegacyScripts/Master Audit & Smart-Skip.ps1,PRESENT_EXACT,Windows/Scripts/Documentation/Master-Audit-Smart-Skip.ps1,45befdba28bc3f6845b48a676eb05effc342fb8e4073db54542b61248c5d96d5
ections for the tools.zip,windows_script_toolkit/dist/portable/T3CHNRD'S Windows Tool Kit/LegacyScripts/master_onenote_importer.ps1,PRESENT_EXACT,Windows/Scripts/Documentation/Master-OneNote-Importer.ps1,96b28823ac0b686e163b3efdd7efdec6322c4d313c65234f9d9c398d5ee9bf2f
ections for the tools.zip,windows_script_toolkit/dist/portable/T3CHNRD'S Windows Tool Kit/LegacyScripts/move_to_onenote.ps1,EXCLUDED_LEGACY_BUILD_OR_UNMAPPED_BINARY,,1873760c7cf433f889a11e329e76d937c260bb20737c130b4e32f638cf590f53
ections for the tools.zip,windows_script_toolkit/dist/portable/T3CHNRD'S Windows Tool Kit/LegacyScripts/move_to_onenote_2.ps1,EXCLUDED_LEGACY_BUILD_OR_UNMAPPED_BINARY,,136bb9491bc9ba761c1df2bd690fa57f10493ac7896bb99055be961b440acf78
ections for the tools.zip,windows_script_toolkit/dist/portable/T3CHNRD'S Windows Tool Kit/LegacyScripts/move_to_onenote_selfcheck.ps1,EXCLUDED_LEGACY_BUILD_OR_UNMAPPED_BINARY,,a55f8340e9c2a56c2d784ff9148ca23bc9462f24f584bcf64d091f191122ecb1
ections for the tools.zip,windows_script_toolkit/dist/portable/T3CHNRD'S Windows Tool Kit/LegacyScripts/sortdoc.ps1,EXCLUDED_LEGACY_BUILD_OR_UNMAPPED_BINARY,,1f0f3ee0aa289cd9760d6946002fcbd242a11da225151b707e7dad1952553359
ections for the tools.zip,windows_script_toolkit/dist/portable/T3CHNRD'S Windows Tool Kit/LegacyScripts/The Network Access Script.ps1,EXCLUDED_LEGACY_BUILD_OR_UNMAPPED_BINARY,,254666371cf5f4c2773c05173065d4020354958a3cd0968015c4ab27f83a00d0
ections for the tools.zip,windows_script_toolkit/dist/portable/T3CHNRD'S Windows Tool Kit/Logs/.gitkeep,EXCLUDED_PREVIOUS_RUN_OUTPUT,,f01a374e9c81e3db89b3a42940c4d6a5447684986a1296e42bf13f196eed6295
ections for the tools.zip,windows_script_toolkit/dist/portable/T3CHNRD'S Windows Tool Kit/Modules/HardwareDiagnostics/HardwareDiagnostics.psm1,EXCLUDED_LEGACY_BUILD_OR_UNMAPPED_BINARY,,754b297035d72bb2db8d232fe82cc962cd90a40daa027aba9e3aab5167587f80
ections for the tools.zip,windows_script_toolkit/dist/portable/T3CHNRD'S Windows Tool Kit/Modules/MaintenanceToolkit/MaintenanceToolkit.psd1,EXCLUDED_LEGACY_BUILD_OR_UNMAPPED_BINARY,,2bd9075091d24f08d9d51e7e2e5b059edfd46a170aaae51e1ad4c1b541cf4b37
ections for the tools.zip,windows_script_toolkit/dist/portable/T3CHNRD'S Windows Tool Kit/Modules/MaintenanceToolkit/MaintenanceToolkit.psm1,EXCLUDED_LEGACY_BUILD_OR_UNMAPPED_BINARY,,7999cf9e17f889a8974e67d769da5e36d2caa46159681c7cbe32d267a338fd13
ections for the tools.zip,windows_script_toolkit/dist/portable/T3CHNRD'S Windows Tool Kit/Modules/StorageTools/StorageTools.psm1,EXCLUDED_LEGACY_BUILD_OR_UNMAPPED_BINARY,,3a17e3316da6a92322c79a167a6a7d3758dd703630b9181e7aa534ff4dc5cb78
ections for the tools.zip,windows_script_toolkit/dist/portable/T3CHNRD'S Windows Tool Kit/Modules/UpdateTools/UpdateTools.psm1,EXCLUDED_LEGACY_BUILD_OR_UNMAPPED_BINARY,,a153befc76d03f2347d4b94d9932649ac29ac113e27a705ba976da5727f4b1cd
ections for the tools.zip,windows_script_toolkit/dist/portable/T3CHNRD'S Windows Tool Kit/Scripts/Invoke-ToolkitTaskHost.ps1,EXCLUDED_LEGACY_BUILD_OR_UNMAPPED_BINARY,,c6f17c7862da671ca7d71c917a3e92ba8faebb68ae48086a29be183768ab2fbe
ections for the tools.zip,windows_script_toolkit/dist/portable/T3CHNRD'S Windows Tool Kit/Scripts/Python/RepairDock/network_reset.py,EXCLUDED_LEGACY_BUILD_OR_UNMAPPED_BINARY,,bb623524241f0cdc97337ad1a6317d359b4125f892b82e676a86034379e0763b
ections for the tools.zip,windows_script_toolkit/dist/portable/T3CHNRD'S Windows Tool Kit/Scripts/Python/RepairDock/system_repair.py,EXCLUDED_LEGACY_BUILD_OR_UNMAPPED_BINARY,,6b6b9df122becc5e0d0dba158d9ac76ab58916a0443596cee3625e1ae08007f8
ections for the tools.zip,windows_script_toolkit/dist/portable/T3CHNRD'S Windows Tool Kit/Scripts/Tasks/Invoke-AmortPersistenceReview.ps1,PRESENT_EXACT,Windows/Scripts/Invoke-AmortPersistenceReview.ps1,68261d10759a54df9183a2d5d4ed059b92f0b1af094a5384521a1e68e690c677
ections for the tools.zip,windows_script_toolkit/dist/portable/T3CHNRD'S Windows Tool Kit/Scripts/Tasks/Invoke-BackupBitLockerKeys.ps1,EXCLUDED_LEGACY_BUILD_OR_UNMAPPED_BINARY,,783ed0e782c76540640be06286ec7f4c51e2e804bdbfec149187169e35facaa7
ections for the tools.zip,windows_script_toolkit/dist/portable/T3CHNRD'S Windows Tool Kit/Scripts/Tasks/Invoke-BeretBrowserReview.ps1,PRESENT_EXACT,Windows/Scripts/Invoke-BeretBrowserReview.ps1,de4025109763e1ee6f8184f79c8c7e048342ef6ee30bbb2326eea555f2c4dd12
ections for the tools.zip,windows_script_toolkit/dist/portable/T3CHNRD'S Windows Tool Kit/Scripts/Tasks/Invoke-BiosUpdate.ps1,PRESENT_EXACT,Windows/Scripts/Updates/Invoke-BiosUpdate.ps1,dfd5f32a0da4d0ac5a68d8af08392d1ffd54f77e3e67c39c9bd510b1d9d60585
ections for the tools.zip,windows_script_toolkit/dist/portable/T3CHNRD'S Windows Tool Kit/Scripts/Tasks/Invoke-ClearTempJunk.ps1,PRESENT_EXACT,Windows/Scripts/Invoke-ClearTempJunk.ps1,21c62c50942771fdf7fdee59f233e0583775bf638f7f2611658afdcf35cedb3a
ections for the tools.zip,windows_script_toolkit/dist/portable/T3CHNRD'S Windows Tool Kit/Scripts/Tasks/Invoke-DataTransferWizard.ps1,EXCLUDED_LEGACY_BUILD_OR_UNMAPPED_BINARY,,91a59f5f8e1472cb152fbf25f6459f2c31b9d1fc2fa01ba424f4a873b9d0b745
ections for the tools.zip,windows_script_toolkit/dist/portable/T3CHNRD'S Windows Tool Kit/Scripts/Tasks/Invoke-DebloatInventory.ps1,EXCLUDED_LEGACY_BUILD_OR_UNMAPPED_BINARY,,3dd62c3e62f807c75a8f9c9c447801725523277c9c6471f5b224f3003b8c5d89
ections for the tools.zip,windows_script_toolkit/dist/portable/T3CHNRD'S Windows Tool Kit/Scripts/Tasks/Invoke-DefendAudit.ps1,PRESENT_EXACT,Windows/Scripts/Invoke-DefendAudit.ps1,d1c4bb885584ef89f4d54924a34e29ec2a65e78d4191255b057193b103d7f1b9
ections for the tools.zip,windows_script_toolkit/dist/portable/T3CHNRD'S Windows Tool Kit/Scripts/Tasks/Invoke-DefenderQuickScan.ps1,PRESENT_EXACT,Windows/Scripts/Invoke-DefenderQuickScan.ps1,739c8a2ea7640b5f84a57f79b3c51fdf4368bc36d6b3347068e7edda5bfb29d8
ections for the tools.zip,windows_script_toolkit/dist/portable/T3CHNRD'S Windows Tool Kit/Scripts/Tasks/Invoke-DeviceInformationReport.ps1,EXCLUDED_LEGACY_BUILD_OR_UNMAPPED_BINARY,,c5d17129917063a85bc6d291253631f1b2b9efda5cf10e59d0d9f29ea71bb182
ections for the tools.zip,windows_script_toolkit/dist/portable/T3CHNRD'S Windows Tool Kit/Scripts/Tasks/Invoke-DhcpRenew.ps1,PRESENT_EXACT,Windows/Scripts/Invoke-DhcpRenew.ps1,8ff32cf519099f1aafbd9478e3a2224b27bd1f0ebc419cdf7b8170d7de20772c
ections for the tools.zip,windows_script_toolkit/dist/portable/T3CHNRD'S Windows Tool Kit/Scripts/Tasks/Invoke-DisableBitLocker.ps1,PRESENT_EXACT,Windows/Scripts/Invoke-DisableBitLocker.ps1,68c22574a4b8e64bb669e7aafdfe45d01de5623a8081fdf24455c251fb59f776
ections for the tools.zip,windows_script_toolkit/dist/portable/T3CHNRD'S Windows Tool Kit/Scripts/Tasks/Invoke-DiskSpaceMonitor.ps1,PRESENT_EXACT,Windows/Scripts/Invoke-DiskSpaceMonitor.ps1,9e732a87122862ff575f95a4cd999d5100b298314c20d612650201da21f3393f
ections for the tools.zip,windows_script_toolkit/dist/portable/T3CHNRD'S Windows Tool Kit/Scripts/Tasks/Invoke-DomainLookup.ps1,PRESENT_EXACT,Windows/Scripts/Invoke-DomainLookup.ps1,ad5d4e55746c571cc13b594ca0c0515e8c707d381e2a0bf3b872674fb4d9632f
ections for the tools.zip,windows_script_toolkit/dist/portable/T3CHNRD'S Windows Tool Kit/Scripts/Tasks/Invoke-DriverUpdate.ps1,PRESENT_EXACT,Windows/Scripts/Updates/Invoke-DriverUpdate.ps1,c144a053cf090d3e29301e342f80381573f51e16a24db924c3fbb5a58cfa8113
ections for the tools.zip,windows_script_toolkit/dist/portable/T3CHNRD'S Windows Tool Kit/Scripts/Tasks/Invoke-DriveScanRepair.ps1,EXCLUDED_LEGACY_BUILD_OR_UNMAPPED_BINARY,,a124cce5a44e702cfcabe71b244fba410cb98e3452ebde18ebbfcd1663869890
ections for the tools.zip,windows_script_toolkit/dist/portable/T3CHNRD'S Windows Tool Kit/Scripts/Tasks/Invoke-FirmwareUpdate.ps1,PRESENT_EXACT,Windows/Scripts/Updates/Invoke-FirmwareUpdate.ps1,bc2eb701f316c7acab24e9450335ab6d062978864e2219b83694e1a7dbbf26ad
ections for the tools.zip,windows_script_toolkit/dist/portable/T3CHNRD'S Windows Tool Kit/Scripts/Tasks/Invoke-FreeCDriveSpace.ps1,PRESENT_EXACT,Windows/Scripts/Invoke-FreeCDriveSpace.ps1,5d1490a5a56e1dfc0b2eb6245d9a6c3ca65d0e5bbd0f964e6b9f67cf2823ee2f
ections for the tools.zip,windows_script_toolkit/dist/portable/T3CHNRD'S Windows Tool Kit/Scripts/Tasks/Invoke-KillerEncryptionHelper.ps1,PRESENT_EXACT,Windows/Scripts/Utilities/Invoke-KillerEncryptionHelper.ps1,a58f46ce349d944e0ab32a11cb1cd3bb24aa5bfa901da5c1bf6b139ad4fc2e31
ections for the tools.zip,windows_script_toolkit/dist/portable/T3CHNRD'S Windows Tool Kit/Scripts/Tasks/Invoke-KillerNetworkScan.ps1,EXCLUDED_LEGACY_BUILD_OR_UNMAPPED_BINARY,,28dfddf9c78bc717d73277abf0df0ca81eeb8e99916b1da5da3e9b81e03ab9bf
ections for the tools.zip,windows_script_toolkit/dist/portable/T3CHNRD'S Windows Tool Kit/Scripts/Tasks/Invoke-LocalAccountSecurityAudit.ps1,PRESENT_EXACT,Windows/Scripts/Security/Invoke-LocalAccountSecurityAudit.ps1,5edf7fb76575dc97d2f0ee5306d2cf859cdc2ef6a99a739a783f55300cf3e36d
ections for the tools.zip,windows_script_toolkit/dist/portable/T3CHNRD'S Windows Tool Kit/Scripts/Tasks/Invoke-MacAddressLookup.ps1,PRESENT_EXACT,Windows/Scripts/Network/Invoke-MacAddressLookup.ps1,aa2274ae2ffb04a310f94aa93a9ef27f4f6f151f5fafdcb8cb76d5b615140de7
ections for the tools.zip,windows_script_toolkit/dist/portable/T3CHNRD'S Windows Tool Kit/Scripts/Tasks/Invoke-MaceCleanup.ps1,PRESENT_EXACT,Windows/Scripts/Maintenance/Invoke-MaceCleanup.ps1,efa99b62f3c0ca89bb19787ca9d1e5b4b23c5ce91cb586c04e3ae199bc1b0705
ections for the tools.zip,windows_script_toolkit/dist/portable/T3CHNRD'S Windows Tool Kit/Scripts/Tasks/Invoke-NetworkMaintenance.ps1,PRESENT_EXACT,Windows/Scripts/Network/Invoke-NetworkMaintenance.ps1,e94e20ab6cad69813a87c5345f7ea914988fc8e369c1d8b07bfd2bffe38fb178
ections for the tools.zip,windows_script_toolkit/dist/portable/T3CHNRD'S Windows Tool Kit/Scripts/Tasks/Invoke-OpenPortsAudit.ps1,PRESENT_EXACT,Windows/Scripts/Security/Invoke-OpenPortsAudit.ps1,bc4f01e78f4542349afc0c8733eb9e00669d824b483fbaf642ab332de17addbf
ections for the tools.zip,windows_script_toolkit/dist/portable/T3CHNRD'S Windows Tool Kit/Scripts/Tasks/Invoke-OrcaSecurityReport.ps1,PRESENT_EXACT,Windows/Scripts/Security/Invoke-OrcaSecurityReport.ps1,7a34b18a9024966533e93b950b9a15c378dfb63229b12430bf478e3c687a81a8
ections for the tools.zip,windows_script_toolkit/dist/portable/T3CHNRD'S Windows Tool Kit/Scripts/Tasks/Invoke-PowerShellRiskScan.ps1,PRESENT_EXACT,Windows/Scripts/Security/Invoke-PowerShellRiskScan.ps1,4f3e92c37f4e0458364f7d325122ac07799f6f96d48c4e1977919a7dceaf47dd
ections for the tools.zip,windows_script_toolkit/dist/portable/T3CHNRD'S Windows Tool Kit/Scripts/Tasks/Invoke-ResetNetworkStack.ps1,PRESENT_EXACT,Windows/Scripts/Network/Invoke-ResetNetworkStack.ps1,a09ca48424706c82aeabebc1122ac38ee303effbf2479a6399c0a1288e47e6c2
ections for the tools.zip,windows_script_toolkit/dist/portable/T3CHNRD'S Windows Tool Kit/Scripts/Tasks/Invoke-SecureBoot2023Update.ps1,EXCLUDED_LEGACY_BUILD_OR_UNMAPPED_BINARY,,93f004aca911e6ed95864c60b5845d46c0006e01028a6fc88340ad0dc4668b4b
ections for the tools.zip,windows_script_toolkit/dist/portable/T3CHNRD'S Windows Tool Kit/Scripts/Tasks/Invoke-SecurityBaselineAudit.ps1,EXCLUDED_LEGACY_BUILD_OR_UNMAPPED_BINARY,,963cfbfe0120e956baf3b7b8b8cf381846e72e73814fda1427f6c036785382ea
ections for the tools.zip,windows_script_toolkit/dist/portable/T3CHNRD'S Windows Tool Kit/Scripts/Tasks/Invoke-SecurityEventReview.ps1,PRESENT_EXACT,Windows/Scripts/Security/Invoke-SecurityEventReview.ps1,f310e0999c160c035589195a32c1af95ae8271319b80026c62c526690717cbfc
ections for the tools.zip,windows_script_toolkit/dist/portable/T3CHNRD'S Windows Tool Kit/Scripts/Tasks/Invoke-ShadePrivacyAudit.ps1,PRESENT_EXACT,Windows/Scripts/Security/Invoke-ShadePrivacyAudit.ps1,d659e0a84f82b0ac09d714c24ca6972cb8dfbfe3b1152214d6a5cf39aae4fb87
ections for the tools.zip,windows_script_toolkit/dist/portable/T3CHNRD'S Windows Tool Kit/Scripts/Tasks/Invoke-StartupItemsReview.ps1,PRESENT_EXACT,Windows/Scripts/Security/Invoke-StartupItemsReview.ps1,891b422249fc86af44ebb10cbe66dc129349769cf55b404c274819fd12ef0049
ections for the tools.zip,windows_script_toolkit/dist/portable/T3CHNRD'S Windows Tool Kit/Scripts/Tasks/Invoke-UpdateAllApps.ps1,PRESENT_EXACT,Windows/Scripts/Updates/Invoke-UpdateAllApps.ps1,b5371d096d0d56e4549aa6e44e1a7e26db8f722e100c40954035eb8511ec7273
ections for the tools.zip,windows_script_toolkit/dist/portable/T3CHNRD'S Windows Tool Kit/Scripts/Tasks/Invoke-WindowsRepairChecks.ps1,PRESENT_EXACT,Windows/Scripts/Maintenance/Invoke-WindowsRepairChecks.ps1,a8271a6bf657567194275ff21ccde1fbbe9e7853a3eb6d205ad45805972ad290
ections for the tools.zip,windows_script_toolkit/dist/portable/T3CHNRD'S Windows Tool Kit/Scripts/Tasks/Invoke-WindowsUpdateTool.ps1,PRESENT_EXACT,Windows/Scripts/Updates/Invoke-WindowsUpdateTool.ps1,2eb4b01dd145978a23b87ae32248aeeba06605d5230292489cfd26bae0bd1c07
ections for the tools.zip,windows_script_toolkit/dist/portable/T3CHNRD'S Windows Tool Kit/Scripts/Tasks/VendorUpdate.Common.ps1,EXCLUDED_LEGACY_BUILD_OR_UNMAPPED_BINARY,,9ee40ff9a8ced873ea7f11fb8a401d6cbe12ef14a1db81564743cec339652bab
ections for the tools.zip,windows_script_toolkit/dist-build-20260423-111507/T3CHNRD'S Windows Tool Kit-portable.zip,EXCLUDED_LEGACY_BUILD_OR_UNMAPPED_BINARY,,af62fe1b006e30d14cef0ffb3c4cae6ec65efa829921d24d9bd5300f36e3cd4c
ections for the tools.zip,windows_script_toolkit/dist-build-20260423-111507/portable/T3CHNRD'S Windows Tool Kit/PROJECT_PLAN.md,EXCLUDED_LEGACY_BUILD_OR_UNMAPPED_BINARY,,abc0b35c329094318dec0ca597206857cc9a63c00eb566069e2eae3913edc6b4
ections for the tools.zip,windows_script_toolkit/dist-build-20260423-111507/portable/T3CHNRD'S Windows Tool Kit/README.md,EXCLUDED_LEGACY_BUILD_OR_UNMAPPED_BINARY,,fabed9f8c0986846e80b76fb1cbc749e6f9276f1808f5f69777ac609e65ca2f7
ections for the tools.zip,windows_script_toolkit/dist-build-20260423-111507/portable/T3CHNRD'S Windows Tool Kit/T3CHNRD'S Windows Tool Kit.exe,EXCLUDED_LEGACY_BUILD_OR_UNMAPPED_BINARY,,5f4df38a57388f31a60eb5f78ccb17599dab7b0902bef254c535e9c52cbef5a3
ections for the tools.zip,windows_script_toolkit/dist-build-20260423-111507/portable/T3CHNRD'S Windows Tool Kit/ToolkitLauncher.ps1,EXCLUDED_LEGACY_BUILD_OR_UNMAPPED_BINARY,,dca66473320fcb6583b011d4d737ccce3bc066cccaa077fe90fda131a491cdb6
ections for the tools.zip,windows_script_toolkit/dist-build-20260423-111507/portable/T3CHNRD'S Windows Tool Kit/Config/Toolkit.Settings.psd1,EXCLUDED_LEGACY_BUILD_OR_UNMAPPED_BINARY,,54b9471e2b1d206c83c9f6847871dc7e34bacbbdf3b167be6a39f527cccf692f
ections for the tools.zip,windows_script_toolkit/dist-build-20260423-111507/portable/T3CHNRD'S Windows Tool Kit/Docs/Script-Adaptation-Notes.md,EXCLUDED_LEGACY_BUILD_OR_UNMAPPED_BINARY,,bfa6e340d7f6d1d03e81043e08153072d659a18dffec150d4e83e6276faca5f0
ections for the tools.zip,windows_script_toolkit/dist-build-20260423-111507/portable/T3CHNRD'S Windows Tool Kit/Docs/Script-Review.md,EXCLUDED_LEGACY_BUILD_OR_UNMAPPED_BINARY,,71d2751737b99c42c44e85b63159a060277dc0ad1bf2a98642d6b6ee319f0924
ections for the tools.zip,windows_script_toolkit/dist-build-20260423-111507/portable/T3CHNRD'S Windows Tool Kit/Docs/Screenshots/.gitkeep,EXCLUDED_LEGACY_BUILD_OR_UNMAPPED_BINARY,,01ba4719c80b6fe911b091a7c05124b64eeece964e09c058ef8f9805daca546b
ections for the tools.zip,windows_script_toolkit/dist-build-20260423-111507/portable/T3CHNRD'S Windows Tool Kit/Integrations/Invoke-InstallMicrosoft365.ps1,EXCLUDED_LEGACY_BUILD_OR_UNMAPPED_BINARY,,088c4d8c903d0f90b8438bd5ed94cd2720f8fc9e017fb691f4034e712935088a
ections for the tools.zip,windows_script_toolkit/dist-build-20260423-111507/portable/T3CHNRD'S Windows Tool Kit/Integrations/Invoke-MediaCreationWorkflow.ps1,EXCLUDED_LEGACY_BUILD_OR_UNMAPPED_BINARY,,16b74b45e0f477f2ea26e83f82008436670ad3cba5442585e5b40bc54c1fcc97
ections for the tools.zip,windows_script_toolkit/dist-build-20260423-111507/portable/T3CHNRD'S Windows Tool Kit/LegacyScripts/bootcertchcker.ps1,EXCLUDED_LEGACY_BUILD_OR_UNMAPPED_BINARY,,3d46bfa263a99b62c96485bf77820107c47cabcd4b3d90e2c5d6a03dc63c5447
ections for the tools.zip,windows_script_toolkit/dist-build-20260423-111507/portable/T3CHNRD'S Windows Tool Kit/LegacyScripts/Check-SecureBootCert.ps1,EXCLUDED_LEGACY_BUILD_OR_UNMAPPED_BINARY,,b2c41002b3f0738832ccccbf738f97d8fd01464ce7776a602fb882d898729d73
ections for the tools.zip,windows_script_toolkit/dist-build-20260423-111507/portable/T3CHNRD'S Windows Tool Kit/LegacyScripts/Fix_OneNote_Duplicates.ps1,EXCLUDED_LEGACY_BUILD_OR_UNMAPPED_BINARY,,f1d24e57b42e0ac7a724f4c0e82bdd0329ea767c67b946327e90bda2f550ca77
ections for the tools.zip,windows_script_toolkit/dist-build-20260423-111507/portable/T3CHNRD'S Windows Tool Kit/LegacyScripts/how_to_guide.ps1,EXCLUDED_LEGACY_BUILD_OR_UNMAPPED_BINARY,,8c0117fd5c9c24fbe1f0871db485a8f6199f599f47965d7e523cb0dc50a0ae77
ections for the tools.zip,windows_script_toolkit/dist-build-20260423-111507/portable/T3CHNRD'S Windows Tool Kit/LegacyScripts/Invoke-MassDuplicateCleanup.ps1,EXCLUDED_LEGACY_BUILD_OR_UNMAPPED_BINARY,,ec6aea3b554b32bd480ff832f8037c6e5434cf7e0364745e42e4b44f346d00d2
ections for the tools.zip,windows_script_toolkit/dist-build-20260423-111507/portable/T3CHNRD'S Windows Tool Kit/LegacyScripts/Invoke-ps2exe.ps1,EXCLUDED_LEGACY_BUILD_OR_UNMAPPED_BINARY,,d4c046573b836f26a980cf8de75c3316b01beeefe06d93eddf66a0559857e016
ections for the tools.zip,windows_script_toolkit/dist-build-20260423-111507/portable/T3CHNRD'S Windows Tool Kit/LegacyScripts/Launch_OneNote.ps1,EXCLUDED_LEGACY_BUILD_OR_UNMAPPED_BINARY,,fe3a242b6e30e8c4a13f2c76f1fe1945be021a85ba5f27eb20d0d53740e07a6b
ections for the tools.zip,windows_script_toolkit/dist-build-20260423-111507/portable/T3CHNRD'S Windows Tool Kit/LegacyScripts/Master Audit & Smart-Skip.ps1,PRESENT_EXACT,Windows/Scripts/Documentation/Master-Audit-Smart-Skip.ps1,45befdba28bc3f6845b48a676eb05effc342fb8e4073db54542b61248c5d96d5
ections for the tools.zip,windows_script_toolkit/dist-build-20260423-111507/portable/T3CHNRD'S Windows Tool Kit/LegacyScripts/master_onenote_importer.ps1,PRESENT_EXACT,Windows/Scripts/Documentation/Master-OneNote-Importer.ps1,96b28823ac0b686e163b3efdd7efdec6322c4d313c65234f9d9c398d5ee9bf2f
ections for the tools.zip,windows_script_toolkit/dist-build-20260423-111507/portable/T3CHNRD'S Windows Tool Kit/LegacyScripts/move_to_onenote.ps1,EXCLUDED_LEGACY_BUILD_OR_UNMAPPED_BINARY,,1873760c7cf433f889a11e329e76d937c260bb20737c130b4e32f638cf590f53
ections for the tools.zip,windows_script_toolkit/dist-build-20260423-111507/portable/T3CHNRD'S Windows Tool Kit/LegacyScripts/move_to_onenote_2.ps1,EXCLUDED_LEGACY_BUILD_OR_UNMAPPED_BINARY,,136bb9491bc9ba761c1df2bd690fa57f10493ac7896bb99055be961b440acf78
ections for the tools.zip,windows_script_toolkit/dist-build-20260423-111507/portable/T3CHNRD'S Windows Tool Kit/LegacyScripts/move_to_onenote_selfcheck.ps1,EXCLUDED_LEGACY_BUILD_OR_UNMAPPED_BINARY,,a55f8340e9c2a56c2d784ff9148ca23bc9462f24f584bcf64d091f191122ecb1
ections for the tools.zip,windows_script_toolkit/dist-build-20260423-111507/portable/T3CHNRD'S Windows Tool Kit/LegacyScripts/sortdoc.ps1,EXCLUDED_LEGACY_BUILD_OR_UNMAPPED_BINARY,,1f0f3ee0aa289cd9760d6946002fcbd242a11da225151b707e7dad1952553359
ections for the tools.zip,windows_script_toolkit/dist-build-20260423-111507/portable/T3CHNRD'S Windows Tool Kit/LegacyScripts/The Network Access Script.ps1,EXCLUDED_LEGACY_BUILD_OR_UNMAPPED_BINARY,,254666371cf5f4c2773c05173065d4020354958a3cd0968015c4ab27f83a00d0
ections for the tools.zip,windows_script_toolkit/dist-build-20260423-111507/portable/T3CHNRD'S Windows Tool Kit/Modules/MaintenanceToolkit/MaintenanceToolkit.psd1,EXCLUDED_LEGACY_BUILD_OR_UNMAPPED_BINARY,,2bd9075091d24f08d9d51e7e2e5b059edfd46a170aaae51e1ad4c1b541cf4b37
ections for the tools.zip,windows_script_toolkit/dist-build-20260423-111507/portable/T3CHNRD'S Windows Tool Kit/Modules/MaintenanceToolkit/MaintenanceToolkit.psm1,EXCLUDED_LEGACY_BUILD_OR_UNMAPPED_BINARY,,9d68838b9ea55cf652d23fdba0f9ce735b2841340304bdb50e859249d5ad40a9
ections for the tools.zip,windows_script_toolkit/dist-build-20260423-111507/portable/T3CHNRD'S Windows Tool Kit/Scripts/Tasks/Invoke-ClearTempJunk.ps1,EXCLUDED_LEGACY_BUILD_OR_UNMAPPED_BINARY,,ddda4413bda0cf184ec17b04494187b8aad4b749090ca890cf5675747d7e3144
ections for the tools.zip,windows_script_toolkit/dist-build-20260423-111507/portable/T3CHNRD'S Windows Tool Kit/Scripts/Tasks/Invoke-DebloatInventory.ps1,EXCLUDED_LEGACY_BUILD_OR_UNMAPPED_BINARY,,1f7268b3b8267c1e0156b21003a38e1ec023f5fed76b37438630ea2856cdd935
ections for the tools.zip,windows_script_toolkit/dist-build-20260423-111507/portable/T3CHNRD'S Windows Tool Kit/Scripts/Tasks/Invoke-DiskSpaceMonitor.ps1,PRESENT_EXACT,Windows/Scripts/Invoke-DiskSpaceMonitor.ps1,9e732a87122862ff575f95a4cd999d5100b298314c20d612650201da21f3393f
ections for the tools.zip,windows_script_toolkit/dist-build-20260423-111507/portable/T3CHNRD'S Windows Tool Kit/Scripts/Tasks/Invoke-FreeCDriveSpace.ps1,PRESENT_EXACT,Windows/Scripts/Invoke-FreeCDriveSpace.ps1,5d1490a5a56e1dfc0b2eb6245d9a6c3ca65d0e5bbd0f964e6b9f67cf2823ee2f
ections for the tools.zip,windows_script_toolkit/dist-build-20260423-111507/portable/T3CHNRD'S Windows Tool Kit/Scripts/Tasks/Invoke-NetworkMaintenance.ps1,PRESENT_EXACT,Windows/Scripts/Network/Invoke-NetworkMaintenance.ps1,e94e20ab6cad69813a87c5345f7ea914988fc8e369c1d8b07bfd2bffe38fb178
ections for the tools.zip,windows_script_toolkit/dist-build-20260423-111507/portable/T3CHNRD'S Windows Tool Kit/Scripts/Tasks/Invoke-ResetNetworkStack.ps1,EXCLUDED_LEGACY_BUILD_OR_UNMAPPED_BINARY,,6c7c8757ef5dbd114b2312bba9f80f08c221d28c7646bd79558f65c671b66103
ections for the tools.zip,windows_script_toolkit/dist-build-20260423-111507/portable/T3CHNRD'S Windows Tool Kit/Scripts/Tasks/Invoke-UpdateAllApps.ps1,EXCLUDED_LEGACY_BUILD_OR_UNMAPPED_BINARY,,d87be99ae81198e97beb2c147513389e8ef2e2ef5f618cf657379e95ac943fd9
ections for the tools.zip,windows_script_toolkit/dist-build-20260423-111507/portable/T3CHNRD'S Windows Tool Kit/Scripts/Tasks/Invoke-WindowsRepairChecks.ps1,EXCLUDED_LEGACY_BUILD_OR_UNMAPPED_BINARY,,57596e47d7fa637273382f03cdffb736d9328f2a5e49a7bb10826eefdc786869
ections for the tools.zip,windows_script_toolkit/dist-build-20260423-111951/T3CHNRD'S Windows Tool Kit-portable.zip,EXCLUDED_LEGACY_BUILD_OR_UNMAPPED_BINARY,,719f670aec9e86a6ffcfefdfee01e24634fc32767265a05deb23738420439447
ections for the tools.zip,windows_script_toolkit/dist-build-20260423-111951/portable/T3CHNRD'S Windows Tool Kit/PROJECT_PLAN.md,EXCLUDED_LEGACY_BUILD_OR_UNMAPPED_BINARY,,abc0b35c329094318dec0ca597206857cc9a63c00eb566069e2eae3913edc6b4
ections for the tools.zip,windows_script_toolkit/dist-build-20260423-111951/portable/T3CHNRD'S Windows Tool Kit/README.md,EXCLUDED_LEGACY_BUILD_OR_UNMAPPED_BINARY,,fabed9f8c0986846e80b76fb1cbc749e6f9276f1808f5f69777ac609e65ca2f7
ections for the tools.zip,windows_script_toolkit/dist-build-20260423-111951/portable/T3CHNRD'S Windows Tool Kit/T3CHNRD'S Windows Tool Kit.exe,EXCLUDED_LEGACY_BUILD_OR_UNMAPPED_BINARY,,273da07cb2affbda960186962c6f95ca38511a4f2b37cf14b210693eaaae3788
ections for the tools.zip,windows_script_toolkit/dist-build-20260423-111951/portable/T3CHNRD'S Windows Tool Kit/ToolkitLauncher.ps1,EXCLUDED_LEGACY_BUILD_OR_UNMAPPED_BINARY,,66d80585b6021f9e5ac68a4a69bf7761648706b7a2a4b37eface367615a17743
ections for the tools.zip,windows_script_toolkit/dist-build-20260423-111951/portable/T3CHNRD'S Windows Tool Kit/Config/Toolkit.Settings.psd1,EXCLUDED_LEGACY_BUILD_OR_UNMAPPED_BINARY,,54b9471e2b1d206c83c9f6847871dc7e34bacbbdf3b167be6a39f527cccf692f
ections for the tools.zip,windows_script_toolkit/dist-build-20260423-111951/portable/T3CHNRD'S Windows Tool Kit/Docs/Script-Adaptation-Notes.md,EXCLUDED_LEGACY_BUILD_OR_UNMAPPED_BINARY,,bfa6e340d7f6d1d03e81043e08153072d659a18dffec150d4e83e6276faca5f0
ections for the tools.zip,windows_script_toolkit/dist-build-20260423-111951/portable/T3CHNRD'S Windows Tool Kit/Docs/Script-Review.md,EXCLUDED_LEGACY_BUILD_OR_UNMAPPED_BINARY,,71d2751737b99c42c44e85b63159a060277dc0ad1bf2a98642d6b6ee319f0924
ections for the tools.zip,windows_script_toolkit/dist-build-20260423-111951/portable/T3CHNRD'S Windows Tool Kit/Docs/Screenshots/.gitkeep,EXCLUDED_LEGACY_BUILD_OR_UNMAPPED_BINARY,,01ba4719c80b6fe911b091a7c05124b64eeece964e09c058ef8f9805daca546b
ections for the tools.zip,windows_script_toolkit/dist-build-20260423-111951/portable/T3CHNRD'S Windows Tool Kit/Integrations/Invoke-InstallMicrosoft365.ps1,EXCLUDED_LEGACY_BUILD_OR_UNMAPPED_BINARY,,088c4d8c903d0f90b8438bd5ed94cd2720f8fc9e017fb691f4034e712935088a
ections for the tools.zip,windows_script_toolkit/dist-build-20260423-111951/portable/T3CHNRD'S Windows Tool Kit/Integrations/Invoke-MediaCreationWorkflow.ps1,EXCLUDED_LEGACY_BUILD_OR_UNMAPPED_BINARY,,16b74b45e0f477f2ea26e83f82008436670ad3cba5442585e5b40bc54c1fcc97
ections for the tools.zip,windows_script_toolkit/dist-build-20260423-111951/portable/T3CHNRD'S Windows Tool Kit/LegacyScripts/bootcertchcker.ps1,EXCLUDED_LEGACY_BUILD_OR_UNMAPPED_BINARY,,3d46bfa263a99b62c96485bf77820107c47cabcd4b3d90e2c5d6a03dc63c5447
ections for the tools.zip,windows_script_toolkit/dist-build-20260423-111951/portable/T3CHNRD'S Windows Tool Kit/LegacyScripts/Check-SecureBootCert.ps1,EXCLUDED_LEGACY_BUILD_OR_UNMAPPED_BINARY,,b2c41002b3f0738832ccccbf738f97d8fd01464ce7776a602fb882d898729d73
ections for the tools.zip,windows_script_toolkit/dist-build-20260423-111951/portable/T3CHNRD'S Windows Tool Kit/LegacyScripts/Fix_OneNote_Duplicates.ps1,EXCLUDED_LEGACY_BUILD_OR_UNMAPPED_BINARY,,f1d24e57b42e0ac7a724f4c0e82bdd0329ea767c67b946327e90bda2f550ca77
ections for the tools.zip,windows_script_toolkit/dist-build-20260423-111951/portable/T3CHNRD'S Windows Tool Kit/LegacyScripts/how_to_guide.ps1,EXCLUDED_LEGACY_BUILD_OR_UNMAPPED_BINARY,,8c0117fd5c9c24fbe1f0871db485a8f6199f599f47965d7e523cb0dc50a0ae77
ections for the tools.zip,windows_script_toolkit/dist-build-20260423-111951/portable/T3CHNRD'S Windows Tool Kit/LegacyScripts/Invoke-MassDuplicateCleanup.ps1,EXCLUDED_LEGACY_BUILD_OR_UNMAPPED_BINARY,,ec6aea3b554b32bd480ff832f8037c6e5434cf7e0364745e42e4b44f346d00d2
ections for the tools.zip,windows_script_toolkit/dist-build-20260423-111951/portable/T3CHNRD'S Windows Tool Kit/LegacyScripts/Invoke-ps2exe.ps1,EXCLUDED_LEGACY_BUILD_OR_UNMAPPED_BINARY,,d4c046573b836f26a980cf8de75c3316b01beeefe06d93eddf66a0559857e016
ections for the tools.zip,windows_script_toolkit/dist-build-20260423-111951/portable/T3CHNRD'S Windows Tool Kit/LegacyScripts/Launch_OneNote.ps1,EXCLUDED_LEGACY_BUILD_OR_UNMAPPED_BINARY,,fe3a242b6e30e8c4a13f2c76f1fe1945be021a85ba5f27eb20d0d53740e07a6b
ections for the tools.zip,windows_script_toolkit/dist-build-20260423-111951/portable/T3CHNRD'S Windows Tool Kit/LegacyScripts/Master Audit & Smart-Skip.ps1,PRESENT_EXACT,Windows/Scripts/Documentation/Master-Audit-Smart-Skip.ps1,45befdba28bc3f6845b48a676eb05effc342fb8e4073db54542b61248c5d96d5
ections for the tools.zip,windows_script_toolkit/dist-build-20260423-111951/portable/T3CHNRD'S Windows Tool Kit/LegacyScripts/master_onenote_importer.ps1,PRESENT_EXACT,Windows/Scripts/Documentation/Master-OneNote-Importer.ps1,96b28823ac0b686e163b3efdd7efdec6322c4d313c65234f9d9c398d5ee9bf2f
ections for the tools.zip,windows_script_toolkit/dist-build-20260423-111951/portable/T3CHNRD'S Windows Tool Kit/LegacyScripts/move_to_onenote.ps1,EXCLUDED_LEGACY_BUILD_OR_UNMAPPED_BINARY,,1873760c7cf433f889a11e329e76d937c260bb20737c130b4e32f638cf590f53
ections for the tools.zip,windows_script_toolkit/dist-build-20260423-111951/portable/T3CHNRD'S Windows Tool Kit/LegacyScripts/move_to_onenote_2.ps1,EXCLUDED_LEGACY_BUILD_OR_UNMAPPED_BINARY,,136bb9491bc9ba761c1df2bd690fa57f10493ac7896bb99055be961b440acf78
ections for the tools.zip,windows_script_toolkit/dist-build-20260423-111951/portable/T3CHNRD'S Windows Tool Kit/LegacyScripts/move_to_onenote_selfcheck.ps1,EXCLUDED_LEGACY_BUILD_OR_UNMAPPED_BINARY,,a55f8340e9c2a56c2d784ff9148ca23bc9462f24f584bcf64d091f191122ecb1
ections for the tools.zip,windows_script_toolkit/dist-build-20260423-111951/portable/T3CHNRD'S Windows Tool Kit/LegacyScripts/sortdoc.ps1,EXCLUDED_LEGACY_BUILD_OR_UNMAPPED_BINARY,,1f0f3ee0aa289cd9760d6946002fcbd242a11da225151b707e7dad1952553359
ections for the tools.zip,windows_script_toolkit/dist-build-20260423-111951/portable/T3CHNRD'S Windows Tool Kit/LegacyScripts/The Network Access Script.ps1,EXCLUDED_LEGACY_BUILD_OR_UNMAPPED_BINARY,,254666371cf5f4c2773c05173065d4020354958a3cd0968015c4ab27f83a00d0
ections for the tools.zip,windows_script_toolkit/dist-build-20260423-111951/portable/T3CHNRD'S Windows Tool Kit/Modules/MaintenanceToolkit/MaintenanceToolkit.psd1,EXCLUDED_LEGACY_BUILD_OR_UNMAPPED_BINARY,,2bd9075091d24f08d9d51e7e2e5b059edfd46a170aaae51e1ad4c1b541cf4b37
ections for the tools.zip,windows_script_toolkit/dist-build-20260423-111951/portable/T3CHNRD'S Windows Tool Kit/Modules/MaintenanceToolkit/MaintenanceToolkit.psm1,EXCLUDED_LEGACY_BUILD_OR_UNMAPPED_BINARY,,b8c757bed9806acdce3b6248997981dd9b197cb0a553fc41b3c3c2e20a2e3110
ections for the tools.zip,windows_script_toolkit/dist-build-20260423-111951/portable/T3CHNRD'S Windows Tool Kit/Scripts/Tasks/Invoke-ClearTempJunk.ps1,EXCLUDED_LEGACY_BUILD_OR_UNMAPPED_BINARY,,ddda4413bda0cf184ec17b04494187b8aad4b749090ca890cf5675747d7e3144
ections for the tools.zip,windows_script_toolkit/dist-build-20260423-111951/portable/T3CHNRD'S Windows Tool Kit/Scripts/Tasks/Invoke-DebloatInventory.ps1,EXCLUDED_LEGACY_BUILD_OR_UNMAPPED_BINARY,,1f7268b3b8267c1e0156b21003a38e1ec023f5fed76b37438630ea2856cdd935
ections for the tools.zip,windows_script_toolkit/dist-build-20260423-111951/portable/T3CHNRD'S Windows Tool Kit/Scripts/Tasks/Invoke-DiskSpaceMonitor.ps1,PRESENT_EXACT,Windows/Scripts/Invoke-DiskSpaceMonitor.ps1,9e732a87122862ff575f95a4cd999d5100b298314c20d612650201da21f3393f
ections for the tools.zip,windows_script_toolkit/dist-build-20260423-111951/portable/T3CHNRD'S Windows Tool Kit/Scripts/Tasks/Invoke-FreeCDriveSpace.ps1,PRESENT_EXACT,Windows/Scripts/Invoke-FreeCDriveSpace.ps1,5d1490a5a56e1dfc0b2eb6245d9a6c3ca65d0e5bbd0f964e6b9f67cf2823ee2f
ections for the tools.zip,windows_script_toolkit/dist-build-20260423-111951/portable/T3CHNRD'S Windows Tool Kit/Scripts/Tasks/Invoke-NetworkMaintenance.ps1,PRESENT_EXACT,Windows/Scripts/Network/Invoke-NetworkMaintenance.ps1,e94e20ab6cad69813a87c5345f7ea914988fc8e369c1d8b07bfd2bffe38fb178
ections for the tools.zip,windows_script_toolkit/dist-build-20260423-111951/portable/T3CHNRD'S Windows Tool Kit/Scripts/Tasks/Invoke-ResetNetworkStack.ps1,EXCLUDED_LEGACY_BUILD_OR_UNMAPPED_BINARY,,6c7c8757ef5dbd114b2312bba9f80f08c221d28c7646bd79558f65c671b66103
ections for the tools.zip,windows_script_toolkit/dist-build-20260423-111951/portable/T3CHNRD'S Windows Tool Kit/Scripts/Tasks/Invoke-UpdateAllApps.ps1,EXCLUDED_LEGACY_BUILD_OR_UNMAPPED_BINARY,,d87be99ae81198e97beb2c147513389e8ef2e2ef5f618cf657379e95ac943fd9
ections for the tools.zip,windows_script_toolkit/dist-build-20260423-111951/portable/T3CHNRD'S Windows Tool Kit/Scripts/Tasks/Invoke-WindowsRepairChecks.ps1,EXCLUDED_LEGACY_BUILD_OR_UNMAPPED_BINARY,,57596e47d7fa637273382f03cdffb736d9328f2a5e49a7bb10826eefdc786869
ections for the tools.zip,windows_script_toolkit/dist-build-20260423-112440/T3CHNRD'S Windows Tool Kit-portable.zip,EXCLUDED_LEGACY_BUILD_OR_UNMAPPED_BINARY,,a12861d61355cdf9f1d8a621d3d8deda5f72fb7a24fc0d6ee3b0743872560327
ections for the tools.zip,windows_script_toolkit/dist-build-20260423-112440/portable/T3CHNRD'S Windows Tool Kit/PROJECT_PLAN.md,EXCLUDED_LEGACY_BUILD_OR_UNMAPPED_BINARY,,abc0b35c329094318dec0ca597206857cc9a63c00eb566069e2eae3913edc6b4
ections for the tools.zip,windows_script_toolkit/dist-build-20260423-112440/portable/T3CHNRD'S Windows Tool Kit/README.md,EXCLUDED_LEGACY_BUILD_OR_UNMAPPED_BINARY,,fabed9f8c0986846e80b76fb1cbc749e6f9276f1808f5f69777ac609e65ca2f7
ections for the tools.zip,windows_script_toolkit/dist-build-20260423-112440/portable/T3CHNRD'S Windows Tool Kit/T3CHNRD'S Windows Tool Kit.exe,EXCLUDED_LEGACY_BUILD_OR_UNMAPPED_BINARY,,ceaf2274dbcfed4189100ad405397445e250091f500eda85ed30e52441c07ceb
ections for the tools.zip,windows_script_toolkit/dist-build-20260423-112440/portable/T3CHNRD'S Windows Tool Kit/ToolkitLauncher.ps1,EXCLUDED_LEGACY_BUILD_OR_UNMAPPED_BINARY,,66d80585b6021f9e5ac68a4a69bf7761648706b7a2a4b37eface367615a17743
ections for the tools.zip,windows_script_toolkit/dist-build-20260423-112440/portable/T3CHNRD'S Windows Tool Kit/Config/Toolkit.Settings.psd1,EXCLUDED_LEGACY_BUILD_OR_UNMAPPED_BINARY,,54b9471e2b1d206c83c9f6847871dc7e34bacbbdf3b167be6a39f527cccf692f
ections for the tools.zip,windows_script_toolkit/dist-build-20260423-112440/portable/T3CHNRD'S Windows Tool Kit/Docs/Script-Adaptation-Notes.md,EXCLUDED_LEGACY_BUILD_OR_UNMAPPED_BINARY,,bfa6e340d7f6d1d03e81043e08153072d659a18dffec150d4e83e6276faca5f0
ections for the tools.zip,windows_script_toolkit/dist-build-20260423-112440/portable/T3CHNRD'S Windows Tool Kit/Docs/Script-Review.md,EXCLUDED_LEGACY_BUILD_OR_UNMAPPED_BINARY,,71d2751737b99c42c44e85b63159a060277dc0ad1bf2a98642d6b6ee319f0924
ections for the tools.zip,windows_script_toolkit/dist-build-20260423-112440/portable/T3CHNRD'S Windows Tool Kit/Docs/Screenshots/.gitkeep,EXCLUDED_LEGACY_BUILD_OR_UNMAPPED_BINARY,,01ba4719c80b6fe911b091a7c05124b64eeece964e09c058ef8f9805daca546b
ections for the tools.zip,windows_script_toolkit/dist-build-20260423-112440/portable/T3CHNRD'S Windows Tool Kit/Integrations/Invoke-InstallMicrosoft365.ps1,EXCLUDED_LEGACY_BUILD_OR_UNMAPPED_BINARY,,088c4d8c903d0f90b8438bd5ed94cd2720f8fc9e017fb691f4034e712935088a
ections for the tools.zip,windows_script_toolkit/dist-build-20260423-112440/portable/T3CHNRD'S Windows Tool Kit/Integrations/Invoke-MediaCreationWorkflow.ps1,EXCLUDED_LEGACY_BUILD_OR_UNMAPPED_BINARY,,16b74b45e0f477f2ea26e83f82008436670ad3cba5442585e5b40bc54c1fcc97
ections for the tools.zip,windows_script_toolkit/dist-build-20260423-112440/portable/T3CHNRD'S Windows Tool Kit/LegacyScripts/bootcertchcker.ps1,EXCLUDED_LEGACY_BUILD_OR_UNMAPPED_BINARY,,3d46bfa263a99b62c96485bf77820107c47cabcd4b3d90e2c5d6a03dc63c5447
ections for the tools.zip,windows_script_toolkit/dist-build-20260423-112440/portable/T3CHNRD'S Windows Tool Kit/LegacyScripts/Check-SecureBootCert.ps1,EXCLUDED_LEGACY_BUILD_OR_UNMAPPED_BINARY,,b2c41002b3f0738832ccccbf738f97d8fd01464ce7776a602fb882d898729d73
ections for the tools.zip,windows_script_toolkit/dist-build-20260423-112440/portable/T3CHNRD'S Windows Tool Kit/LegacyScripts/Fix_OneNote_Duplicates.ps1,EXCLUDED_LEGACY_BUILD_OR_UNMAPPED_BINARY,,f1d24e57b42e0ac7a724f4c0e82bdd0329ea767c67b946327e90bda2f550ca77
ections for the tools.zip,windows_script_toolkit/dist-build-20260423-112440/portable/T3CHNRD'S Windows Tool Kit/LegacyScripts/how_to_guide.ps1,EXCLUDED_LEGACY_BUILD_OR_UNMAPPED_BINARY,,8c0117fd5c9c24fbe1f0871db485a8f6199f599f47965d7e523cb0dc50a0ae77
ections for the tools.zip,windows_script_toolkit/dist-build-20260423-112440/portable/T3CHNRD'S Windows Tool Kit/LegacyScripts/Invoke-MassDuplicateCleanup.ps1,EXCLUDED_LEGACY_BUILD_OR_UNMAPPED_BINARY,,ec6aea3b554b32bd480ff832f8037c6e5434cf7e0364745e42e4b44f346d00d2
ections for the tools.zip,windows_script_toolkit/dist-build-20260423-112440/portable/T3CHNRD'S Windows Tool Kit/LegacyScripts/Invoke-ps2exe.ps1,EXCLUDED_LEGACY_BUILD_OR_UNMAPPED_BINARY,,d4c046573b836f26a980cf8de75c3316b01beeefe06d93eddf66a0559857e016
ections for the tools.zip,windows_script_toolkit/dist-build-20260423-112440/portable/T3CHNRD'S Windows Tool Kit/LegacyScripts/Launch_OneNote.ps1,EXCLUDED_LEGACY_BUILD_OR_UNMAPPED_BINARY,,fe3a242b6e30e8c4a13f2c76f1fe1945be021a85ba5f27eb20d0d53740e07a6b
ections for the tools.zip,windows_script_toolkit/dist-build-20260423-112440/portable/T3CHNRD'S Windows Tool Kit/LegacyScripts/Master Audit & Smart-Skip.ps1,PRESENT_EXACT,Windows/Scripts/Documentation/Master-Audit-Smart-Skip.ps1,45befdba28bc3f6845b48a676eb05effc342fb8e4073db54542b61248c5d96d5
ections for the tools.zip,windows_script_toolkit/dist-build-20260423-112440/portable/T3CHNRD'S Windows Tool Kit/LegacyScripts/master_onenote_importer.ps1,PRESENT_EXACT,Windows/Scripts/Documentation/Master-OneNote-Importer.ps1,96b28823ac0b686e163b3efdd7efdec6322c4d313c65234f9d9c398d5ee9bf2f
ections for the tools.zip,windows_script_toolkit/dist-build-20260423-112440/portable/T3CHNRD'S Windows Tool Kit/LegacyScripts/move_to_onenote.ps1,EXCLUDED_LEGACY_BUILD_OR_UNMAPPED_BINARY,,1873760c7cf433f889a11e329e76d937c260bb20737c130b4e32f638cf590f53
ections for the tools.zip,windows_script_toolkit/dist-build-20260423-112440/portable/T3CHNRD'S Windows Tool Kit/LegacyScripts/move_to_onenote_2.ps1,EXCLUDED_LEGACY_BUILD_OR_UNMAPPED_BINARY,,136bb9491bc9ba761c1df2bd690fa57f10493ac7896bb99055be961b440acf78
ections for the tools.zip,windows_script_toolkit/dist-build-20260423-112440/portable/T3CHNRD'S Windows Tool Kit/LegacyScripts/move_to_onenote_selfcheck.ps1,EXCLUDED_LEGACY_BUILD_OR_UNMAPPED_BINARY,,a55f8340e9c2a56c2d784ff9148ca23bc9462f24f584bcf64d091f191122ecb1
ections for the tools.zip,windows_script_toolkit/dist-build-20260423-112440/portable/T3CHNRD'S Windows Tool Kit/LegacyScripts/sortdoc.ps1,EXCLUDED_LEGACY_BUILD_OR_UNMAPPED_BINARY,,1f0f3ee0aa289cd9760d6946002fcbd242a11da225151b707e7dad1952553359
ections for the tools.zip,windows_script_toolkit/dist-build-20260423-112440/portable/T3CHNRD'S Windows Tool Kit/LegacyScripts/The Network Access Script.ps1,EXCLUDED_LEGACY_BUILD_OR_UNMAPPED_BINARY,,254666371cf5f4c2773c05173065d4020354958a3cd0968015c4ab27f83a00d0
ections for the tools.zip,windows_script_toolkit/dist-build-20260423-112440/portable/T3CHNRD'S Windows Tool Kit/Modules/MaintenanceToolkit/MaintenanceToolkit.psd1,EXCLUDED_LEGACY_BUILD_OR_UNMAPPED_BINARY,,2bd9075091d24f08d9d51e7e2e5b059edfd46a170aaae51e1ad4c1b541cf4b37
ections for the tools.zip,windows_script_toolkit/dist-build-20260423-112440/portable/T3CHNRD'S Windows Tool Kit/Modules/MaintenanceToolkit/MaintenanceToolkit.psm1,EXCLUDED_LEGACY_BUILD_OR_UNMAPPED_BINARY,,a6846ea1f00ed3eb623e8178b35358d84f104967db26ece4081a552e48a597af
ections for the tools.zip,windows_script_toolkit/dist-build-20260423-112440/portable/T3CHNRD'S Windows Tool Kit/Scripts/Tasks/Invoke-ClearTempJunk.ps1,EXCLUDED_LEGACY_BUILD_OR_UNMAPPED_BINARY,,ddda4413bda0cf184ec17b04494187b8aad4b749090ca890cf5675747d7e3144
ections for the tools.zip,windows_script_toolkit/dist-build-20260423-112440/portable/T3CHNRD'S Windows Tool Kit/Scripts/Tasks/Invoke-DebloatInventory.ps1,EXCLUDED_LEGACY_BUILD_OR_UNMAPPED_BINARY,,1f7268b3b8267c1e0156b21003a38e1ec023f5fed76b37438630ea2856cdd935
ections for the tools.zip,windows_script_toolkit/dist-build-20260423-112440/portable/T3CHNRD'S Windows Tool Kit/Scripts/Tasks/Invoke-DiskSpaceMonitor.ps1,PRESENT_EXACT,Windows/Scripts/Invoke-DiskSpaceMonitor.ps1,9e732a87122862ff575f95a4cd999d5100b298314c20d612650201da21f3393f
ections for the tools.zip,windows_script_toolkit/dist-build-20260423-112440/portable/T3CHNRD'S Windows Tool Kit/Scripts/Tasks/Invoke-FreeCDriveSpace.ps1,PRESENT_EXACT,Windows/Scripts/Invoke-FreeCDriveSpace.ps1,5d1490a5a56e1dfc0b2eb6245d9a6c3ca65d0e5bbd0f964e6b9f67cf2823ee2f
ections for the tools.zip,windows_script_toolkit/dist-build-20260423-112440/portable/T3CHNRD'S Windows Tool Kit/Scripts/Tasks/Invoke-NetworkMaintenance.ps1,PRESENT_EXACT,Windows/Scripts/Network/Invoke-NetworkMaintenance.ps1,e94e20ab6cad69813a87c5345f7ea914988fc8e369c1d8b07bfd2bffe38fb178
ections for the tools.zip,windows_script_toolkit/dist-build-20260423-112440/portable/T3CHNRD'S Windows Tool Kit/Scripts/Tasks/Invoke-ResetNetworkStack.ps1,EXCLUDED_LEGACY_BUILD_OR_UNMAPPED_BINARY,,6c7c8757ef5dbd114b2312bba9f80f08c221d28c7646bd79558f65c671b66103
ections for the tools.zip,windows_script_toolkit/dist-build-20260423-112440/portable/T3CHNRD'S Windows Tool Kit/Scripts/Tasks/Invoke-UpdateAllApps.ps1,EXCLUDED_LEGACY_BUILD_OR_UNMAPPED_BINARY,,d87be99ae81198e97beb2c147513389e8ef2e2ef5f618cf657379e95ac943fd9
ections for the tools.zip,windows_script_toolkit/dist-build-20260423-112440/portable/T3CHNRD'S Windows Tool Kit/Scripts/Tasks/Invoke-WindowsRepairChecks.ps1,EXCLUDED_LEGACY_BUILD_OR_UNMAPPED_BINARY,,57596e47d7fa637273382f03cdffb736d9328f2a5e49a7bb10826eefdc786869
ections for the tools.zip,windows_script_toolkit/dist-latest/T3CHNRD'S Windows Tool Kit-portable.zip,EXCLUDED_LEGACY_BUILD_OR_UNMAPPED_BINARY,,93572abc5d8f3e08141223a8be4b73232e56b50b38c165831d321318124c3811
ections for the tools.zip,windows_script_toolkit/dist-latest/portable/T3CHNRD'S Windows Tool Kit/PROJECT_PLAN.md,EXCLUDED_LEGACY_BUILD_OR_UNMAPPED_BINARY,,abc0b35c329094318dec0ca597206857cc9a63c00eb566069e2eae3913edc6b4
ections for the tools.zip,windows_script_toolkit/dist-latest/portable/T3CHNRD'S Windows Tool Kit/README.md,EXCLUDED_LEGACY_BUILD_OR_UNMAPPED_BINARY,,fabed9f8c0986846e80b76fb1cbc749e6f9276f1808f5f69777ac609e65ca2f7
ections for the tools.zip,windows_script_toolkit/dist-latest/portable/T3CHNRD'S Windows Tool Kit/T3CHNRD'S Windows Tool Kit.exe,EXCLUDED_LEGACY_BUILD_OR_UNMAPPED_BINARY,,80b7206b20d086ec8fca8038cbf59fd5ec6d2e4313d8bc148563345d7727774a
ections for the tools.zip,windows_script_toolkit/dist-latest/portable/T3CHNRD'S Windows Tool Kit/ToolkitLauncher.ps1,EXCLUDED_LEGACY_BUILD_OR_UNMAPPED_BINARY,,d0a3465161a43a2e4f22c54255a6b4f78e77d6d51c4ae85d04a0dbeb63019d67
ections for the tools.zip,windows_script_toolkit/dist-latest/portable/T3CHNRD'S Windows Tool Kit/Config/Toolkit.Settings.psd1,EXCLUDED_LEGACY_BUILD_OR_UNMAPPED_BINARY,,6c0413f51b327e7f7c8a96267ab145adbf9209daf3324abccf6894632ad4fbf8
ections for the tools.zip,windows_script_toolkit/dist-latest/portable/T3CHNRD'S Windows Tool Kit/Docs/Script-Adaptation-Notes.md,EXCLUDED_LEGACY_BUILD_OR_UNMAPPED_BINARY,,bfa6e340d7f6d1d03e81043e08153072d659a18dffec150d4e83e6276faca5f0
ections for the tools.zip,windows_script_toolkit/dist-latest/portable/T3CHNRD'S Windows Tool Kit/Docs/Script-Review.md,EXCLUDED_LEGACY_BUILD_OR_UNMAPPED_BINARY,,71d2751737b99c42c44e85b63159a060277dc0ad1bf2a98642d6b6ee319f0924
ections for the tools.zip,windows_script_toolkit/dist-latest/portable/T3CHNRD'S Windows Tool Kit/Docs/Screenshots/.gitkeep,EXCLUDED_LEGACY_BUILD_OR_UNMAPPED_BINARY,,01ba4719c80b6fe911b091a7c05124b64eeece964e09c058ef8f9805daca546b
ections for the tools.zip,windows_script_toolkit/dist-latest/portable/T3CHNRD'S Windows Tool Kit/Integrations/Invoke-InstallMicrosoft365.ps1,EXCLUDED_LEGACY_BUILD_OR_UNMAPPED_BINARY,,088c4d8c903d0f90b8438bd5ed94cd2720f8fc9e017fb691f4034e712935088a
ections for the tools.zip,windows_script_toolkit/dist-latest/portable/T3CHNRD'S Windows Tool Kit/Integrations/Invoke-MediaCreationWorkflow.ps1,EXCLUDED_LEGACY_BUILD_OR_UNMAPPED_BINARY,,16b74b45e0f477f2ea26e83f82008436670ad3cba5442585e5b40bc54c1fcc97
ections for the tools.zip,windows_script_toolkit/dist-latest/portable/T3CHNRD'S Windows Tool Kit/LegacyScripts/bootcertchcker.ps1,EXCLUDED_LEGACY_BUILD_OR_UNMAPPED_BINARY,,3d46bfa263a99b62c96485bf77820107c47cabcd4b3d90e2c5d6a03dc63c5447
ections for the tools.zip,windows_script_toolkit/dist-latest/portable/T3CHNRD'S Windows Tool Kit/LegacyScripts/Check-SecureBootCert.ps1,EXCLUDED_LEGACY_BUILD_OR_UNMAPPED_BINARY,,b2c41002b3f0738832ccccbf738f97d8fd01464ce7776a602fb882d898729d73
ections for the tools.zip,windows_script_toolkit/dist-latest/portable/T3CHNRD'S Windows Tool Kit/LegacyScripts/Fix_OneNote_Duplicates.ps1,EXCLUDED_LEGACY_BUILD_OR_UNMAPPED_BINARY,,f1d24e57b42e0ac7a724f4c0e82bdd0329ea767c67b946327e90bda2f550ca77
ections for the tools.zip,windows_script_toolkit/dist-latest/portable/T3CHNRD'S Windows Tool Kit/LegacyScripts/how_to_guide.ps1,EXCLUDED_LEGACY_BUILD_OR_UNMAPPED_BINARY,,8c0117fd5c9c24fbe1f0871db485a8f6199f599f47965d7e523cb0dc50a0ae77
ections for the tools.zip,windows_script_toolkit/dist-latest/portable/T3CHNRD'S Windows Tool Kit/LegacyScripts/Invoke-MassDuplicateCleanup.ps1,EXCLUDED_LEGACY_BUILD_OR_UNMAPPED_BINARY,,ec6aea3b554b32bd480ff832f8037c6e5434cf7e0364745e42e4b44f346d00d2
ections for the tools.zip,windows_script_toolkit/dist-latest/portable/T3CHNRD'S Windows Tool Kit/LegacyScripts/Invoke-ps2exe.ps1,EXCLUDED_LEGACY_BUILD_OR_UNMAPPED_BINARY,,d4c046573b836f26a980cf8de75c3316b01beeefe06d93eddf66a0559857e016
ections for the tools.zip,windows_script_toolkit/dist-latest/portable/T3CHNRD'S Windows Tool Kit/LegacyScripts/Launch_OneNote.ps1,EXCLUDED_LEGACY_BUILD_OR_UNMAPPED_BINARY,,fe3a242b6e30e8c4a13f2c76f1fe1945be021a85ba5f27eb20d0d53740e07a6b
ections for the tools.zip,windows_script_toolkit/dist-latest/portable/T3CHNRD'S Windows Tool Kit/LegacyScripts/Master Audit & Smart-Skip.ps1,PRESENT_EXACT,Windows/Scripts/Documentation/Master-Audit-Smart-Skip.ps1,45befdba28bc3f6845b48a676eb05effc342fb8e4073db54542b61248c5d96d5
ections for the tools.zip,windows_script_toolkit/dist-latest/portable/T3CHNRD'S Windows Tool Kit/LegacyScripts/master_onenote_importer.ps1,PRESENT_EXACT,Windows/Scripts/Documentation/Master-OneNote-Importer.ps1,96b28823ac0b686e163b3efdd7efdec6322c4d313c65234f9d9c398d5ee9bf2f
ections for the tools.zip,windows_script_toolkit/dist-latest/portable/T3CHNRD'S Windows Tool Kit/LegacyScripts/move_to_onenote.ps1,EXCLUDED_LEGACY_BUILD_OR_UNMAPPED_BINARY,,1873760c7cf433f889a11e329e76d937c260bb20737c130b4e32f638cf590f53
ections for the tools.zip,windows_script_toolkit/dist-latest/portable/T3CHNRD'S Windows Tool Kit/LegacyScripts/move_to_onenote_2.ps1,EXCLUDED_LEGACY_BUILD_OR_UNMAPPED_BINARY,,136bb9491bc9ba761c1df2bd690fa57f10493ac7896bb99055be961b440acf78
ections for the tools.zip,windows_script_toolkit/dist-latest/portable/T3CHNRD'S Windows Tool Kit/LegacyScripts/move_to_onenote_selfcheck.ps1,EXCLUDED_LEGACY_BUILD_OR_UNMAPPED_BINARY,,a55f8340e9c2a56c2d784ff9148ca23bc9462f24f584bcf64d091f191122ecb1
ections for the tools.zip,windows_script_toolkit/dist-latest/portable/T3CHNRD'S Windows Tool Kit/LegacyScripts/sortdoc.ps1,EXCLUDED_LEGACY_BUILD_OR_UNMAPPED_BINARY,,1f0f3ee0aa289cd9760d6946002fcbd242a11da225151b707e7dad1952553359
ections for the tools.zip,windows_script_toolkit/dist-latest/portable/T3CHNRD'S Windows Tool Kit/LegacyScripts/The Network Access Script.ps1,EXCLUDED_LEGACY_BUILD_OR_UNMAPPED_BINARY,,254666371cf5f4c2773c05173065d4020354958a3cd0968015c4ab27f83a00d0
ections for the tools.zip,windows_script_toolkit/dist-latest/portable/T3CHNRD'S Windows Tool Kit/Logs/Toolkit-20260423.log,EXCLUDED_PREVIOUS_RUN_OUTPUT,,f3f9c7bfe9c21b3d4b6530d33ace0671432deb0396bf0d3c959d247214ee3a6a
ections for the tools.zip,windows_script_toolkit/dist-latest/portable/T3CHNRD'S Windows Tool Kit/Modules/MaintenanceToolkit/MaintenanceToolkit.psd1,EXCLUDED_LEGACY_BUILD_OR_UNMAPPED_BINARY,,2bd9075091d24f08d9d51e7e2e5b059edfd46a170aaae51e1ad4c1b541cf4b37
ections for the tools.zip,windows_script_toolkit/dist-latest/portable/T3CHNRD'S Windows Tool Kit/Modules/MaintenanceToolkit/MaintenanceToolkit.psm1,EXCLUDED_LEGACY_BUILD_OR_UNMAPPED_BINARY,,1b5d4b0b6c2fa739d75f1f447d760c8822c8380984d457bbb50cfec16bb503bd
ections for the tools.zip,windows_script_toolkit/dist-latest/portable/T3CHNRD'S Windows Tool Kit/Scripts/Tasks/Invoke-BiosUpdate.ps1,EXCLUDED_LEGACY_BUILD_OR_UNMAPPED_BINARY,,43d7424ba0d5482333faaa091e75c1b4ff121f19410ed1f783a2666a6d240231
ections for the tools.zip,windows_script_toolkit/dist-latest/portable/T3CHNRD'S Windows Tool Kit/Scripts/Tasks/Invoke-ClearTempJunk.ps1,EXCLUDED_LEGACY_BUILD_OR_UNMAPPED_BINARY,,ddda4413bda0cf184ec17b04494187b8aad4b749090ca890cf5675747d7e3144
ections for the tools.zip,windows_script_toolkit/dist-latest/portable/T3CHNRD'S Windows Tool Kit/Scripts/Tasks/Invoke-DebloatInventory.ps1,EXCLUDED_LEGACY_BUILD_OR_UNMAPPED_BINARY,,1f7268b3b8267c1e0156b21003a38e1ec023f5fed76b37438630ea2856cdd935
ections for the tools.zip,windows_script_toolkit/dist-latest/portable/T3CHNRD'S Windows Tool Kit/Scripts/Tasks/Invoke-DiskSpaceMonitor.ps1,PRESENT_EXACT,Windows/Scripts/Invoke-DiskSpaceMonitor.ps1,9e732a87122862ff575f95a4cd999d5100b298314c20d612650201da21f3393f
ections for the tools.zip,windows_script_toolkit/dist-latest/portable/T3CHNRD'S Windows Tool Kit/Scripts/Tasks/Invoke-DriverUpdate.ps1,EXCLUDED_LEGACY_BUILD_OR_UNMAPPED_BINARY,,f478583e3deb7bfa61e09a7fcc6217e92f52654c415ca31b1aa8e114baba42af
ections for the tools.zip,windows_script_toolkit/dist-latest/portable/T3CHNRD'S Windows Tool Kit/Scripts/Tasks/Invoke-FirmwareUpdate.ps1,EXCLUDED_LEGACY_BUILD_OR_UNMAPPED_BINARY,,9b423c44e6cdca361ed7d9986a3830d86966ce18983b0ecbcae1ed5961c58ded
ections for the tools.zip,windows_script_toolkit/dist-latest/portable/T3CHNRD'S Windows Tool Kit/Scripts/Tasks/Invoke-FreeCDriveSpace.ps1,PRESENT_EXACT,Windows/Scripts/Invoke-FreeCDriveSpace.ps1,5d1490a5a56e1dfc0b2eb6245d9a6c3ca65d0e5bbd0f964e6b9f67cf2823ee2f
ections for the tools.zip,windows_script_toolkit/dist-latest/portable/T3CHNRD'S Windows Tool Kit/Scripts/Tasks/Invoke-NetworkMaintenance.ps1,PRESENT_EXACT,Windows/Scripts/Network/Invoke-NetworkMaintenance.ps1,e94e20ab6cad69813a87c5345f7ea914988fc8e369c1d8b07bfd2bffe38fb178
ections for the tools.zip,windows_script_toolkit/dist-latest/portable/T3CHNRD'S Windows Tool Kit/Scripts/Tasks/Invoke-ResetNetworkStack.ps1,EXCLUDED_LEGACY_BUILD_OR_UNMAPPED_BINARY,,6c7c8757ef5dbd114b2312bba9f80f08c221d28c7646bd79558f65c671b66103
ections for the tools.zip,windows_script_toolkit/dist-latest/portable/T3CHNRD'S Windows Tool Kit/Scripts/Tasks/Invoke-UpdateAllApps.ps1,EXCLUDED_LEGACY_BUILD_OR_UNMAPPED_BINARY,,b7b979a7bbe6ef53deff31e9d7c569ace9a47eefce4acf20048d3c6eec668086
ections for the tools.zip,windows_script_toolkit/dist-latest/portable/T3CHNRD'S Windows Tool Kit/Scripts/Tasks/Invoke-WindowsRepairChecks.ps1,EXCLUDED_LEGACY_BUILD_OR_UNMAPPED_BINARY,,14e1cbdaf165b6089ae304efa8cc89c7d21355a011609ee4b6588c2bccf5de39
ections for the tools.zip,windows_script_toolkit/dist-latest/portable/T3CHNRD'S Windows Tool Kit/Scripts/Tasks/Invoke-WindowsUpdateTool.ps1,PRESENT_EXACT,Windows/Scripts/Updates/Invoke-WindowsUpdateTool.ps1,2eb4b01dd145978a23b87ae32248aeeba06605d5230292489cfd26bae0bd1c07
ections for the tools.zip,windows_script_toolkit/dist-latest/portable/T3CHNRD'S Windows Tool Kit/Scripts/Tasks/VendorUpdate.Common.ps1,EXCLUDED_LEGACY_BUILD_OR_UNMAPPED_BINARY,,4c4a9b784ebe816a025c6ff5e61f85da4d78dc7f5a9ca4c9930c6e3d53d8ec55
ections for the tools.zip,windows_script_toolkit/Docs/Script-Adaptation-Notes.md,EXCLUDED_LEGACY_SUPPORT_OR_DOCUMENTATION,,bfa6e340d7f6d1d03e81043e08153072d659a18dffec150d4e83e6276faca5f0
ections for the tools.zip,windows_script_toolkit/Docs/Script-Review.md,EXCLUDED_LEGACY_SUPPORT_OR_DOCUMENTATION,,71d2751737b99c42c44e85b63159a060277dc0ad1bf2a98642d6b6ee319f0924
ections for the tools.zip,windows_script_toolkit/Docs/Validation-2026-04-27.md,EXCLUDED_LEGACY_SUPPORT_OR_DOCUMENTATION,,592c892c4d5356a3c3ffc3ceb4ac5e6e4dd0731405b67b0c17f80ccbd5286c78
ections for the tools.zip,windows_script_toolkit/Docs/Screenshots/.gitkeep,EXCLUDED_LEGACY_SUPPORT_OR_DOCUMENTATION,,01ba4719c80b6fe911b091a7c05124b64eeece964e09c058ef8f9805daca546b
ections for the tools.zip,windows_script_toolkit/Integrations/Invoke-InstallMicrosoft365.ps1,EXCLUDED_LEGACY_OR_SITE_WORKFLOW_SEE_REPORT,,47e3e8d1e1036a7da08c6f8e864b5f0ac5b937b456c7151f602163f07b977d98
ections for the tools.zip,windows_script_toolkit/Integrations/Invoke-MediaCreationWorkflow.ps1,EXCLUDED_LEGACY_OR_SITE_WORKFLOW_SEE_REPORT,,abb0fa46a8bea6313b029bab5955d78a997f1e51003216a88d9747feff6cabd6
ections for the tools.zip,windows_script_toolkit/Integrations/Install-Microsoft365/Install-Microsoft365-main/.gitignore,EXCLUDED_LEGACY_SUPPORT_OR_DOCUMENTATION,,6abfd49280d1564265bb72bbc57188e972bb0c9766e30033feb6b2f3c8f18b11
ections for the tools.zip,windows_script_toolkit/Integrations/Install-Microsoft365/Install-Microsoft365-main/Helpers.psm1,EXCLUDED_LEGACY_OR_SITE_WORKFLOW_SEE_REPORT,,409ff34ca1bff33b69172e3564da77a76a42ed2ab730e22cfd0d92e9ee46c7c2
ections for the tools.zip,windows_script_toolkit/Integrations/Install-Microsoft365/Install-Microsoft365-main/Install-Microsoft365.ps1,EXCLUDED_LEGACY_OR_SITE_WORKFLOW_SEE_REPORT,,b01b4088b68a8eaf01edb834292aeb0498e9432fa6fb78a3f9d546b152446214
ections for the tools.zip,windows_script_toolkit/Integrations/Install-Microsoft365/Install-Microsoft365-main/LICENSE,EXCLUDED_LEGACY_SUPPORT_OR_DOCUMENTATION,,d1c65ea1552d33f51abb46299f9a1f11997758268fc906eb991435fa4daf1272
ections for the tools.zip,windows_script_toolkit/Integrations/Install-Microsoft365/Install-Microsoft365-main/README.md,EXCLUDED_LEGACY_SUPPORT_OR_DOCUMENTATION,,951089aae9e23c0ca2beeb7149a88fa9838c4f1cdef857b8078b0b45050a22e3
ections for the tools.zip,windows_script_toolkit/Integrations/Install-Microsoft365/Install-Microsoft365-main/ValidateConfiguration.ps1,EXCLUDED_LEGACY_OR_SITE_WORKFLOW_SEE_REPORT,,79b1a92ad86bdab9ce414acb257bf434da1c5bface1779f4cf3cbc5728684771
ections for the tools.zip,windows_script_toolkit/LegacyScripts/bootcertchcker.ps1,EXCLUDED_LEGACY_OR_SITE_WORKFLOW_SEE_REPORT,,3d46bfa263a99b62c96485bf77820107c47cabcd4b3d90e2c5d6a03dc63c5447
ections for the tools.zip,windows_script_toolkit/LegacyScripts/Check-SecureBootCert.ps1,EXCLUDED_LEGACY_OR_SITE_WORKFLOW_SEE_REPORT,,b2c41002b3f0738832ccccbf738f97d8fd01464ce7776a602fb882d898729d73
ections for the tools.zip,windows_script_toolkit/LegacyScripts/Fix_OneNote_Duplicates.ps1,EXCLUDED_LEGACY_OR_SITE_WORKFLOW_SEE_REPORT,,f1d24e57b42e0ac7a724f4c0e82bdd0329ea767c67b946327e90bda2f550ca77
ections for the tools.zip,windows_script_toolkit/LegacyScripts/how_to_guide.ps1,EXCLUDED_LEGACY_OR_SITE_WORKFLOW_SEE_REPORT,,8c0117fd5c9c24fbe1f0871db485a8f6199f599f47965d7e523cb0dc50a0ae77
ections for the tools.zip,windows_script_toolkit/LegacyScripts/Invoke-MassDuplicateCleanup.ps1,EXCLUDED_LEGACY_OR_SITE_WORKFLOW_SEE_REPORT,,ec6aea3b554b32bd480ff832f8037c6e5434cf7e0364745e42e4b44f346d00d2
ections for the tools.zip,windows_script_toolkit/LegacyScripts/Invoke-ps2exe.ps1,EXCLUDED_LEGACY_OR_SITE_WORKFLOW_SEE_REPORT,,d4c046573b836f26a980cf8de75c3316b01beeefe06d93eddf66a0559857e016
ections for the tools.zip,windows_script_toolkit/LegacyScripts/Launch_OneNote.ps1,EXCLUDED_LEGACY_OR_SITE_WORKFLOW_SEE_REPORT,,fe3a242b6e30e8c4a13f2c76f1fe1945be021a85ba5f27eb20d0d53740e07a6b
ections for the tools.zip,windows_script_toolkit/LegacyScripts/Master Audit & Smart-Skip.ps1,PRESENT_EXACT,Windows/Scripts/Documentation/Master-Audit-Smart-Skip.ps1,45befdba28bc3f6845b48a676eb05effc342fb8e4073db54542b61248c5d96d5
ections for the tools.zip,windows_script_toolkit/LegacyScripts/master_onenote_importer.ps1,PRESENT_EXACT,Windows/Scripts/Documentation/Master-OneNote-Importer.ps1,96b28823ac0b686e163b3efdd7efdec6322c4d313c65234f9d9c398d5ee9bf2f
ections for the tools.zip,windows_script_toolkit/LegacyScripts/move_to_onenote.ps1,EXCLUDED_LEGACY_OR_SITE_WORKFLOW_SEE_REPORT,,1873760c7cf433f889a11e329e76d937c260bb20737c130b4e32f638cf590f53
ections for the tools.zip,windows_script_toolkit/LegacyScripts/move_to_onenote_2.ps1,EXCLUDED_LEGACY_OR_SITE_WORKFLOW_SEE_REPORT,,136bb9491bc9ba761c1df2bd690fa57f10493ac7896bb99055be961b440acf78
ections for the tools.zip,windows_script_toolkit/LegacyScripts/move_to_onenote_selfcheck.ps1,EXCLUDED_LEGACY_OR_SITE_WORKFLOW_SEE_REPORT,,a55f8340e9c2a56c2d784ff9148ca23bc9462f24f584bcf64d091f191122ecb1
ections for the tools.zip,windows_script_toolkit/LegacyScripts/sortdoc.ps1,EXCLUDED_LEGACY_OR_SITE_WORKFLOW_SEE_REPORT,,1f0f3ee0aa289cd9760d6946002fcbd242a11da225151b707e7dad1952553359
ections for the tools.zip,windows_script_toolkit/LegacyScripts/The Network Access Script.ps1,EXCLUDED_LEGACY_OR_SITE_WORKFLOW_SEE_REPORT,,254666371cf5f4c2773c05173065d4020354958a3cd0968015c4ab27f83a00d0
ections for the tools.zip,windows_script_toolkit/Logs/.gitkeep,PRESENT_EXACT,Diagnostic-Reports/.gitkeep,e3b0c44298fc1c149afbf4c8996fb92427ae41e4649b934ca495991b7852b855
ections for the tools.zip,windows_script_toolkit/Logs/debloat-selection.txt,EXCLUDED_PREVIOUS_RUN_OUTPUT,,eb8042be014adec7fa54166f9f5549a3f7cfde9d1a44847d56ebad3cd672e1ec
ections for the tools.zip,windows_script_toolkit/Logs/DeviceInformation-20260514-132622.txt,EXCLUDED_PREVIOUS_RUN_OUTPUT,,c74e7d8f214642c5ed0c64d6f4615f682126f6dbcdf7d82b078bb8b8b98393b6
ections for the tools.zip,windows_script_toolkit/Logs/InstalledApps-appx-20260428-075953.csv,EXCLUDED_PREVIOUS_RUN_OUTPUT,,5b2b3e928e22580e3b44a8bab7b073dcc715977438203ab8b81664d448ccbf09
ections for the tools.zip,windows_script_toolkit/Logs/InstalledApps-winget-20260428-075953.txt,EXCLUDED_PREVIOUS_RUN_OUTPUT,,011a8023dda65179df0af654d188338b833d376768356145d1204d2ad4df6043
ections for the tools.zip,windows_script_toolkit/Logs/KillerScanLocal-20260514-132701.csv,PRESENT_EXACT,Diagnostic-Reports/.gitkeep,e3b0c44298fc1c149afbf4c8996fb92427ae41e4649b934ca495991b7852b855
ections for the tools.zip,windows_script_toolkit/Logs/SecurityAudit-FRAMEWORK_FW1-20260512-072713.txt,EXCLUDED_PREVIOUS_RUN_OUTPUT,,66ae677d86c57a549b230c08343544191d2eca08ba0de88d59363e470b57d6e0
ections for the tools.zip,windows_script_toolkit/Logs/SelectedApps-review-20260428-075953.txt,EXCLUDED_PREVIOUS_RUN_OUTPUT,,514e2373242666f799f70cfcdbf475225995cb2e62b7318afca84a98a271025c
ections for the tools.zip,windows_script_toolkit/Logs/task-Apps-DebloatHelper-20260428-075952-stderr.log,PRESENT_EXACT,Diagnostic-Reports/.gitkeep,e3b0c44298fc1c149afbf4c8996fb92427ae41e4649b934ca495991b7852b855
ections for the tools.zip,windows_script_toolkit/Logs/task-Apps-DebloatHelper-20260428-075952-stdout.log,EXCLUDED_PREVIOUS_RUN_OUTPUT,,f0351bc6fcf7a10890ce9c565f05854160bdbe99a2120d375eaf029c81fb4394
ections for the tools.zip,windows_script_toolkit/Logs/task-Cleanup-TempFiles-20260428-074559-stderr.log,PRESENT_EXACT,Diagnostic-Reports/.gitkeep,e3b0c44298fc1c149afbf4c8996fb92427ae41e4649b934ca495991b7852b855
ections for the tools.zip,windows_script_toolkit/Logs/task-Cleanup-TempFiles-20260428-074559-stdout.log,EXCLUDED_PREVIOUS_RUN_OUTPUT,,aac9a4fca0716dbf9aea3ef50e6748e49b6f912bcb7e68100f139b892b7092bc
ections for the tools.zip,windows_script_toolkit/Logs/task-Integration-Microsoft365-20260428-080128-stderr.log,PRESENT_EXACT,Diagnostic-Reports/.gitkeep,e3b0c44298fc1c149afbf4c8996fb92427ae41e4649b934ca495991b7852b855
ections for the tools.zip,windows_script_toolkit/Logs/task-Integration-Microsoft365-20260428-080128-stdout.log,EXCLUDED_PREVIOUS_RUN_OUTPUT,,19b894da6cfc2edb2156fb63d778d8f6094af36a56fcd3b9ac31042a3679fc99
ections for the tools.zip,windows_script_toolkit/Logs/task-Legacy-CheckSecureBootCert-20260427-151507-stderr.log,PRESENT_EXACT,Diagnostic-Reports/.gitkeep,e3b0c44298fc1c149afbf4c8996fb92427ae41e4649b934ca495991b7852b855
ections for the tools.zip,windows_script_toolkit/Logs/task-Legacy-CheckSecureBootCert-20260427-151507-stdout.log,EXCLUDED_PREVIOUS_RUN_OUTPUT,,eaa947b15e6f7c6066ba37d1c3c340b43d549ba1534d321ca94c1034ef5d3945
ections for the tools.zip,windows_script_toolkit/Logs/task-Storage-NewComputerSetup-20260428-080029-stderr.log,PRESENT_EXACT,Diagnostic-Reports/.gitkeep,e3b0c44298fc1c149afbf4c8996fb92427ae41e4649b934ca495991b7852b855
ections for the tools.zip,windows_script_toolkit/Logs/task-Storage-NewComputerSetup-20260428-080029-stdout.log,EXCLUDED_PREVIOUS_RUN_OUTPUT,,9a2763b35d5f2b733441a533b763c403fd718b6a9be7592d8437f36f24f2a903
ections for the tools.zip,windows_script_toolkit/Logs/Toolkit-20260427.log,EXCLUDED_PREVIOUS_RUN_OUTPUT,,3226987206888c6978825ac3921c9ec323400eb22f28f8139323ea96321df8bb
ections for the tools.zip,windows_script_toolkit/Logs/Toolkit-20260428.log,EXCLUDED_PREVIOUS_RUN_OUTPUT,,bde89118b74086725533ef7fb75eb71b4bb0564ba2409f698b9ecd8c0c129950
ections for the tools.zip,windows_script_toolkit/Logs/Toolkit-20260429.log,EXCLUDED_PREVIOUS_RUN_OUTPUT,,1d6985b37faf4e24a91f300b633aa915545c2537c8db6ffe2b149157bfd50874
ections for the tools.zip,windows_script_toolkit/Logs/Toolkit-20260430.log,EXCLUDED_PREVIOUS_RUN_OUTPUT,,d865d52d0e596804fd89c98c1f2ee086b955376f4c2c8d3c6ab3ad5a9becd224
ections for the tools.zip,windows_script_toolkit/Logs/Toolkit-20260501.log,EXCLUDED_PREVIOUS_RUN_OUTPUT,,ede114461721d5c2303c5039e623923ae86ce13bc8fdee9c91aa061ca2a2f4eb
ections for the tools.zip,windows_script_toolkit/Logs/Toolkit-20260507.log,EXCLUDED_PREVIOUS_RUN_OUTPUT,,8e05cbaad12cfb1ee0b83768323e7cd4c8c7afaffc0ece2fb66524d0d86b77f2
ections for the tools.zip,windows_script_toolkit/Logs/Toolkit-20260508.log,EXCLUDED_PREVIOUS_RUN_OUTPUT,,1a2fa56f4139dfab4d26a0e9317c4b0142afa02855293d8fdc04e97df22f90a0
ections for the tools.zip,windows_script_toolkit/Logs/Toolkit-20260512.log,EXCLUDED_PREVIOUS_RUN_OUTPUT,,312d91ab8a1810f1ecf1c6c3d288e46ee250f2b5ce8c4e6fd009fcca18ebc745
ections for the tools.zip,windows_script_toolkit/Logs/Toolkit-20260514.log,EXCLUDED_PREVIOUS_RUN_OUTPUT,,8f398496deb3c9e043e711286b2a3c5ce5c7f4bf57718020b0d8906708ec4a3b
ections for the tools.zip,windows_script_toolkit/Logs/Toolkit-20260601.log,EXCLUDED_PREVIOUS_RUN_OUTPUT,,22f2dfb022a34b15882455eaca3b7ee6916d6013811411dfb869273cc2bf34f6
ections for the tools.zip,windows_script_toolkit/Logs/Toolkit-20260605.log,EXCLUDED_PREVIOUS_RUN_OUTPUT,,89deb793b1ff3c97ae6226bc686864b0033408760857cbc99786cbecf5d93f1c
ections for the tools.zip,windows_script_toolkit/Logs/Toolkit-20260610.log,EXCLUDED_PREVIOUS_RUN_OUTPUT,,245092b74c96b2fd139a9a5191ef385be0f12acd41e90f3228ab53d316bdc6b3
ections for the tools.zip,windows_script_toolkit/Logs/Toolkit-UI-20260430.log,EXCLUDED_PREVIOUS_RUN_OUTPUT,,e0b8add745dd7c415510865946111736a992c334ee4cd6c01b76ef8ee76f0318
ections for the tools.zip,windows_script_toolkit/Logs/Toolkit-UI-20260501.log,EXCLUDED_PREVIOUS_RUN_OUTPUT,,ac6c9dae6e0cf069b0fac70d90892d9a96b90a95100c0cd2aebff453712c1b2c
ections for the tools.zip,windows_script_toolkit/Logs/Toolkit-UI-20260505.log,EXCLUDED_PREVIOUS_RUN_OUTPUT,,7556c0faeb666369b60a91ea22d1434ec061df37ee24044d40bb0ef60741b353
ections for the tools.zip,windows_script_toolkit/Logs/Toolkit-UI-20260507.log,EXCLUDED_PREVIOUS_RUN_OUTPUT,,5191f79bfa81f7b521e29d9e6102eab90bad1150f6c7a994d8c43170116e5236
ections for the tools.zip,windows_script_toolkit/Logs/Toolkit-UI-20260508.log,EXCLUDED_PREVIOUS_RUN_OUTPUT,,99c786291cbaba3466aad25e7115df7bfb8a03f93e7523476eb422c343d430fd
ections for the tools.zip,windows_script_toolkit/Logs/Toolkit-UI-20260512.log,EXCLUDED_PREVIOUS_RUN_OUTPUT,,f50c648460a01faf134fb8ca92a940c8cd49d64ce5eb7bf434fcb74f0b799408
ections for the tools.zip,windows_script_toolkit/Logs/Toolkit-UI-20260514.log,EXCLUDED_PREVIOUS_RUN_OUTPUT,,09607b84310f7f49715bf39f986cb8991a7f733f6ae7db3ea5ddff3707980a2c
ections for the tools.zip,windows_script_toolkit/Logs/Toolkit-UI-20260601.log,EXCLUDED_PREVIOUS_RUN_OUTPUT,,61f466292661cc0fe79abcdc92b44e08b9168342508010e14d2d988e02ede6de
ections for the tools.zip,windows_script_toolkit/Logs/Toolkit-UI-20260605.log,EXCLUDED_PREVIOUS_RUN_OUTPUT,,a162f402b895b1286bbd940f00a264d775faae84011607eb7a7c611d08cd84d8
ections for the tools.zip,windows_script_toolkit/Logs/Toolkit-UI-20260610.log,EXCLUDED_PREVIOUS_RUN_OUTPUT,,06a70c73bc4e8a8c72296a3a1a6076304f4235719bae82b8752e59022afcc658
ections for the tools.zip,windows_script_toolkit/Modules/HardwareDiagnostics/HardwareDiagnostics.psm1,EXCLUDED_LEGACY_OR_SITE_WORKFLOW_SEE_REPORT,,754b297035d72bb2db8d232fe82cc962cd90a40daa027aba9e3aab5167587f80
ections for the tools.zip,windows_script_toolkit/Modules/MaintenanceToolkit/MaintenanceToolkit.psd1,EXCLUDED_LEGACY_OR_SITE_WORKFLOW_SEE_REPORT,,2bd9075091d24f08d9d51e7e2e5b059edfd46a170aaae51e1ad4c1b541cf4b37
ections for the tools.zip,windows_script_toolkit/Modules/MaintenanceToolkit/MaintenanceToolkit.psm1,EXCLUDED_LEGACY_OR_SITE_WORKFLOW_SEE_REPORT,,7999cf9e17f889a8974e67d769da5e36d2caa46159681c7cbe32d267a338fd13
ections for the tools.zip,windows_script_toolkit/Modules/StorageTools/StorageTools.psm1,EXCLUDED_LEGACY_OR_SITE_WORKFLOW_SEE_REPORT,,3a17e3316da6a92322c79a167a6a7d3758dd703630b9181e7aa534ff4dc5cb78
ections for the tools.zip,windows_script_toolkit/Modules/UpdateTools/UpdateTools.psm1,EXCLUDED_LEGACY_OR_SITE_WORKFLOW_SEE_REPORT,,a153befc76d03f2347d4b94d9932649ac29ac113e27a705ba976da5727f4b1cd
ections for the tools.zip,windows_script_toolkit/Scripts/Invoke-ToolkitTaskHost.ps1,EXCLUDED_LEGACY_OR_SITE_WORKFLOW_SEE_REPORT,,c6f17c7862da671ca7d71c917a3e92ba8faebb68ae48086a29be183768ab2fbe
ections for the tools.zip,windows_script_toolkit/Scripts/Python/RepairDock/network_reset.py,EXCLUDED_LEGACY_SUPPORT_OR_DOCUMENTATION,,bb623524241f0cdc97337ad1a6317d359b4125f892b82e676a86034379e0763b
ections for the tools.zip,windows_script_toolkit/Scripts/Python/RepairDock/system_repair.py,EXCLUDED_LEGACY_SUPPORT_OR_DOCUMENTATION,,6b6b9df122becc5e0d0dba158d9ac76ab58916a0443596cee3625e1ae08007f8
ections for the tools.zip,windows_script_toolkit/Scripts/Tasks/Invoke-AmortPersistenceReview.ps1,PRESENT_EXACT,Windows/Scripts/Invoke-AmortPersistenceReview.ps1,68261d10759a54df9183a2d5d4ed059b92f0b1af094a5384521a1e68e690c677
ections for the tools.zip,windows_script_toolkit/Scripts/Tasks/Invoke-BackupBitLockerKeys.ps1,EXCLUDED_LEGACY_OR_SITE_WORKFLOW_SEE_REPORT,,783ed0e782c76540640be06286ec7f4c51e2e804bdbfec149187169e35facaa7
ections for the tools.zip,windows_script_toolkit/Scripts/Tasks/Invoke-BeretBrowserReview.ps1,PRESENT_EXACT,Windows/Scripts/Invoke-BeretBrowserReview.ps1,de4025109763e1ee6f8184f79c8c7e048342ef6ee30bbb2326eea555f2c4dd12
ections for the tools.zip,windows_script_toolkit/Scripts/Tasks/Invoke-BiosUpdate.ps1,PRESENT_EXACT,Windows/Scripts/Updates/Invoke-BiosUpdate.ps1,dfd5f32a0da4d0ac5a68d8af08392d1ffd54f77e3e67c39c9bd510b1d9d60585
ections for the tools.zip,windows_script_toolkit/Scripts/Tasks/Invoke-ClearTempJunk.ps1,PRESENT_EXACT,Windows/Scripts/Invoke-ClearTempJunk.ps1,21c62c50942771fdf7fdee59f233e0583775bf638f7f2611658afdcf35cedb3a
ections for the tools.zip,windows_script_toolkit/Scripts/Tasks/Invoke-DataTransferWizard.ps1,EXCLUDED_LEGACY_OR_SITE_WORKFLOW_SEE_REPORT,,91a59f5f8e1472cb152fbf25f6459f2c31b9d1fc2fa01ba424f4a873b9d0b745
ections for the tools.zip,windows_script_toolkit/Scripts/Tasks/Invoke-DebloatInventory.ps1,EXCLUDED_LEGACY_OR_SITE_WORKFLOW_SEE_REPORT,,3dd62c3e62f807c75a8f9c9c447801725523277c9c6471f5b224f3003b8c5d89
ections for the tools.zip,windows_script_toolkit/Scripts/Tasks/Invoke-DefendAudit.ps1,PRESENT_EXACT,Windows/Scripts/Invoke-DefendAudit.ps1,d1c4bb885584ef89f4d54924a34e29ec2a65e78d4191255b057193b103d7f1b9
ections for the tools.zip,windows_script_toolkit/Scripts/Tasks/Invoke-DefenderQuickScan.ps1,PRESENT_EXACT,Windows/Scripts/Invoke-DefenderQuickScan.ps1,739c8a2ea7640b5f84a57f79b3c51fdf4368bc36d6b3347068e7edda5bfb29d8
ections for the tools.zip,windows_script_toolkit/Scripts/Tasks/Invoke-DeviceInformationReport.ps1,EXCLUDED_LEGACY_OR_SITE_WORKFLOW_SEE_REPORT,,c5d17129917063a85bc6d291253631f1b2b9efda5cf10e59d0d9f29ea71bb182
ections for the tools.zip,windows_script_toolkit/Scripts/Tasks/Invoke-DhcpRenew.ps1,PRESENT_EXACT,Windows/Scripts/Invoke-DhcpRenew.ps1,8ff32cf519099f1aafbd9478e3a2224b27bd1f0ebc419cdf7b8170d7de20772c
ections for the tools.zip,windows_script_toolkit/Scripts/Tasks/Invoke-DisableBitLocker.ps1,PRESENT_EXACT,Windows/Scripts/Invoke-DisableBitLocker.ps1,68c22574a4b8e64bb669e7aafdfe45d01de5623a8081fdf24455c251fb59f776
ections for the tools.zip,windows_script_toolkit/Scripts/Tasks/Invoke-DiskSpaceMonitor.ps1,PRESENT_EXACT,Windows/Scripts/Invoke-DiskSpaceMonitor.ps1,9e732a87122862ff575f95a4cd999d5100b298314c20d612650201da21f3393f
ections for the tools.zip,windows_script_toolkit/Scripts/Tasks/Invoke-DomainLookup.ps1,PRESENT_EXACT,Windows/Scripts/Invoke-DomainLookup.ps1,ad5d4e55746c571cc13b594ca0c0515e8c707d381e2a0bf3b872674fb4d9632f
ections for the tools.zip,windows_script_toolkit/Scripts/Tasks/Invoke-DriverUpdate.ps1,PRESENT_EXACT,Windows/Scripts/Updates/Invoke-DriverUpdate.ps1,c144a053cf090d3e29301e342f80381573f51e16a24db924c3fbb5a58cfa8113
ections for the tools.zip,windows_script_toolkit/Scripts/Tasks/Invoke-DriveScanRepair.ps1,EXCLUDED_LEGACY_OR_SITE_WORKFLOW_SEE_REPORT,,a124cce5a44e702cfcabe71b244fba410cb98e3452ebde18ebbfcd1663869890
ections for the tools.zip,windows_script_toolkit/Scripts/Tasks/Invoke-FirmwareUpdate.ps1,PRESENT_EXACT,Windows/Scripts/Updates/Invoke-FirmwareUpdate.ps1,bc2eb701f316c7acab24e9450335ab6d062978864e2219b83694e1a7dbbf26ad
ections for the tools.zip,windows_script_toolkit/Scripts/Tasks/Invoke-FreeCDriveSpace.ps1,PRESENT_EXACT,Windows/Scripts/Invoke-FreeCDriveSpace.ps1,5d1490a5a56e1dfc0b2eb6245d9a6c3ca65d0e5bbd0f964e6b9f67cf2823ee2f
ections for the tools.zip,windows_script_toolkit/Scripts/Tasks/Invoke-KillerEncryptionHelper.ps1,PRESENT_EXACT,Windows/Scripts/Utilities/Invoke-KillerEncryptionHelper.ps1,a58f46ce349d944e0ab32a11cb1cd3bb24aa5bfa901da5c1bf6b139ad4fc2e31
ections for the tools.zip,windows_script_toolkit/Scripts/Tasks/Invoke-KillerNetworkScan.ps1,EXCLUDED_LEGACY_OR_SITE_WORKFLOW_SEE_REPORT,,28dfddf9c78bc717d73277abf0df0ca81eeb8e99916b1da5da3e9b81e03ab9bf
ections for the tools.zip,windows_script_toolkit/Scripts/Tasks/Invoke-LocalAccountSecurityAudit.ps1,PRESENT_EXACT,Windows/Scripts/Security/Invoke-LocalAccountSecurityAudit.ps1,5edf7fb76575dc97d2f0ee5306d2cf859cdc2ef6a99a739a783f55300cf3e36d
ections for the tools.zip,windows_script_toolkit/Scripts/Tasks/Invoke-MacAddressLookup.ps1,PRESENT_EXACT,Windows/Scripts/Network/Invoke-MacAddressLookup.ps1,aa2274ae2ffb04a310f94aa93a9ef27f4f6f151f5fafdcb8cb76d5b615140de7
ections for the tools.zip,windows_script_toolkit/Scripts/Tasks/Invoke-MaceCleanup.ps1,PRESENT_EXACT,Windows/Scripts/Maintenance/Invoke-MaceCleanup.ps1,efa99b62f3c0ca89bb19787ca9d1e5b4b23c5ce91cb586c04e3ae199bc1b0705
ections for the tools.zip,windows_script_toolkit/Scripts/Tasks/Invoke-NetworkMaintenance.ps1,PRESENT_EXACT,Windows/Scripts/Network/Invoke-NetworkMaintenance.ps1,e94e20ab6cad69813a87c5345f7ea914988fc8e369c1d8b07bfd2bffe38fb178
ections for the tools.zip,windows_script_toolkit/Scripts/Tasks/Invoke-OpenPortsAudit.ps1,PRESENT_EXACT,Windows/Scripts/Security/Invoke-OpenPortsAudit.ps1,bc4f01e78f4542349afc0c8733eb9e00669d824b483fbaf642ab332de17addbf
ections for the tools.zip,windows_script_toolkit/Scripts/Tasks/Invoke-OrcaSecurityReport.ps1,PRESENT_EXACT,Windows/Scripts/Security/Invoke-OrcaSecurityReport.ps1,7a34b18a9024966533e93b950b9a15c378dfb63229b12430bf478e3c687a81a8
ections for the tools.zip,windows_script_toolkit/Scripts/Tasks/Invoke-PowerShellRiskScan.ps1,PRESENT_EXACT,Windows/Scripts/Security/Invoke-PowerShellRiskScan.ps1,4f3e92c37f4e0458364f7d325122ac07799f6f96d48c4e1977919a7dceaf47dd
ections for the tools.zip,windows_script_toolkit/Scripts/Tasks/Invoke-ResetNetworkStack.ps1,PRESENT_EXACT,Windows/Scripts/Network/Invoke-ResetNetworkStack.ps1,a09ca48424706c82aeabebc1122ac38ee303effbf2479a6399c0a1288e47e6c2
ections for the tools.zip,windows_script_toolkit/Scripts/Tasks/Invoke-SecureBoot2023Update.ps1,EXCLUDED_LEGACY_OR_SITE_WORKFLOW_SEE_REPORT,,93f004aca911e6ed95864c60b5845d46c0006e01028a6fc88340ad0dc4668b4b
ections for the tools.zip,windows_script_toolkit/Scripts/Tasks/Invoke-SecurityBaselineAudit.ps1,EXCLUDED_LEGACY_OR_SITE_WORKFLOW_SEE_REPORT,,963cfbfe0120e956baf3b7b8b8cf381846e72e73814fda1427f6c036785382ea
ections for the tools.zip,windows_script_toolkit/Scripts/Tasks/Invoke-SecurityEventReview.ps1,PRESENT_EXACT,Windows/Scripts/Security/Invoke-SecurityEventReview.ps1,f310e0999c160c035589195a32c1af95ae8271319b80026c62c526690717cbfc
ections for the tools.zip,windows_script_toolkit/Scripts/Tasks/Invoke-ShadePrivacyAudit.ps1,PRESENT_EXACT,Windows/Scripts/Security/Invoke-ShadePrivacyAudit.ps1,d659e0a84f82b0ac09d714c24ca6972cb8dfbfe3b1152214d6a5cf39aae4fb87
ections for the tools.zip,windows_script_toolkit/Scripts/Tasks/Invoke-StartupItemsReview.ps1,PRESENT_EXACT,Windows/Scripts/Security/Invoke-StartupItemsReview.ps1,891b422249fc86af44ebb10cbe66dc129349769cf55b404c274819fd12ef0049
ections for the tools.zip,windows_script_toolkit/Scripts/Tasks/Invoke-UpdateAllApps.ps1,PRESENT_EXACT,Windows/Scripts/Updates/Invoke-UpdateAllApps.ps1,b5371d096d0d56e4549aa6e44e1a7e26db8f722e100c40954035eb8511ec7273
ections for the tools.zip,windows_script_toolkit/Scripts/Tasks/Invoke-WindowsRepairChecks.ps1,PRESENT_EXACT,Windows/Scripts/Maintenance/Invoke-WindowsRepairChecks.ps1,a8271a6bf657567194275ff21ccde1fbbe9e7853a3eb6d205ad45805972ad290
ections for the tools.zip,windows_script_toolkit/Scripts/Tasks/Invoke-WindowsUpdateTool.ps1,PRESENT_EXACT,Windows/Scripts/Updates/Invoke-WindowsUpdateTool.ps1,2eb4b01dd145978a23b87ae32248aeeba06605d5230292489cfd26bae0bd1c07
ections for the tools.zip,windows_script_toolkit/Scripts/Tasks/VendorUpdate.Common.ps1,EXCLUDED_LEGACY_OR_SITE_WORKFLOW_SEE_REPORT,,9ee40ff9a8ced873ea7f11fb8a401d6cbe12ef14a1db81564743cec339652bab
ections for the tools.zip,windows_script_toolkit/source_scripts/bootcertchcker.ps1,EXCLUDED_LEGACY_OR_SITE_WORKFLOW_SEE_REPORT,,3d46bfa263a99b62c96485bf77820107c47cabcd4b3d90e2c5d6a03dc63c5447
ections for the tools.zip,windows_script_toolkit/source_scripts/Check-SecureBootCert.ps1,EXCLUDED_LEGACY_OR_SITE_WORKFLOW_SEE_REPORT,,b2c41002b3f0738832ccccbf738f97d8fd01464ce7776a602fb882d898729d73
ections for the tools.zip,windows_script_toolkit/source_scripts/Fix_OneNote_Duplicates.ps1,EXCLUDED_LEGACY_OR_SITE_WORKFLOW_SEE_REPORT,,f1d24e57b42e0ac7a724f4c0e82bdd0329ea767c67b946327e90bda2f550ca77
ections for the tools.zip,windows_script_toolkit/source_scripts/how_to_guide.ps1,EXCLUDED_LEGACY_OR_SITE_WORKFLOW_SEE_REPORT,,8c0117fd5c9c24fbe1f0871db485a8f6199f599f47965d7e523cb0dc50a0ae77
ections for the tools.zip,windows_script_toolkit/source_scripts/Invoke-MassDuplicateCleanup.ps1,EXCLUDED_LEGACY_OR_SITE_WORKFLOW_SEE_REPORT,,ec6aea3b554b32bd480ff832f8037c6e5434cf7e0364745e42e4b44f346d00d2
ections for the tools.zip,windows_script_toolkit/source_scripts/Invoke-ps2exe.ps1,EXCLUDED_LEGACY_OR_SITE_WORKFLOW_SEE_REPORT,,d4c046573b836f26a980cf8de75c3316b01beeefe06d93eddf66a0559857e016
ections for the tools.zip,windows_script_toolkit/source_scripts/Launch_OneNote.ps1,EXCLUDED_LEGACY_OR_SITE_WORKFLOW_SEE_REPORT,,fe3a242b6e30e8c4a13f2c76f1fe1945be021a85ba5f27eb20d0d53740e07a6b
ections for the tools.zip,windows_script_toolkit/source_scripts/Master Audit & Smart-Skip.ps1,PRESENT_EXACT,Windows/Scripts/Documentation/Master-Audit-Smart-Skip.ps1,45befdba28bc3f6845b48a676eb05effc342fb8e4073db54542b61248c5d96d5
ections for the tools.zip,windows_script_toolkit/source_scripts/master_onenote_importer.ps1,PRESENT_EXACT,Windows/Scripts/Documentation/Master-OneNote-Importer.ps1,96b28823ac0b686e163b3efdd7efdec6322c4d313c65234f9d9c398d5ee9bf2f
ections for the tools.zip,windows_script_toolkit/source_scripts/move_to_onenote.ps1,EXCLUDED_LEGACY_OR_SITE_WORKFLOW_SEE_REPORT,,1873760c7cf433f889a11e329e76d937c260bb20737c130b4e32f638cf590f53
ections for the tools.zip,windows_script_toolkit/source_scripts/move_to_onenote_2.ps1,EXCLUDED_LEGACY_OR_SITE_WORKFLOW_SEE_REPORT,,136bb9491bc9ba761c1df2bd690fa57f10493ac7896bb99055be961b440acf78
ections for the tools.zip,windows_script_toolkit/source_scripts/move_to_onenote_selfcheck.ps1,EXCLUDED_LEGACY_OR_SITE_WORKFLOW_SEE_REPORT,,a55f8340e9c2a56c2d784ff9148ca23bc9462f24f584bcf64d091f191122ecb1
ections for the tools.zip,windows_script_toolkit/source_scripts/sortdoc.ps1,EXCLUDED_LEGACY_OR_SITE_WORKFLOW_SEE_REPORT,,1f0f3ee0aa289cd9760d6946002fcbd242a11da225151b707e7dad1952553359
ections for the tools.zip,windows_script_toolkit/source_scripts/The Network Access Script.ps1,EXCLUDED_LEGACY_OR_SITE_WORKFLOW_SEE_REPORT,,254666371cf5f4c2773c05173065d4020354958a3cd0968015c4ab27f83a00d0
ections for the tools.zip,new_computer_setup/ccsetup_online_setup.exe,PRESENT_EXACT,Windows/Resources/NewComputerSetup/ccsetup_online_setup.exe,458e4983ab704f8a4a13bbfa7de0e7bfd45851e7be2086fc4e2e35d1993806a4
ections for the tools.zip,new_computer_setup/MBSetup-8.8.exe,PRESENT_EXACT,Windows/Resources/NewComputerSetup/MBSetup-8.8.exe,918a02c8513e819b011ea79ffb5f0a87ddcf1ab108a37efd5959c350fe0e68e4
ections for the tools.zip,new_computer_setup/Win11Debloat-master.zip,EXCLUDED_NESTED_ARCHIVE_DUPLICATE,,ec8444abcbdb5cad925b87d187c755454b6b6781e6804f884f7b1af30df89e59
ections for the tools.zip,new_computer_setup/winutil-main.zip,EXCLUDED_NESTED_ARCHIVE_DUPLICATE,,287f0ca1ee7fbff34d5c86716e448a03b55f09601143790421e8602fdb9fc24f
ections for the tools.zip,new_computer_setup/Win11Debloat-master/Win11Debloat-master/.gitignore,PRESENT_EXACT,Windows/Resources/NewComputerSetup/Win11Debloat-master/Win11Debloat-master/.gitignore,d58ec19aa81cbfee9afe3fc0f88ea801982a7034a78e0f709222baa85ae3e960
ections for the tools.zip,new_computer_setup/Win11Debloat-master/Win11Debloat-master/LICENSE,PRESENT_EXACT,Windows/Resources/NewComputerSetup/Win11Debloat-master/Win11Debloat-master/LICENSE,22e6feacbf3cf84858d5b4b7f3355ccfbe7be6a8c633a41407ab41d0f0a8b4b8
ections for the tools.zip,new_computer_setup/Win11Debloat-master/Win11Debloat-master/README.md,PRESENT_EXACT,Windows/Resources/NewComputerSetup/Win11Debloat-master/Win11Debloat-master/README.md,4ce9495a3dde43234d9132fa9aa3ff1b4bdf1ef9f2a9fdf3682697a0a74c9791
ections for the tools.zip,new_computer_setup/Win11Debloat-master/Win11Debloat-master/Run.bat,PRESENT_EXACT,Windows/Resources/NewComputerSetup/Win11Debloat-master/Win11Debloat-master/Run.bat,3c0e42dc17b901dea7ecef460f5763240b99a3d7f955c428862dacc8e895c4eb
ections for the tools.zip,new_computer_setup/Win11Debloat-master/Win11Debloat-master/Win11Debloat.ps1,PRESENT_EXACT,Windows/Resources/NewComputerSetup/Win11Debloat-master/Win11Debloat-master/Win11Debloat.ps1,1ace81fc73c227f403d8f20a86d7eb0fa7f34985a017379bf141e04941d2caad
ections for the tools.zip,new_computer_setup/Win11Debloat-master/Win11Debloat-master/.github/CONTRIBUTING.md,PRESENT_EXACT,Windows/Resources/NewComputerSetup/Win11Debloat-master/Win11Debloat-master/.github/CONTRIBUTING.md,2a0e403195d5b7a757f7947f481b7a97a8d8e1760e185d354a961f521eddd91c
ections for the tools.zip,new_computer_setup/Win11Debloat-master/Win11Debloat-master/.github/FUNDING.yml,PRESENT_EXACT,Windows/Resources/NewComputerSetup/Win11Debloat-master/Win11Debloat-master/.github/FUNDING.yml,2230ea5712492396fe26c35023d05b560213b19c8247ae6289f3fe6663c088ce
ections for the tools.zip,new_computer_setup/Win11Debloat-master/Win11Debloat-master/.github/ISSUE_TEMPLATE/bug_report.yml,PRESENT_EXACT,Windows/Resources/NewComputerSetup/Win11Debloat-master/Win11Debloat-master/.github/ISSUE_TEMPLATE/bug_report.yml,bf995b05285d1e07cdeb934fd2debb6e2f0b8ca165e246e9503a6964b9bd184f
ections for the tools.zip,new_computer_setup/Win11Debloat-master/Win11Debloat-master/.github/ISSUE_TEMPLATE/config.yml,PRESENT_EXACT,Windows/Resources/NewComputerSetup/Win11Debloat-master/Win11Debloat-master/.github/ISSUE_TEMPLATE/config.yml,28fbe08c02b06809686a37cce1193b3022319b20193365711fc990f2dd80e90d
ections for the tools.zip,new_computer_setup/Win11Debloat-master/Win11Debloat-master/.github/ISSUE_TEMPLATE/feature_request.yml,PRESENT_EXACT,Windows/Resources/NewComputerSetup/Win11Debloat-master/Win11Debloat-master/.github/ISSUE_TEMPLATE/feature_request.yml,b0c914f1b6e47c174320fb69dc142987eb6f6a1d891591908136c5a54f7db304
ections for the tools.zip,new_computer_setup/Win11Debloat-master/Win11Debloat-master/.github/workflows/tests.yml,PRESENT_EXACT,Windows/Resources/NewComputerSetup/Win11Debloat-master/Win11Debloat-master/.github/workflows/tests.yml,08cfd0b6fa359e116d9b0d6be40c94f4c9bac1fd16de39ec24a1c0c9fc3635d3
ections for the tools.zip,new_computer_setup/Win11Debloat-master/Win11Debloat-master/Assets/Images/menu.png,PRESENT_EXACT,Windows/Resources/NewComputerSetup/Win11Debloat-master/Win11Debloat-master/Assets/Images/menu.png,2c05039021e5df4e988311c0ce6232bca2e798a670167f8290b2e0a048503f7e
ections for the tools.zip,new_computer_setup/Win11Debloat-master/Win11Debloat-master/Assets/Start/start2.bin,PRESENT_EXACT,Windows/Resources/NewComputerSetup/Win11Debloat-master/Win11Debloat-master/Assets/Start/start2.bin,2378a237691508b6bfe78aae3b8c54d626f230d00bfc888213868c02ec81ee65
ections for the tools.zip,new_computer_setup/Win11Debloat-master/Win11Debloat-master/Assets/Start/What is this file.txt,PRESENT_EXACT,Windows/Resources/NewComputerSetup/Win11Debloat-master/Win11Debloat-master/Assets/Start/What is this file.txt,7f86b1f1076e4edfd98c47d9c2a4631c75d85aa33124ead0c51033d2dd237cb4
ections for the tools.zip,new_computer_setup/Win11Debloat-master/Win11Debloat-master/Backups/Win11Debloat-RegistryBackup-20260829_122930.json,EXCLUDED_PREVIOUS_RUN_OUTPUT,,52a71efe6a8927d107e2b4aaf481ca7ef914bf49917af9c06a271e244e5a193e
ections for the tools.zip,new_computer_setup/Win11Debloat-master/Win11Debloat-master/Config/Apps.json,PRESENT_EXACT,Windows/Resources/NewComputerSetup/Win11Debloat-master/Win11Debloat-master/Config/Apps.json,acef5d6f67a6ab62f96205c84e7fe365d025732c7ba8ba6bc91490ece5b1121b
ections for the tools.zip,new_computer_setup/Win11Debloat-master/Win11Debloat-master/Config/DefaultSettings.json,PRESENT_EXACT,Windows/Resources/NewComputerSetup/Win11Debloat-master/Win11Debloat-master/Config/DefaultSettings.json,af3523ffa2ecb1eec80c7a3e3aba3a5891f80e81e01ca5df950dab23532cb862
ections for the tools.zip,new_computer_setup/Win11Debloat-master/Win11Debloat-master/Config/Features.json,PRESENT_EXACT,Windows/Resources/NewComputerSetup/Win11Debloat-master/Win11Debloat-master/Config/Features.json,572eeebbb4ca8273c7846cb2df0647d176d3538afcac99dea238b86fc445ea43
ections for the tools.zip,new_computer_setup/Win11Debloat-master/Win11Debloat-master/Config/LastUsedSettings.json,EXCLUDED_PREVIOUS_RUN_OUTPUT,,71a7437c9a7565490d4eb76274675b15b4f2de3d03603c94f8606b3ef820f83b
ections for the tools.zip,new_computer_setup/Win11Debloat-master/Win11Debloat-master/Logs/Win11Debloat.log,EXCLUDED_PREVIOUS_RUN_OUTPUT,,1ebbd6483091fa83e022aa7289b9887f5c4756a4ffd26b945aa0faca131be217
ections for the tools.zip,new_computer_setup/Win11Debloat-master/Win11Debloat-master/Regfiles/Add_All_Folders_Under_This_PC.reg,PRESENT_EXACT,Windows/Resources/NewComputerSetup/Win11Debloat-master/Win11Debloat-master/Regfiles/Add_All_Folders_Under_This_PC.reg;Windows/Resources/NewComputerSetup/Win11Debloat-master/Win11Debloat-master/Regfiles/Sysprep/Add_All_Folders_Under_This_PC.reg,1ba445588abbdb83f34afd75fb342a948b235c98d70aa8400d7a8e78fd108185
ections for the tools.zip,new_computer_setup/Win11Debloat-master/Win11Debloat-master/Regfiles/Align_Taskbar_Left.reg,PRESENT_EXACT,Windows/Resources/NewComputerSetup/Win11Debloat-master/Win11Debloat-master/Regfiles/Align_Taskbar_Left.reg,f94b4247c21de0e276b4f91393dc4e4bdabe57c7c28680be020167638e1e5d79
ections for the tools.zip,new_computer_setup/Win11Debloat-master/Win11Debloat-master/Regfiles/Combine_MMTaskbar_Always.reg,PRESENT_EXACT,Windows/Resources/NewComputerSetup/Win11Debloat-master/Win11Debloat-master/Regfiles/Combine_MMTaskbar_Always.reg,572352a51d24dc713aeec199325cd20fe26742c2451b1fc35af26c404e8aa069
ections for the tools.zip,new_computer_setup/Win11Debloat-master/Win11Debloat-master/Regfiles/Combine_MMTaskbar_Never.reg,PRESENT_EXACT,Windows/Resources/NewComputerSetup/Win11Debloat-master/Win11Debloat-master/Regfiles/Combine_MMTaskbar_Never.reg,ae1f2c3d92c06cea778a23df9f80c9cbd3ea801a880a0980e0ce2e29b5235827
ections for the tools.zip,new_computer_setup/Win11Debloat-master/Win11Debloat-master/Regfiles/Combine_MMTaskbar_When_Full.reg,PRESENT_EXACT,Windows/Resources/NewComputerSetup/Win11Debloat-master/Win11Debloat-master/Regfiles/Combine_MMTaskbar_When_Full.reg,a1c19db92d4bd05f2addaeb5f93c5293db25cd6d637c9427d36677a228652924
ections for the tools.zip,new_computer_setup/Win11Debloat-master/Win11Debloat-master/Regfiles/Combine_Taskbar_Always.reg,PRESENT_EXACT,Windows/Resources/NewComputerSetup/Win11Debloat-master/Win11Debloat-master/Regfiles/Combine_Taskbar_Always.reg,e5bcc8b79d12cab5d3d09fc451927ce099e75283cc5aeaa045860c6400017666
ections for the tools.zip,new_computer_setup/Win11Debloat-master/Win11Debloat-master/Regfiles/Combine_Taskbar_Never.reg,PRESENT_EXACT,Windows/Resources/NewComputerSetup/Win11Debloat-master/Win11Debloat-master/Regfiles/Combine_Taskbar_Never.reg,e22c0105c14866baddfcab1461cba34feffdf71751e2a162080fc447f06b79c3
ections for the tools.zip,new_computer_setup/Win11Debloat-master/Win11Debloat-master/Regfiles/Combine_Taskbar_When_Full.reg,PRESENT_EXACT,Windows/Resources/NewComputerSetup/Win11Debloat-master/Win11Debloat-master/Regfiles/Combine_Taskbar_When_Full.reg,c59c4077eb2dd3e32468e053b1a325bdda69119284974f18478876382abc0e60
ections for the tools.zip,new_computer_setup/Win11Debloat-master/Win11Debloat-master/Regfiles/Disable_AI_Recall.reg,PRESENT_EXACT,Windows/Resources/NewComputerSetup/Win11Debloat-master/Win11Debloat-master/Regfiles/Disable_AI_Recall.reg,7f5c62a6394a75d4b7c881535e94f7e61d3391cdde0db87b45c11e6cfe9676af
ections for the tools.zip,new_computer_setup/Win11Debloat-master/Win11Debloat-master/Regfiles/Disable_AI_Service_Auto_Start.reg,PRESENT_EXACT,Windows/Resources/NewComputerSetup/Win11Debloat-master/Win11Debloat-master/Regfiles/Disable_AI_Service_Auto_Start.reg;Windows/Resources/NewComputerSetup/Win11Debloat-master/Win11Debloat-master/Regfiles/Sysprep/Disable_AI_Service_Auto_Start.reg,d153db56b2bbd005af47fd30a0a102f7f779324f237fdf086883ddc305594140
ections for the tools.zip,new_computer_setup/Win11Debloat-master/Win11Debloat-master/Regfiles/Disable_Animations.reg,PRESENT_EXACT,Windows/Resources/NewComputerSetup/Win11Debloat-master/Win11Debloat-master/Regfiles/Disable_Animations.reg,bd35767f0cc662d29bed3c01e0ce1b13fcebcc4ac578fd5665d59befb2dd2380
ections for the tools.zip,new_computer_setup/Win11Debloat-master/Win11Debloat-master/Regfiles/Disable_Bing_Cortana_In_Search.reg,PRESENT_EXACT,Windows/Resources/NewComputerSetup/Win11Debloat-master/Win11Debloat-master/Regfiles/Disable_Bing_Cortana_In_Search.reg,d247168a918bf379bedcbb7fd2e7e42b2a6877875e107e68562ca2c7cc54ac84
ections for the tools.zip,new_computer_setup/Win11Debloat-master/Win11Debloat-master/Regfiles/Disable_Bitlocker_Auto_Encryption.reg,PRESENT_EXACT,Windows/Resources/NewComputerSetup/Win11Debloat-master/Win11Debloat-master/Regfiles/Disable_Bitlocker_Auto_Encryption.reg;Windows/Resources/NewComputerSetup/Win11Debloat-master/Win11Debloat-master/Regfiles/Sysprep/Disable_Bitlocker_Auto_Encryption.reg,efb411e654bc02de30d76fe22d3fa21398e2eb361d344ff2fae2614ab9b1bc83
ections for the tools.zip,new_computer_setup/Win11Debloat-master/Win11Debloat-master/Regfiles/Disable_Brave_Bloat.reg,PRESENT_EXACT,Windows/Resources/NewComputerSetup/Win11Debloat-master/Win11Debloat-master/Regfiles/Disable_Brave_Bloat.reg;Windows/Resources/NewComputerSetup/Win11Debloat-master/Win11Debloat-master/Regfiles/Sysprep/Disable_Brave_Bloat.reg,2c8504174f124cf6cecda8332694282629b0c723239c622067ae0366813192d8
ections for the tools.zip,new_computer_setup/Win11Debloat-master/Win11Debloat-master/Regfiles/Disable_Chat_Taskbar.reg,PRESENT_EXACT,Windows/Resources/NewComputerSetup/Win11Debloat-master/Win11Debloat-master/Regfiles/Disable_Chat_Taskbar.reg,1de8b10b81c5c5b6191ec949d93c47a35168cacc340c90db8fa521c4dfbe6a8a
ections for the tools.zip,new_computer_setup/Win11Debloat-master/Win11Debloat-master/Regfiles/Disable_Click_to_Do.reg,PRESENT_EXACT,Windows/Resources/NewComputerSetup/Win11Debloat-master/Win11Debloat-master/Regfiles/Disable_Click_to_Do.reg,f5d5dcfd9c55d0fb50c1c9cf964c044bd95ea468e31b23be37e2694ed02e411c
ections for the tools.zip,new_computer_setup/Win11Debloat-master/Win11Debloat-master/Regfiles/Disable_Copilot.reg,PRESENT_EXACT,Windows/Resources/NewComputerSetup/Win11Debloat-master/Win11Debloat-master/Regfiles/Disable_Copilot.reg,dc742a4f908907b2206408cde3c46ede2fc02ab5662bc62b91d8da0ecfe3f88d
ections for the tools.zip,new_computer_setup/Win11Debloat-master/Win11Debloat-master/Regfiles/Disable_Delivery_Optimization.reg,PRESENT_EXACT,Windows/Resources/NewComputerSetup/Win11Debloat-master/Win11Debloat-master/Regfiles/Disable_Delivery_Optimization.reg;Windows/Resources/NewComputerSetup/Win11Debloat-master/Win11Debloat-master/Regfiles/Sysprep/Disable_Delivery_Optimization.reg,54028dab9b1ab7437f91304959f17f13af2e6a9206d435ce515c6e27b6b1547b
ections for the tools.zip,new_computer_setup/Win11Debloat-master/Win11Debloat-master/Regfiles/Disable_Desktop_Spotlight.reg,PRESENT_EXACT,Windows/Resources/NewComputerSetup/Win11Debloat-master/Win11Debloat-master/Regfiles/Disable_Desktop_Spotlight.reg,a49b6c74b71fb0129accaaab6b083d588202f9d099eab1d00591bba60fd9b173
ections for the tools.zip,new_computer_setup/Win11Debloat-master/Win11Debloat-master/Regfiles/Disable_Device_Auto_App_Download.reg,PRESENT_EXACT,Windows/Resources/NewComputerSetup/Win11Debloat-master/Win11Debloat-master/Regfiles/Disable_Device_Auto_App_Download.reg;Windows/Resources/NewComputerSetup/Win11Debloat-master/Win11Debloat-master/Regfiles/Sysprep/Disable_Device_Auto_App_Download.reg,5a7a105241ae0b2137a9365e51d3f63786c7f6ac1ce0b01fc990b51a9a750947
ections for the tools.zip,new_computer_setup/Win11Debloat-master/Win11Debloat-master/Regfiles/Disable_DVR.reg,PRESENT_EXACT,Windows/Resources/NewComputerSetup/Win11Debloat-master/Win11Debloat-master/Regfiles/Disable_DVR.reg,7b67dfcb226bf50bb7dd61be981fb54a08a47be2efda89765fad1c88bc56afe6
ections for the tools.zip,new_computer_setup/Win11Debloat-master/Win11Debloat-master/Regfiles/Disable_Edge_Ads_And_Suggestions.reg,PRESENT_EXACT,Windows/Resources/NewComputerSetup/Win11Debloat-master/Win11Debloat-master/Regfiles/Disable_Edge_Ads_And_Suggestions.reg;Windows/Resources/NewComputerSetup/Win11Debloat-master/Win11Debloat-master/Regfiles/Sysprep/Disable_Edge_Ads_And_Suggestions.reg,4d94e0b11b20fe8ba3870f407a708af87e34b1ab1397b342ef2f63c622f8c2c2
ections for the tools.zip,new_computer_setup/Win11Debloat-master/Win11Debloat-master/Regfiles/Disable_Edge_AI_Features.reg,PRESENT_EXACT,Windows/Resources/NewComputerSetup/Win11Debloat-master/Win11Debloat-master/Regfiles/Disable_Edge_AI_Features.reg;Windows/Resources/NewComputerSetup/Win11Debloat-master/Win11Debloat-master/Regfiles/Sysprep/Disable_Edge_AI_Features.reg,ff0e5e22c97513a6658c678f7b81a0d87f709243feb21d387ee2f503191b49d7
ections for the tools.zip,new_computer_setup/Win11Debloat-master/Win11Debloat-master/Regfiles/Disable_Enhance_Pointer_Precision.reg,PRESENT_EXACT,Windows/Resources/NewComputerSetup/Win11Debloat-master/Win11Debloat-master/Regfiles/Disable_Enhance_Pointer_Precision.reg,cd8cfe6ac1a77681210b39bd85e670f88dc51a5911547540480902745e289c8e
ections for the tools.zip,new_computer_setup/Win11Debloat-master/Win11Debloat-master/Regfiles/Disable_Fast_Startup.reg,PRESENT_EXACT,Windows/Resources/NewComputerSetup/Win11Debloat-master/Win11Debloat-master/Regfiles/Disable_Fast_Startup.reg;Windows/Resources/NewComputerSetup/Win11Debloat-master/Win11Debloat-master/Regfiles/Sysprep/Disable_Fast_Startup.reg,ba8ac3589193fcaaa26ff5a88fdb4ccf973c7a64dec28b727cf5e2677a80b67c
ections for the tools.zip,new_computer_setup/Win11Debloat-master/Win11Debloat-master/Regfiles/Disable_Find_My_Device.reg,PRESENT_EXACT,Windows/Resources/NewComputerSetup/Win11Debloat-master/Win11Debloat-master/Regfiles/Disable_Find_My_Device.reg;Windows/Resources/NewComputerSetup/Win11Debloat-master/Win11Debloat-master/Regfiles/Sysprep/Disable_Find_My_Device.reg,b100f8876be8efec490891c90ec04d10a3f0d677da102fdfc917ccf575383fbb
ections for the tools.zip,new_computer_setup/Win11Debloat-master/Win11Debloat-master/Regfiles/Disable_Game_Bar_Integration.reg,PRESENT_EXACT,Windows/Resources/NewComputerSetup/Win11Debloat-master/Win11Debloat-master/Regfiles/Disable_Game_Bar_Integration.reg,a39888ca0313cc0b8b04d2841dbe78faf6d53d6213dcec338d1e112ead9f7e9d
ections for the tools.zip,new_computer_setup/Win11Debloat-master/Win11Debloat-master/Regfiles/Disable_Give_access_to_context_menu.reg,PRESENT_EXACT,Windows/Resources/NewComputerSetup/Win11Debloat-master/Win11Debloat-master/Regfiles/Disable_Give_access_to_context_menu.reg;Windows/Resources/NewComputerSetup/Win11Debloat-master/Win11Debloat-master/Regfiles/Sysprep/Disable_Give_access_to_context_menu.reg,88fb1f6b2d32097b34c86a1340adf4fd4a5b39feec2eb1822f65d734f80b4834
ections for the tools.zip,new_computer_setup/Win11Debloat-master/Win11Debloat-master/Regfiles/Disable_Include_in_library_from_context_menu.reg,PRESENT_EXACT,Windows/Resources/NewComputerSetup/Win11Debloat-master/Win11Debloat-master/Regfiles/Disable_Include_in_library_from_context_menu.reg;Windows/Resources/NewComputerSetup/Win11Debloat-master/Win11Debloat-master/Regfiles/Sysprep/Disable_Include_in_library_from_context_menu.reg,80a78262a8bd6607eea59be652855a9985cf94759588295883f3dad34c4ee9a3
ections for the tools.zip,new_computer_setup/Win11Debloat-master/Win11Debloat-master/Regfiles/Disable_Location_Services.reg,PRESENT_EXACT,Windows/Resources/NewComputerSetup/Win11Debloat-master/Win11Debloat-master/Regfiles/Disable_Location_Services.reg;Windows/Resources/NewComputerSetup/Win11Debloat-master/Win11Debloat-master/Regfiles/Sysprep/Disable_Location_Services.reg,9c09d489e019425d0da82c0bd9eddea3ee6aa4a9f2f4ebf8298fc32aaa5611dd
ections for the tools.zip,new_computer_setup/Win11Debloat-master/Win11Debloat-master/Regfiles/Disable_Lockscreen_Tips.reg,PRESENT_EXACT,Windows/Resources/NewComputerSetup/Win11Debloat-master/Win11Debloat-master/Regfiles/Disable_Lockscreen_Tips.reg,b44b7100e1a2cf08f0ad80e955907d0931cc808d7fdc6879a47294f1da9689ec
ections for the tools.zip,new_computer_setup/Win11Debloat-master/Win11Debloat-master/Regfiles/Disable_Modern_Standby_Networking.reg,PRESENT_EXACT,Windows/Resources/NewComputerSetup/Win11Debloat-master/Win11Debloat-master/Regfiles/Disable_Modern_Standby_Networking.reg;Windows/Resources/NewComputerSetup/Win11Debloat-master/Win11Debloat-master/Regfiles/Sysprep/Disable_Modern_Standby_Networking.reg,391d75c0f01edae5c0cb0adc3e0030fb70b7ddf048489bf9a5965c9d17f1e722
ections for the tools.zip,new_computer_setup/Win11Debloat-master/Win11Debloat-master/Regfiles/Disable_Notepad_AI_Features.reg,PRESENT_EXACT,Windows/Resources/NewComputerSetup/Win11Debloat-master/Win11Debloat-master/Regfiles/Disable_Notepad_AI_Features.reg;Windows/Resources/NewComputerSetup/Win11Debloat-master/Win11Debloat-master/Regfiles/Sysprep/Disable_Notepad_AI_Features.reg,fcfe2894c9f9624044fadfe9752e2d4f05146407b32e876f78507d3e6d800c4d
ections for the tools.zip,new_computer_setup/Win11Debloat-master/Win11Debloat-master/Regfiles/Disable_Notifications.reg,PRESENT_EXACT,Windows/Resources/NewComputerSetup/Win11Debloat-master/Win11Debloat-master/Regfiles/Disable_Notifications.reg,2aa87a07e0f79fd03393797d61276687c8dfe8f8097094a93f03d5ebdfc50ca6
ections for the tools.zip,new_computer_setup/Win11Debloat-master/Win11Debloat-master/Regfiles/Disable_Paint_AI_Features.reg,PRESENT_EXACT,Windows/Resources/NewComputerSetup/Win11Debloat-master/Win11Debloat-master/Regfiles/Disable_Paint_AI_Features.reg;Windows/Resources/NewComputerSetup/Win11Debloat-master/Win11Debloat-master/Regfiles/Sysprep/Disable_Paint_AI_Features.reg,3d70eff5a7c977227978f48deaade6c49fa40342ebc10cd942af18edef6b7eef
ections for the tools.zip,new_computer_setup/Win11Debloat-master/Win11Debloat-master/Regfiles/Disable_Phone_Link_In_Start.reg,PRESENT_EXACT,Windows/Resources/NewComputerSetup/Win11Debloat-master/Win11Debloat-master/Regfiles/Disable_Phone_Link_In_Start.reg,d3d310ef3ec9aa1adfdd96b9ffebe51ab423215f99a6e5edc13494185bc87dbf
ections for the tools.zip,new_computer_setup/Win11Debloat-master/Win11Debloat-master/Regfiles/Disable_Search_Highlights.reg,PRESENT_EXACT,Windows/Resources/NewComputerSetup/Win11Debloat-master/Win11Debloat-master/Regfiles/Disable_Search_Highlights.reg,a35cfde32f69aea01db9ccc766a158b5b9268e3158f0c7e70c48e07b2c07623e
ections for the tools.zip,new_computer_setup/Win11Debloat-master/Win11Debloat-master/Regfiles/Disable_Search_History.reg,PRESENT_EXACT,Windows/Resources/NewComputerSetup/Win11Debloat-master/Win11Debloat-master/Regfiles/Disable_Search_History.reg,34a075ef76853f2e42221033fbf0992b352731c1d4c9890f7550e2c5b5aaa36b
ections for the tools.zip,new_computer_setup/Win11Debloat-master/Win11Debloat-master/Regfiles/Disable_Settings_365_Ads.reg,PRESENT_EXACT,Windows/Resources/NewComputerSetup/Win11Debloat-master/Win11Debloat-master/Regfiles/Disable_Settings_365_Ads.reg;Windows/Resources/NewComputerSetup/Win11Debloat-master/Win11Debloat-master/Regfiles/Sysprep/Disable_Settings_365_Ads.reg,aeef35cb4b9f71e8e1e8276c620ba37585be191d9d0726448e82eaf349a77546
ections for the tools.zip,new_computer_setup/Win11Debloat-master/Win11Debloat-master/Regfiles/Disable_Settings_Home.reg,PRESENT_EXACT,Windows/Resources/NewComputerSetup/Win11Debloat-master/Win11Debloat-master/Regfiles/Disable_Settings_Home.reg;Windows/Resources/NewComputerSetup/Win11Debloat-master/Win11Debloat-master/Regfiles/Sysprep/Disable_Settings_Home.reg,a4a0e091b1e10bff0dcead0df3e73cb579fa92da3b3154b36a5ae1a74e859cd6
ections for the tools.zip,new_computer_setup/Win11Debloat-master/Win11Debloat-master/Regfiles/Disable_Share_Drag_Tray.reg,PRESENT_EXACT,Windows/Resources/NewComputerSetup/Win11Debloat-master/Win11Debloat-master/Regfiles/Disable_Share_Drag_Tray.reg,4a72a0f78b8b16b1d2b5b83081bcb1ed6871fc662f77067756f746a9e817fb34
ections for the tools.zip,new_computer_setup/Win11Debloat-master/Win11Debloat-master/Regfiles/Disable_Share_from_context_menu.reg,PRESENT_EXACT,Windows/Resources/NewComputerSetup/Win11Debloat-master/Win11Debloat-master/Regfiles/Disable_Share_from_context_menu.reg;Windows/Resources/NewComputerSetup/Win11Debloat-master/Win11Debloat-master/Regfiles/Sysprep/Disable_Share_from_context_menu.reg,044b927474d977a14886176f36beb7291cf06a3524e3ba27af321f2e6fa87acc
ections for the tools.zip,new_computer_setup/Win11Debloat-master/Win11Debloat-master/Regfiles/Disable_Show_More_Options_Context_Menu.reg,PRESENT_EXACT,Windows/Resources/NewComputerSetup/Win11Debloat-master/Win11Debloat-master/Regfiles/Disable_Show_More_Options_Context_Menu.reg,4f80fe56a481bdc553047981fe231b1eeafdf39295f033a8b11ecf93d8131381
ections for the tools.zip,new_computer_setup/Win11Debloat-master/Win11Debloat-master/Regfiles/Disable_Snap_Assist.reg,PRESENT_EXACT,Windows/Resources/NewComputerSetup/Win11Debloat-master/Win11Debloat-master/Regfiles/Disable_Snap_Assist.reg,94951ac1867d6eaee60a312a12881c1e6c1fa635a783f5ec7582d1836b03f538
ections for the tools.zip,new_computer_setup/Win11Debloat-master/Win11Debloat-master/Regfiles/Disable_Snap_Layouts.reg,PRESENT_EXACT,Windows/Resources/NewComputerSetup/Win11Debloat-master/Win11Debloat-master/Regfiles/Disable_Snap_Layouts.reg,2881b894c46486cbf427b6049a49739f3af4e636de6a1012c30bdd92bf50caae
ections for the tools.zip,new_computer_setup/Win11Debloat-master/Win11Debloat-master/Regfiles/Disable_Start_All_Apps.reg,PRESENT_EXACT,Windows/Resources/NewComputerSetup/Win11Debloat-master/Win11Debloat-master/Regfiles/Disable_Start_All_Apps.reg,9bd61eb8097578aaf901941cc2196bc0a41b6d558056ff9c820067dcbbd05c8e
ections for the tools.zip,new_computer_setup/Win11Debloat-master/Win11Debloat-master/Regfiles/Disable_Start_Recommended.reg,PRESENT_EXACT,Windows/Resources/NewComputerSetup/Win11Debloat-master/Win11Debloat-master/Regfiles/Disable_Start_Recommended.reg,80e8b57e63707297e24cc75a0dab2707bd1ccd5425100d9636407d8f1fdb903f
ections for the tools.zip,new_computer_setup/Win11Debloat-master/Win11Debloat-master/Regfiles/Disable_Sticky_Keys_Shortcut.reg,PRESENT_EXACT,Windows/Resources/NewComputerSetup/Win11Debloat-master/Win11Debloat-master/Regfiles/Disable_Sticky_Keys_Shortcut.reg,af3d002f5fe0ad3e71abf6281849258efeca6ecbc9dc9fee350a7a380f2c3cc2
ections for the tools.zip,new_computer_setup/Win11Debloat-master/Win11Debloat-master/Regfiles/Disable_Storage_Sense.reg,PRESENT_EXACT,Windows/Resources/NewComputerSetup/Win11Debloat-master/Win11Debloat-master/Regfiles/Disable_Storage_Sense.reg,96318ed2cc69aadac25f22344afed1ec8c21b54c0d99fe997a9ab53de5cebaae
ections for the tools.zip,new_computer_setup/Win11Debloat-master/Win11Debloat-master/Regfiles/Disable_Telemetry.reg,PRESENT_EXACT,Windows/Resources/NewComputerSetup/Win11Debloat-master/Win11Debloat-master/Regfiles/Disable_Telemetry.reg,943d1348671c7c0b37f0cf13359113190fb012da4d0253cbf7f839b5d439caec
ections for the tools.zip,new_computer_setup/Win11Debloat-master/Win11Debloat-master/Regfiles/Disable_Transparency.reg,PRESENT_EXACT,Windows/Resources/NewComputerSetup/Win11Debloat-master/Win11Debloat-master/Regfiles/Disable_Transparency.reg,1da2e2beda9ff19052cdc94293d6f7a6ae3993c45fa17de46277e6fc23d0815d
ections for the tools.zip,new_computer_setup/Win11Debloat-master/Win11Debloat-master/Regfiles/Disable_Update_ASAP.reg,PRESENT_EXACT,Windows/Resources/NewComputerSetup/Win11Debloat-master/Win11Debloat-master/Regfiles/Disable_Update_ASAP.reg;Windows/Resources/NewComputerSetup/Win11Debloat-master/Win11Debloat-master/Regfiles/Sysprep/Disable_Update_ASAP.reg,0cef7e67c9c59407c81f25c637a0e5d51a3cd7ab7c0f800157b3281ac399f4fb
ections for the tools.zip,new_computer_setup/Win11Debloat-master/Win11Debloat-master/Regfiles/Disable_Windows_Suggestions.reg,PRESENT_EXACT,Windows/Resources/NewComputerSetup/Win11Debloat-master/Win11Debloat-master/Regfiles/Disable_Windows_Suggestions.reg,6db962db6da06045b60c9d4561f1151b5bfb0d2b14af6171c57e889f16be715b
ections for the tools.zip,new_computer_setup/Win11Debloat-master/Win11Debloat-master/Regfiles/Disable_Window_Snapping.reg,PRESENT_EXACT,Windows/Resources/NewComputerSetup/Win11Debloat-master/Win11Debloat-master/Regfiles/Disable_Window_Snapping.reg,162132b2e8f2cbd32cc27e7464790b12de3a1d0360e2239d89ee526b9c94c2aa
ections for the tools.zip,new_computer_setup/Win11Debloat-master/Win11Debloat-master/Regfiles/Enable_Dark_Mode.reg,PRESENT_EXACT,Windows/Resources/NewComputerSetup/Win11Debloat-master/Win11Debloat-master/Regfiles/Enable_Dark_Mode.reg,8960ca278b878a45a2e6d5e61b4ee63364e2f864c2d2b0ef84ad9914433ea6a8
ections for the tools.zip,new_computer_setup/Win11Debloat-master/Win11Debloat-master/Regfiles/Enable_Desktop_Spotlight.reg,PRESENT_EXACT,Windows/Resources/NewComputerSetup/Win11Debloat-master/Win11Debloat-master/Regfiles/Enable_Desktop_Spotlight.reg;Windows/Resources/NewComputerSetup/Win11Debloat-master/Win11Debloat-master/Regfiles/Undo/Enable_Desktop_Spotlight.reg,9d5b582c4d3ac84327b153e63a41c98774c73393a365ac064c017f573db91059
ections for the tools.zip,new_computer_setup/Win11Debloat-master/Win11Debloat-master/Regfiles/Enable_End_Task.reg,PRESENT_EXACT,Windows/Resources/NewComputerSetup/Win11Debloat-master/Win11Debloat-master/Regfiles/Enable_End_Task.reg,21e53b7b6786d199e63e18e8e612bb7bc8fa7dc673d171f1af0934ef030777cb
ections for the tools.zip,new_computer_setup/Win11Debloat-master/Win11Debloat-master/Regfiles/Enable_Last_Active_Click.reg,PRESENT_EXACT,Windows/Resources/NewComputerSetup/Win11Debloat-master/Win11Debloat-master/Regfiles/Enable_Last_Active_Click.reg,46ade8ebc36771b25955010888f05275c6b4a1563f236c65f53a2746e654a265
ections for the tools.zip,new_computer_setup/Win11Debloat-master/Win11Debloat-master/Regfiles/Hide_3D_Objects_Folder.reg,PRESENT_EXACT,Windows/Resources/NewComputerSetup/Win11Debloat-master/Win11Debloat-master/Regfiles/Hide_3D_Objects_Folder.reg;Windows/Resources/NewComputerSetup/Win11Debloat-master/Win11Debloat-master/Regfiles/Sysprep/Hide_3D_Objects_Folder.reg,b8a7f7def95349d2b78763e4776ba131b0975e10406363f2b73d040576c76d8c
ections for the tools.zip,new_computer_setup/Win11Debloat-master/Win11Debloat-master/Regfiles/Hide_Desktop_Spotlight_Icon.reg,PRESENT_EXACT,Windows/Resources/NewComputerSetup/Win11Debloat-master/Win11Debloat-master/Regfiles/Hide_Desktop_Spotlight_Icon.reg,17dbd75f473eb3d0a86fba9c587516d7a34fe7f6c3a8294e4bdc08f23b569afd
ections for the tools.zip,new_computer_setup/Win11Debloat-master/Win11Debloat-master/Regfiles/Hide_Drive_Letters.reg,PRESENT_EXACT,Windows/Resources/NewComputerSetup/Win11Debloat-master/Win11Debloat-master/Regfiles/Hide_Drive_Letters.reg,5d1cc1959403fe7e18abd943e210316eb0673f1f32b55eb35013f8e3d9fe3c07
ections for the tools.zip,new_computer_setup/Win11Debloat-master/Win11Debloat-master/Regfiles/Hide_duplicate_removable_drives_from_navigation_pane_of_File_Explorer.reg,PRESENT_EXACT,Windows/Resources/NewComputerSetup/Win11Debloat-master/Win11Debloat-master/Regfiles/Hide_duplicate_removable_drives_from_navigation_pane_of_File_Explorer.reg;Windows/Resources/NewComputerSetup/Win11Debloat-master/Win11Debloat-master/Regfiles/Sysprep/Hide_duplicate_removable_drives_from_navigation_pane_of_File_Explorer.reg,bb5102fcb1c0ed39abbcb8306387444cc6c2349767623dfdbd32090af47ae70b
ections for the tools.zip,new_computer_setup/Win11Debloat-master/Win11Debloat-master/Regfiles/Hide_Gallery_from_Explorer.reg,PRESENT_EXACT,Windows/Resources/NewComputerSetup/Win11Debloat-master/Win11Debloat-master/Regfiles/Hide_Gallery_from_Explorer.reg,2c9f7af6f724590297f1d68e6b36f206ce9f17e08fbedb2d10459bb6c3dcc332
ections for the tools.zip,new_computer_setup/Win11Debloat-master/Win11Debloat-master/Regfiles/Hide_Home_from_Explorer.reg,PRESENT_EXACT,Windows/Resources/NewComputerSetup/Win11Debloat-master/Win11Debloat-master/Regfiles/Hide_Home_from_Explorer.reg,6b35bd3a2c6846e8f4928acd96206b9a73385dfbd60fe7e1dba422e1615aa511
ections for the tools.zip,new_computer_setup/Win11Debloat-master/Win11Debloat-master/Regfiles/Hide_Music_Folder.reg,PRESENT_EXACT,Windows/Resources/NewComputerSetup/Win11Debloat-master/Win11Debloat-master/Regfiles/Hide_Music_Folder.reg;Windows/Resources/NewComputerSetup/Win11Debloat-master/Win11Debloat-master/Regfiles/Sysprep/Hide_Music_Folder.reg,e85608a743a148d5e77d4c29810b3583898885699bfed5bfb18407a65103edd4
ections for the tools.zip,new_computer_setup/Win11Debloat-master/Win11Debloat-master/Regfiles/Hide_Onedrive_Folder.reg,PRESENT_EXACT,Windows/Resources/NewComputerSetup/Win11Debloat-master/Win11Debloat-master/Regfiles/Hide_Onedrive_Folder.reg,e2b9c5044c0ca77acae9e3c9cf69a9cefb5e8e5af50687b5b7d67eb75ad742ab
ections for the tools.zip,new_computer_setup/Win11Debloat-master/Win11Debloat-master/Regfiles/Hide_Search_Taskbar.reg,PRESENT_EXACT,Windows/Resources/NewComputerSetup/Win11Debloat-master/Win11Debloat-master/Regfiles/Hide_Search_Taskbar.reg,0f7b2aa743b5dc843f5be9da4308f65628bfc7214c1281d890b1cdf46c87bde7
ections for the tools.zip,new_computer_setup/Win11Debloat-master/Win11Debloat-master/Regfiles/Hide_Tabs_In_Alt_Tab.reg,PRESENT_EXACT,Windows/Resources/NewComputerSetup/Win11Debloat-master/Win11Debloat-master/Regfiles/Hide_Tabs_In_Alt_Tab.reg,55f9190338255ad7067e78113102c27d865e5240c52967902393b311234301be
ections for the tools.zip,new_computer_setup/Win11Debloat-master/Win11Debloat-master/Regfiles/Hide_Taskview_Taskbar.reg,PRESENT_EXACT,Windows/Resources/NewComputerSetup/Win11Debloat-master/Win11Debloat-master/Regfiles/Hide_Taskview_Taskbar.reg,894caccfad9ca3a577d596c8638f5b32225a76510244e819b2bbf52b090414e5
ections for the tools.zip,new_computer_setup/Win11Debloat-master/Win11Debloat-master/Regfiles/Launch_File_Explorer_To_Downloads.reg,PRESENT_EXACT,Windows/Resources/NewComputerSetup/Win11Debloat-master/Win11Debloat-master/Regfiles/Launch_File_Explorer_To_Downloads.reg,fe4248350607e85b0c636ad98313918b1ae767708f4bb6ba06340830d2f7eb08
ections for the tools.zip,new_computer_setup/Win11Debloat-master/Win11Debloat-master/Regfiles/Launch_File_Explorer_To_Home.reg,PRESENT_EXACT,Windows/Resources/NewComputerSetup/Win11Debloat-master/Win11Debloat-master/Regfiles/Launch_File_Explorer_To_Home.reg,a0182e878aa4d4fb6bb6bac37a0a97f2ae57a71f8386c32c9286e5582e14a39c
ections for the tools.zip,new_computer_setup/Win11Debloat-master/Win11Debloat-master/Regfiles/Launch_File_Explorer_To_OneDrive.reg,PRESENT_EXACT,Windows/Resources/NewComputerSetup/Win11Debloat-master/Win11Debloat-master/Regfiles/Launch_File_Explorer_To_OneDrive.reg,c9b7980d19e0fe397c8635ceb9745014e68b1626ab7b3e2d3211536387028d28
ections for the tools.zip,new_computer_setup/Win11Debloat-master/Win11Debloat-master/Regfiles/Launch_File_Explorer_To_This_PC.reg,PRESENT_EXACT,Windows/Resources/NewComputerSetup/Win11Debloat-master/Win11Debloat-master/Regfiles/Launch_File_Explorer_To_This_PC.reg,1c28fc06aa1fc5c6821ea6c6bd39c1b1e0ea056cdf3aab40410c4ed6ca13578e
ections for the tools.zip,new_computer_setup/Win11Debloat-master/Win11Debloat-master/Regfiles/MMTaskbarMode_Active.reg,PRESENT_EXACT,Windows/Resources/NewComputerSetup/Win11Debloat-master/Win11Debloat-master/Regfiles/MMTaskbarMode_Active.reg,b013e81e26d1a1d909bdf464f89af928aff88e477ba7ebcdc35017058ae391f8
ections for the tools.zip,new_computer_setup/Win11Debloat-master/Win11Debloat-master/Regfiles/MMTaskbarMode_All.reg,PRESENT_EXACT,Windows/Resources/NewComputerSetup/Win11Debloat-master/Win11Debloat-master/Regfiles/MMTaskbarMode_All.reg,f69898f53222609f6702e782b8acc51a86902581fbd8b8c58b89ea6a677b9a98
ections for the tools.zip,new_computer_setup/Win11Debloat-master/Win11Debloat-master/Regfiles/MMTaskbarMode_Main_Active.reg,PRESENT_EXACT,Windows/Resources/NewComputerSetup/Win11Debloat-master/Win11Debloat-master/Regfiles/MMTaskbarMode_Main_Active.reg,8397cdb26611e64fe3a6c9249d1afc2b309143fed2f4e82304c4dc4dd7d0351a
ections for the tools.zip,new_computer_setup/Win11Debloat-master/Win11Debloat-master/Regfiles/Prevent_Auto_Reboot.reg,PRESENT_EXACT,Windows/Resources/NewComputerSetup/Win11Debloat-master/Win11Debloat-master/Regfiles/Prevent_Auto_Reboot.reg;Windows/Resources/NewComputerSetup/Win11Debloat-master/Win11Debloat-master/Regfiles/Sysprep/Prevent_Auto_Reboot.reg,db8f561112903346d624dbd1ddba4edca256f06f80ae1a697ba01fabc51ae557
ections for the tools.zip,new_computer_setup/Win11Debloat-master/Win11Debloat-master/Regfiles/Show_20_Tabs_In_Alt_Tab.reg,PRESENT_EXACT,Windows/Resources/NewComputerSetup/Win11Debloat-master/Win11Debloat-master/Regfiles/Show_20_Tabs_In_Alt_Tab.reg,3ec3d0cf06ea8899877e4554959abf168e0eefa664ff2c995bf6f8bea5b24f5f
ections for the tools.zip,new_computer_setup/Win11Debloat-master/Win11Debloat-master/Regfiles/Show_3_Tabs_In_Alt_Tab.reg,PRESENT_EXACT,Windows/Resources/NewComputerSetup/Win11Debloat-master/Win11Debloat-master/Regfiles/Show_3_Tabs_In_Alt_Tab.reg,4502b3691a0f69e50d5cb06fd346cac846abfae81a6f30f96402623d3af2b3ad
ections for the tools.zip,new_computer_setup/Win11Debloat-master/Win11Debloat-master/Regfiles/Show_5_Tabs_In_Alt_Tab.reg,PRESENT_EXACT,Windows/Resources/NewComputerSetup/Win11Debloat-master/Win11Debloat-master/Regfiles/Show_5_Tabs_In_Alt_Tab.reg,1a1339974b48b0335576db88fc0cd635f1ee1581f30b15e327a7f40d3f3201c1
ections for the tools.zip,new_computer_setup/Win11Debloat-master/Win11Debloat-master/Regfiles/Show_Drive_Letters_First.reg,PRESENT_EXACT,Windows/Resources/NewComputerSetup/Win11Debloat-master/Win11Debloat-master/Regfiles/Show_Drive_Letters_First.reg,a98f249d5f230e3d708a49b5de4a4798fc6f7e189b2f18051f545583f54a372b
ections for the tools.zip,new_computer_setup/Win11Debloat-master/Win11Debloat-master/Regfiles/Show_Drive_Letters_Last.reg,PRESENT_EXACT,Windows/Resources/NewComputerSetup/Win11Debloat-master/Win11Debloat-master/Regfiles/Show_Drive_Letters_Last.reg;Windows/Resources/NewComputerSetup/Win11Debloat-master/Win11Debloat-master/Regfiles/Undo/Show_Drive_Letters_Last.reg,c1178ac07bec82b55a2d6dfc3b8c62c5010a55684dcbad108ad7f7d1eada2409
ections for the tools.zip,new_computer_setup/Win11Debloat-master/Win11Debloat-master/Regfiles/Show_Extensions_For_Known_File_Types.reg,PRESENT_EXACT,Windows/Resources/NewComputerSetup/Win11Debloat-master/Win11Debloat-master/Regfiles/Show_Extensions_For_Known_File_Types.reg,738cc481577e7d9160bec45282195314e5b2e67cfc9e1d5d423077b68442dc19
ections for the tools.zip,new_computer_setup/Win11Debloat-master/Win11Debloat-master/Regfiles/Show_Hidden_Folders.reg,PRESENT_EXACT,Windows/Resources/NewComputerSetup/Win11Debloat-master/Win11Debloat-master/Regfiles/Show_Hidden_Folders.reg,26614ffba5c3431e216cfb649f2e8e6742d659dfcd0281d85bd83e73955d1c2a
ections for the tools.zip,new_computer_setup/Win11Debloat-master/Win11Debloat-master/Regfiles/Show_Network_Drive_Letters_First.reg,PRESENT_EXACT,Windows/Resources/NewComputerSetup/Win11Debloat-master/Win11Debloat-master/Regfiles/Show_Network_Drive_Letters_First.reg,6a143be4872f4e692ddf06df3ad366a6f5eb29360df842c21f28efb32597a873
ections for the tools.zip,new_computer_setup/Win11Debloat-master/Win11Debloat-master/Regfiles/Show_Search_Box.reg,PRESENT_EXACT,Windows/Resources/NewComputerSetup/Win11Debloat-master/Win11Debloat-master/Regfiles/Show_Search_Box.reg,d926e10b8d71a612323bc2f30a17c3e44901b709550a7b2a209a67c5da006b47
ections for the tools.zip,new_computer_setup/Win11Debloat-master/Win11Debloat-master/Regfiles/Show_Search_Icon.reg,PRESENT_EXACT,Windows/Resources/NewComputerSetup/Win11Debloat-master/Win11Debloat-master/Regfiles/Show_Search_Icon.reg,946ee4d19da8e433a32b46ed3635a0e727a5d77f9542e3942f51e3fcc7217426
ections for the tools.zip,new_computer_setup/Win11Debloat-master/Win11Debloat-master/Regfiles/Show_Search_Icon_And_Label.reg,PRESENT_EXACT,Windows/Resources/NewComputerSetup/Win11Debloat-master/Win11Debloat-master/Regfiles/Show_Search_Icon_And_Label.reg,3ce9d5b2cbea19f131026c23b88521c4a9bae98dd23ce624741da3d5a44020f9
ections for the tools.zip,new_computer_setup/Win11Debloat-master/Win11Debloat-master/Regfiles/Start_AllApps_Category.reg,PRESENT_EXACT,Windows/Resources/NewComputerSetup/Win11Debloat-master/Win11Debloat-master/Regfiles/Start_AllApps_Category.reg,47cf3a03ff1345b31715774ce93d1f52870aa8fc598d702f12e8351b2cd416c8
ections for the tools.zip,new_computer_setup/Win11Debloat-master/Win11Debloat-master/Regfiles/Start_AllApps_Grid.reg,PRESENT_EXACT,Windows/Resources/NewComputerSetup/Win11Debloat-master/Win11Debloat-master/Regfiles/Start_AllApps_Grid.reg,059bec1ca07fbb6ec5a483e2e82b77f5578b32117a70348debfab2a00270e57c
ections for the tools.zip,new_computer_setup/Win11Debloat-master/Win11Debloat-master/Regfiles/Start_AllApps_List.reg,PRESENT_EXACT,Windows/Resources/NewComputerSetup/Win11Debloat-master/Win11Debloat-master/Regfiles/Start_AllApps_List.reg,41c29a17fe425da9118f5ff422d21e3fe6ef9f83b35955e88f0a58fd8cf798a6
ections for the tools.zip,new_computer_setup/Win11Debloat-master/Win11Debloat-master/Regfiles/Sysprep/Add_All_Folders_Under_This_PC.reg,PRESENT_EXACT,Windows/Resources/NewComputerSetup/Win11Debloat-master/Win11Debloat-master/Regfiles/Add_All_Folders_Under_This_PC.reg;Windows/Resources/NewComputerSetup/Win11Debloat-master/Win11Debloat-master/Regfiles/Sysprep/Add_All_Folders_Under_This_PC.reg,1ba445588abbdb83f34afd75fb342a948b235c98d70aa8400d7a8e78fd108185
ections for the tools.zip,new_computer_setup/Win11Debloat-master/Win11Debloat-master/Regfiles/Sysprep/Align_Taskbar_Left.reg,PRESENT_EXACT,Windows/Resources/NewComputerSetup/Win11Debloat-master/Win11Debloat-master/Regfiles/Sysprep/Align_Taskbar_Left.reg,661f5429a350a151867fb49e41667fe28148d95a88d259e1300fbeef2dd43484
ections for the tools.zip,new_computer_setup/Win11Debloat-master/Win11Debloat-master/Regfiles/Sysprep/Combine_MMTaskbar_Always.reg,PRESENT_EXACT,Windows/Resources/NewComputerSetup/Win11Debloat-master/Win11Debloat-master/Regfiles/Sysprep/Combine_MMTaskbar_Always.reg,3f3fed0c8a82251e898867c2c898c7fee181aa42700ef58bb8d39cd2ba090788
ections for the tools.zip,new_computer_setup/Win11Debloat-master/Win11Debloat-master/Regfiles/Sysprep/Combine_MMTaskbar_Never.reg,PRESENT_EXACT,Windows/Resources/NewComputerSetup/Win11Debloat-master/Win11Debloat-master/Regfiles/Sysprep/Combine_MMTaskbar_Never.reg,fd137c15e58a488f72d085049ff49534198dd0dea9b200557f4b6a81611a3e83
ections for the tools.zip,new_computer_setup/Win11Debloat-master/Win11Debloat-master/Regfiles/Sysprep/Combine_MMTaskbar_When_Full.reg,PRESENT_EXACT,Windows/Resources/NewComputerSetup/Win11Debloat-master/Win11Debloat-master/Regfiles/Sysprep/Combine_MMTaskbar_When_Full.reg,94784f2a66cfe989e1c35ea9c7f5c5c92b1b974cb8d89ea32d570d96f93f81e1
ections for the tools.zip,new_computer_setup/Win11Debloat-master/Win11Debloat-master/Regfiles/Sysprep/Combine_Taskbar_Always.reg,PRESENT_EXACT,Windows/Resources/NewComputerSetup/Win11Debloat-master/Win11Debloat-master/Regfiles/Sysprep/Combine_Taskbar_Always.reg,1fb9e66b0f60e44e594e4cce0a630d802af1e004487e32061bd51d68293095aa
ections for the tools.zip,new_computer_setup/Win11Debloat-master/Win11Debloat-master/Regfiles/Sysprep/Combine_Taskbar_Never.reg,PRESENT_EXACT,Windows/Resources/NewComputerSetup/Win11Debloat-master/Win11Debloat-master/Regfiles/Sysprep/Combine_Taskbar_Never.reg,dc8227128a6e5e8daae0412751753e326bdc64afbbf765eff98e4d9f86add228
ections for the tools.zip,new_computer_setup/Win11Debloat-master/Win11Debloat-master/Regfiles/Sysprep/Combine_Taskbar_When_Full.reg,PRESENT_EXACT,Windows/Resources/NewComputerSetup/Win11Debloat-master/Win11Debloat-master/Regfiles/Sysprep/Combine_Taskbar_When_Full.reg,428614951ef3fb9f3ed836c687d83ae4f1132524424a3655cca104516069c6fc
ections for the tools.zip,new_computer_setup/Win11Debloat-master/Win11Debloat-master/Regfiles/Sysprep/Disable_AI_Recall.reg,PRESENT_EXACT,Windows/Resources/NewComputerSetup/Win11Debloat-master/Win11Debloat-master/Regfiles/Sysprep/Disable_AI_Recall.reg,91cffcbef6ad9e19ae814b3fab42be0ffbe2ad5a6f1e9bc92a77d5ba0ff96371
ections for the tools.zip,new_computer_setup/Win11Debloat-master/Win11Debloat-master/Regfiles/Sysprep/Disable_AI_Service_Auto_Start.reg,PRESENT_EXACT,Windows/Resources/NewComputerSetup/Win11Debloat-master/Win11Debloat-master/Regfiles/Disable_AI_Service_Auto_Start.reg;Windows/Resources/NewComputerSetup/Win11Debloat-master/Win11Debloat-master/Regfiles/Sysprep/Disable_AI_Service_Auto_Start.reg,d153db56b2bbd005af47fd30a0a102f7f779324f237fdf086883ddc305594140
ections for the tools.zip,new_computer_setup/Win11Debloat-master/Win11Debloat-master/Regfiles/Sysprep/Disable_Animations.reg,PRESENT_EXACT,Windows/Resources/NewComputerSetup/Win11Debloat-master/Win11Debloat-master/Regfiles/Sysprep/Disable_Animations.reg,da169e35c7e06b71d090e1633b5f2b02131f989e010b5d574a116752e089f335
ections for the tools.zip,new_computer_setup/Win11Debloat-master/Win11Debloat-master/Regfiles/Sysprep/Disable_Bing_Cortana_In_Search.reg,PRESENT_EXACT,Windows/Resources/NewComputerSetup/Win11Debloat-master/Win11Debloat-master/Regfiles/Sysprep/Disable_Bing_Cortana_In_Search.reg,b76b141f97fc32b9bca93a4e20e1d79a6d8e579b610c638653f62b99367e8cf9
ections for the tools.zip,new_computer_setup/Win11Debloat-master/Win11Debloat-master/Regfiles/Sysprep/Disable_Bitlocker_Auto_Encryption.reg,PRESENT_EXACT,Windows/Resources/NewComputerSetup/Win11Debloat-master/Win11Debloat-master/Regfiles/Disable_Bitlocker_Auto_Encryption.reg;Windows/Resources/NewComputerSetup/Win11Debloat-master/Win11Debloat-master/Regfiles/Sysprep/Disable_Bitlocker_Auto_Encryption.reg,efb411e654bc02de30d76fe22d3fa21398e2eb361d344ff2fae2614ab9b1bc83
ections for the tools.zip,new_computer_setup/Win11Debloat-master/Win11Debloat-master/Regfiles/Sysprep/Disable_Brave_Bloat.reg,PRESENT_EXACT,Windows/Resources/NewComputerSetup/Win11Debloat-master/Win11Debloat-master/Regfiles/Disable_Brave_Bloat.reg;Windows/Resources/NewComputerSetup/Win11Debloat-master/Win11Debloat-master/Regfiles/Sysprep/Disable_Brave_Bloat.reg,2c8504174f124cf6cecda8332694282629b0c723239c622067ae0366813192d8
ections for the tools.zip,new_computer_setup/Win11Debloat-master/Win11Debloat-master/Regfiles/Sysprep/Disable_Chat_Taskbar.reg,PRESENT_EXACT,Windows/Resources/NewComputerSetup/Win11Debloat-master/Win11Debloat-master/Regfiles/Sysprep/Disable_Chat_Taskbar.reg,e6383389ce114b216f53d23b425a8370678126224438613109823018a00cb19f
ections for the tools.zip,new_computer_setup/Win11Debloat-master/Win11Debloat-master/Regfiles/Sysprep/Disable_Click_to_Do.reg,PRESENT_EXACT,Windows/Resources/NewComputerSetup/Win11Debloat-master/Win11Debloat-master/Regfiles/Sysprep/Disable_Click_to_Do.reg,79ffea417a3c541a030f378b31251bc176cc105fc82794eafb49d47fd5c1541b
ections for the tools.zip,new_computer_setup/Win11Debloat-master/Win11Debloat-master/Regfiles/Sysprep/Disable_Copilot.reg,PRESENT_EXACT,Windows/Resources/NewComputerSetup/Win11Debloat-master/Win11Debloat-master/Regfiles/Sysprep/Disable_Copilot.reg,55716bc81467876b8918957dbdd8e41d2591ae4a283c7ade7c0d5f14f456b4cb
ections for the tools.zip,new_computer_setup/Win11Debloat-master/Win11Debloat-master/Regfiles/Sysprep/Disable_Delivery_Optimization.reg,PRESENT_EXACT,Windows/Resources/NewComputerSetup/Win11Debloat-master/Win11Debloat-master/Regfiles/Disable_Delivery_Optimization.reg;Windows/Resources/NewComputerSetup/Win11Debloat-master/Win11Debloat-master/Regfiles/Sysprep/Disable_Delivery_Optimization.reg,54028dab9b1ab7437f91304959f17f13af2e6a9206d435ce515c6e27b6b1547b
ections for the tools.zip,new_computer_setup/Win11Debloat-master/Win11Debloat-master/Regfiles/Sysprep/Disable_Desktop_Spotlight.reg,PRESENT_EXACT,Windows/Resources/NewComputerSetup/Win11Debloat-master/Win11Debloat-master/Regfiles/Sysprep/Disable_Desktop_Spotlight.reg,6df27196e90e44acdda8fc529885d2fab516bf5aa30c7ecb25138adc2b07c2cd
ections for the tools.zip,new_computer_setup/Win11Debloat-master/Win11Debloat-master/Regfiles/Sysprep/Disable_Device_Auto_App_Download.reg,PRESENT_EXACT,Windows/Resources/NewComputerSetup/Win11Debloat-master/Win11Debloat-master/Regfiles/Disable_Device_Auto_App_Download.reg;Windows/Resources/NewComputerSetup/Win11Debloat-master/Win11Debloat-master/Regfiles/Sysprep/Disable_Device_Auto_App_Download.reg,5a7a105241ae0b2137a9365e51d3f63786c7f6ac1ce0b01fc990b51a9a750947
ections for the tools.zip,new_computer_setup/Win11Debloat-master/Win11Debloat-master/Regfiles/Sysprep/Disable_DVR.reg,PRESENT_EXACT,Windows/Resources/NewComputerSetup/Win11Debloat-master/Win11Debloat-master/Regfiles/Sysprep/Disable_DVR.reg,53303447f416fbeec49047c9d8988933640ea8e368e432000726d22caf1a264f
ections for the tools.zip,new_computer_setup/Win11Debloat-master/Win11Debloat-master/Regfiles/Sysprep/Disable_Edge_Ads_And_Suggestions.reg,PRESENT_EXACT,Windows/Resources/NewComputerSetup/Win11Debloat-master/Win11Debloat-master/Regfiles/Disable_Edge_Ads_And_Suggestions.reg;Windows/Resources/NewComputerSetup/Win11Debloat-master/Win11Debloat-master/Regfiles/Sysprep/Disable_Edge_Ads_And_Suggestions.reg,4d94e0b11b20fe8ba3870f407a708af87e34b1ab1397b342ef2f63c622f8c2c2
ections for the tools.zip,new_computer_setup/Win11Debloat-master/Win11Debloat-master/Regfiles/Sysprep/Disable_Edge_AI_Features.reg,PRESENT_EXACT,Windows/Resources/NewComputerSetup/Win11Debloat-master/Win11Debloat-master/Regfiles/Disable_Edge_AI_Features.reg;Windows/Resources/NewComputerSetup/Win11Debloat-master/Win11Debloat-master/Regfiles/Sysprep/Disable_Edge_AI_Features.reg,ff0e5e22c97513a6658c678f7b81a0d87f709243feb21d387ee2f503191b49d7
ections for the tools.zip,new_computer_setup/Win11Debloat-master/Win11Debloat-master/Regfiles/Sysprep/Disable_Enhance_Pointer_Precision.reg,PRESENT_EXACT,Windows/Resources/NewComputerSetup/Win11Debloat-master/Win11Debloat-master/Regfiles/Sysprep/Disable_Enhance_Pointer_Precision.reg,7cb431e9763ec2301de2674d835f6d4ae66004b9d871a1df37226644e62c4d12
ections for the tools.zip,new_computer_setup/Win11Debloat-master/Win11Debloat-master/Regfiles/Sysprep/Disable_Fast_Startup.reg,PRESENT_EXACT,Windows/Resources/NewComputerSetup/Win11Debloat-master/Win11Debloat-master/Regfiles/Disable_Fast_Startup.reg;Windows/Resources/NewComputerSetup/Win11Debloat-master/Win11Debloat-master/Regfiles/Sysprep/Disable_Fast_Startup.reg,ba8ac3589193fcaaa26ff5a88fdb4ccf973c7a64dec28b727cf5e2677a80b67c
ections for the tools.zip,new_computer_setup/Win11Debloat-master/Win11Debloat-master/Regfiles/Sysprep/Disable_Find_My_Device.reg,PRESENT_EXACT,Windows/Resources/NewComputerSetup/Win11Debloat-master/Win11Debloat-master/Regfiles/Disable_Find_My_Device.reg;Windows/Resources/NewComputerSetup/Win11Debloat-master/Win11Debloat-master/Regfiles/Sysprep/Disable_Find_My_Device.reg,b100f8876be8efec490891c90ec04d10a3f0d677da102fdfc917ccf575383fbb
ections for the tools.zip,new_computer_setup/Win11Debloat-master/Win11Debloat-master/Regfiles/Sysprep/Disable_Game_Bar_Integration.reg,PRESENT_EXACT,Windows/Resources/NewComputerSetup/Win11Debloat-master/Win11Debloat-master/Regfiles/Sysprep/Disable_Game_Bar_Integration.reg,2356ac7deaf4071e2b5430b7449361fed7601d69ca1f9526f423a1de5b5439e3
ections for the tools.zip,new_computer_setup/Win11Debloat-master/Win11Debloat-master/Regfiles/Sysprep/Disable_Give_access_to_context_menu.reg,PRESENT_EXACT,Windows/Resources/NewComputerSetup/Win11Debloat-master/Win11Debloat-master/Regfiles/Disable_Give_access_to_context_menu.reg;Windows/Resources/NewComputerSetup/Win11Debloat-master/Win11Debloat-master/Regfiles/Sysprep/Disable_Give_access_to_context_menu.reg,88fb1f6b2d32097b34c86a1340adf4fd4a5b39feec2eb1822f65d734f80b4834
ections for the tools.zip,new_computer_setup/Win11Debloat-master/Win11Debloat-master/Regfiles/Sysprep/Disable_Include_in_library_from_context_menu.reg,PRESENT_EXACT,Windows/Resources/NewComputerSetup/Win11Debloat-master/Win11Debloat-master/Regfiles/Disable_Include_in_library_from_context_menu.reg;Windows/Resources/NewComputerSetup/Win11Debloat-master/Win11Debloat-master/Regfiles/Sysprep/Disable_Include_in_library_from_context_menu.reg,80a78262a8bd6607eea59be652855a9985cf94759588295883f3dad34c4ee9a3
ections for the tools.zip,new_computer_setup/Win11Debloat-master/Win11Debloat-master/Regfiles/Sysprep/Disable_Location_Services.reg,PRESENT_EXACT,Windows/Resources/NewComputerSetup/Win11Debloat-master/Win11Debloat-master/Regfiles/Disable_Location_Services.reg;Windows/Resources/NewComputerSetup/Win11Debloat-master/Win11Debloat-master/Regfiles/Sysprep/Disable_Location_Services.reg,9c09d489e019425d0da82c0bd9eddea3ee6aa4a9f2f4ebf8298fc32aaa5611dd
ections for the tools.zip,new_computer_setup/Win11Debloat-master/Win11Debloat-master/Regfiles/Sysprep/Disable_Lockscreen_Tips.reg,PRESENT_EXACT,Windows/Resources/NewComputerSetup/Win11Debloat-master/Win11Debloat-master/Regfiles/Sysprep/Disable_Lockscreen_Tips.reg,cd7e723bf8bff5c5f40bec552f7694b18a0e26f76a851a0f9a9d77a6cead5850
ections for the tools.zip,new_computer_setup/Win11Debloat-master/Win11Debloat-master/Regfiles/Sysprep/Disable_Modern_Standby_Networking.reg,PRESENT_EXACT,Windows/Resources/NewComputerSetup/Win11Debloat-master/Win11Debloat-master/Regfiles/Disable_Modern_Standby_Networking.reg;Windows/Resources/NewComputerSetup/Win11Debloat-master/Win11Debloat-master/Regfiles/Sysprep/Disable_Modern_Standby_Networking.reg,391d75c0f01edae5c0cb0adc3e0030fb70b7ddf048489bf9a5965c9d17f1e722
ections for the tools.zip,new_computer_setup/Win11Debloat-master/Win11Debloat-master/Regfiles/Sysprep/Disable_Notepad_AI_Features.reg,PRESENT_EXACT,Windows/Resources/NewComputerSetup/Win11Debloat-master/Win11Debloat-master/Regfiles/Disable_Notepad_AI_Features.reg;Windows/Resources/NewComputerSetup/Win11Debloat-master/Win11Debloat-master/Regfiles/Sysprep/Disable_Notepad_AI_Features.reg,fcfe2894c9f9624044fadfe9752e2d4f05146407b32e876f78507d3e6d800c4d
ections for the tools.zip,new_computer_setup/Win11Debloat-master/Win11Debloat-master/Regfiles/Sysprep/Disable_Notifications.reg,PRESENT_EXACT,Windows/Resources/NewComputerSetup/Win11Debloat-master/Win11Debloat-master/Regfiles/Sysprep/Disable_Notifications.reg,9af9e41b02e55351b2651693bc70e11924c42fd7f7e0c9e919cce52cb8959d9f
ections for the tools.zip,new_computer_setup/Win11Debloat-master/Win11Debloat-master/Regfiles/Sysprep/Disable_Paint_AI_Features.reg,PRESENT_EXACT,Windows/Resources/NewComputerSetup/Win11Debloat-master/Win11Debloat-master/Regfiles/Disable_Paint_AI_Features.reg;Windows/Resources/NewComputerSetup/Win11Debloat-master/Win11Debloat-master/Regfiles/Sysprep/Disable_Paint_AI_Features.reg,3d70eff5a7c977227978f48deaade6c49fa40342ebc10cd942af18edef6b7eef
ections for the tools.zip,new_computer_setup/Win11Debloat-master/Win11Debloat-master/Regfiles/Sysprep/Disable_Phone_Link_In_Start.reg,PRESENT_EXACT,Windows/Resources/NewComputerSetup/Win11Debloat-master/Win11Debloat-master/Regfiles/Sysprep/Disable_Phone_Link_In_Start.reg,269334ccd7be2c9d92bb93e9fcb55891beb0b3a0b18151decb21e4482225ee14
ections for the tools.zip,new_computer_setup/Win11Debloat-master/Win11Debloat-master/Regfiles/Sysprep/Disable_Search_Highlights.reg,PRESENT_EXACT,Windows/Resources/NewComputerSetup/Win11Debloat-master/Win11Debloat-master/Regfiles/Sysprep/Disable_Search_Highlights.reg,531809e8271b4385581be23715fa32086b663d3afd71d2a4636d0756257fe891
ections for the tools.zip,new_computer_setup/Win11Debloat-master/Win11Debloat-master/Regfiles/Sysprep/Disable_Search_History.reg,PRESENT_EXACT,Windows/Resources/NewComputerSetup/Win11Debloat-master/Win11Debloat-master/Regfiles/Sysprep/Disable_Search_History.reg,c206599542d032737165ba5870faabec579891fd70b5df621c7c88cc8898b6fb
ections for the tools.zip,new_computer_setup/Win11Debloat-master/Win11Debloat-master/Regfiles/Sysprep/Disable_Settings_365_Ads.reg,PRESENT_EXACT,Windows/Resources/NewComputerSetup/Win11Debloat-master/Win11Debloat-master/Regfiles/Disable_Settings_365_Ads.reg;Windows/Resources/NewComputerSetup/Win11Debloat-master/Win11Debloat-master/Regfiles/Sysprep/Disable_Settings_365_Ads.reg,aeef35cb4b9f71e8e1e8276c620ba37585be191d9d0726448e82eaf349a77546
ections for the tools.zip,new_computer_setup/Win11Debloat-master/Win11Debloat-master/Regfiles/Sysprep/Disable_Settings_Home.reg,PRESENT_EXACT,Windows/Resources/NewComputerSetup/Win11Debloat-master/Win11Debloat-master/Regfiles/Disable_Settings_Home.reg;Windows/Resources/NewComputerSetup/Win11Debloat-master/Win11Debloat-master/Regfiles/Sysprep/Disable_Settings_Home.reg,a4a0e091b1e10bff0dcead0df3e73cb579fa92da3b3154b36a5ae1a74e859cd6
ections for the tools.zip,new_computer_setup/Win11Debloat-master/Win11Debloat-master/Regfiles/Sysprep/Disable_Share_Drag_Tray.reg,PRESENT_EXACT,Windows/Resources/NewComputerSetup/Win11Debloat-master/Win11Debloat-master/Regfiles/Sysprep/Disable_Share_Drag_Tray.reg,8f0559f899ad11cdee4d4f85852f4eb6c4c84ea30bb710b7348d23096daa5a57
ections for the tools.zip,new_computer_setup/Win11Debloat-master/Win11Debloat-master/Regfiles/Sysprep/Disable_Share_from_context_menu.reg,PRESENT_EXACT,Windows/Resources/NewComputerSetup/Win11Debloat-master/Win11Debloat-master/Regfiles/Disable_Share_from_context_menu.reg;Windows/Resources/NewComputerSetup/Win11Debloat-master/Win11Debloat-master/Regfiles/Sysprep/Disable_Share_from_context_menu.reg,044b927474d977a14886176f36beb7291cf06a3524e3ba27af321f2e6fa87acc
ections for the tools.zip,new_computer_setup/Win11Debloat-master/Win11Debloat-master/Regfiles/Sysprep/Disable_Show_More_Options_Context_Menu.reg,PRESENT_EXACT,Windows/Resources/NewComputerSetup/Win11Debloat-master/Win11Debloat-master/Regfiles/Sysprep/Disable_Show_More_Options_Context_Menu.reg,c2743b9255fe984a0ce8778279c9e3df225ec7ee27416f138ad3b17b4fbcb6b5
ections for the tools.zip,new_computer_setup/Win11Debloat-master/Win11Debloat-master/Regfiles/Sysprep/Disable_Snap_Assist.reg,PRESENT_EXACT,Windows/Resources/NewComputerSetup/Win11Debloat-master/Win11Debloat-master/Regfiles/Sysprep/Disable_Snap_Assist.reg,cd93bb87ae82dc27854c368dd0e7db074069a997dd2de242d18e4473c8d60d77
ections for the tools.zip,new_computer_setup/Win11Debloat-master/Win11Debloat-master/Regfiles/Sysprep/Disable_Snap_Layouts.reg,PRESENT_EXACT,Windows/Resources/NewComputerSetup/Win11Debloat-master/Win11Debloat-master/Regfiles/Sysprep/Disable_Snap_Layouts.reg,688056151f95df84e5145ee00e67c062d2ee177710ec9b147e6f452f3f1ff372
ections for the tools.zip,new_computer_setup/Win11Debloat-master/Win11Debloat-master/Regfiles/Sysprep/Disable_Start_All_Apps.reg,PRESENT_EXACT,Windows/Resources/NewComputerSetup/Win11Debloat-master/Win11Debloat-master/Regfiles/Sysprep/Disable_Start_All_Apps.reg,2a2779594d956ae3c561e0d43ae9efb7ac06bd4fca72a21be705d60b84c5cc1d
ections for the tools.zip,new_computer_setup/Win11Debloat-master/Win11Debloat-master/Regfiles/Sysprep/Disable_Start_Recommended.reg,PRESENT_EXACT,Windows/Resources/NewComputerSetup/Win11Debloat-master/Win11Debloat-master/Regfiles/Sysprep/Disable_Start_Recommended.reg,aebc985ba37ce46f01c5e9f463648356245cc612d3a209fb5eb6e5f903b2385a
ections for the tools.zip,new_computer_setup/Win11Debloat-master/Win11Debloat-master/Regfiles/Sysprep/Disable_Sticky_Keys_Shortcut.reg,PRESENT_EXACT,Windows/Resources/NewComputerSetup/Win11Debloat-master/Win11Debloat-master/Regfiles/Sysprep/Disable_Sticky_Keys_Shortcut.reg,68dddb060c5416699fa105abca63f7d1916ab0bfb1323f519cf0638c57b9d798
ections for the tools.zip,new_computer_setup/Win11Debloat-master/Win11Debloat-master/Regfiles/Sysprep/Disable_Storage_Sense.reg,PRESENT_EXACT,Windows/Resources/NewComputerSetup/Win11Debloat-master/Win11Debloat-master/Regfiles/Sysprep/Disable_Storage_Sense.reg,b79f356ec32e7a8255c6b9360a716ea6926e992ed1dab19b0ea58872d3766fd1
ections for the tools.zip,new_computer_setup/Win11Debloat-master/Win11Debloat-master/Regfiles/Sysprep/Disable_Telemetry.reg,PRESENT_EXACT,Windows/Resources/NewComputerSetup/Win11Debloat-master/Win11Debloat-master/Regfiles/Sysprep/Disable_Telemetry.reg,9928a67507dcfd025957e362cb4fd56613b48e10511c6a30db03c75477f41535
ections for the tools.zip,new_computer_setup/Win11Debloat-master/Win11Debloat-master/Regfiles/Sysprep/Disable_Transparency.reg,PRESENT_EXACT,Windows/Resources/NewComputerSetup/Win11Debloat-master/Win11Debloat-master/Regfiles/Sysprep/Disable_Transparency.reg,f45f45d9a62d32e88a8e12052142e188cf68af49a8e3ff2e9a526340e9d57169
ections for the tools.zip,new_computer_setup/Win11Debloat-master/Win11Debloat-master/Regfiles/Sysprep/Disable_Update_ASAP.reg,PRESENT_EXACT,Windows/Resources/NewComputerSetup/Win11Debloat-master/Win11Debloat-master/Regfiles/Disable_Update_ASAP.reg;Windows/Resources/NewComputerSetup/Win11Debloat-master/Win11Debloat-master/Regfiles/Sysprep/Disable_Update_ASAP.reg,0cef7e67c9c59407c81f25c637a0e5d51a3cd7ab7c0f800157b3281ac399f4fb
ections for the tools.zip,new_computer_setup/Win11Debloat-master/Win11Debloat-master/Regfiles/Sysprep/Disable_Windows_Suggestions.reg,PRESENT_EXACT,Windows/Resources/NewComputerSetup/Win11Debloat-master/Win11Debloat-master/Regfiles/Sysprep/Disable_Windows_Suggestions.reg,cc8074544f5f41b061dad458e3d08633bf31eeea501cdecb6afe0e63ad50d932
ections for the tools.zip,new_computer_setup/Win11Debloat-master/Win11Debloat-master/Regfiles/Sysprep/Disable_Window_Snapping.reg,PRESENT_EXACT,Windows/Resources/NewComputerSetup/Win11Debloat-master/Win11Debloat-master/Regfiles/Sysprep/Disable_Window_Snapping.reg,c965fea6649e07ad6e77b94d769dec52a481397e7b6dfc7674ad4792f35be765
ections for the tools.zip,new_computer_setup/Win11Debloat-master/Win11Debloat-master/Regfiles/Sysprep/Enable_Dark_Mode.reg,PRESENT_EXACT,Windows/Resources/NewComputerSetup/Win11Debloat-master/Win11Debloat-master/Regfiles/Sysprep/Enable_Dark_Mode.reg,9c91399a22a8622cb94f56ccd4935f85c9437abd66295190072f50ff8e3b8ddd
ections for the tools.zip,new_computer_setup/Win11Debloat-master/Win11Debloat-master/Regfiles/Sysprep/Enable_Desktop_Spotlight.reg,PRESENT_EXACT,Windows/Resources/NewComputerSetup/Win11Debloat-master/Win11Debloat-master/Regfiles/Sysprep/Enable_Desktop_Spotlight.reg;Windows/Resources/NewComputerSetup/Win11Debloat-master/Win11Debloat-master/Regfiles/Sysprep/Undo/Enable_Desktop_Spotlight.reg,05a68976a3010439ed85d0f24b0bb25796dc7c3531b49d1e786cd64595464f7d
ections for the tools.zip,new_computer_setup/Win11Debloat-master/Win11Debloat-master/Regfiles/Sysprep/Enable_End_Task.reg,PRESENT_EXACT,Windows/Resources/NewComputerSetup/Win11Debloat-master/Win11Debloat-master/Regfiles/Sysprep/Enable_End_Task.reg,216a26119ce395367f4eca1cd87bfbea20d522238756d5140d56114b7e06d131
ections for the tools.zip,new_computer_setup/Win11Debloat-master/Win11Debloat-master/Regfiles/Sysprep/Enable_Last_Active_Click.reg,PRESENT_EXACT,Windows/Resources/NewComputerSetup/Win11Debloat-master/Win11Debloat-master/Regfiles/Sysprep/Enable_Last_Active_Click.reg,156bc248e0ba81c5849f19476e931bae28aab36420e5281d5762e33f68c09ffb
ections for the tools.zip,new_computer_setup/Win11Debloat-master/Win11Debloat-master/Regfiles/Sysprep/Hide_3D_Objects_Folder.reg,PRESENT_EXACT,Windows/Resources/NewComputerSetup/Win11Debloat-master/Win11Debloat-master/Regfiles/Hide_3D_Objects_Folder.reg;Windows/Resources/NewComputerSetup/Win11Debloat-master/Win11Debloat-master/Regfiles/Sysprep/Hide_3D_Objects_Folder.reg,b8a7f7def95349d2b78763e4776ba131b0975e10406363f2b73d040576c76d8c
ections for the tools.zip,new_computer_setup/Win11Debloat-master/Win11Debloat-master/Regfiles/Sysprep/Hide_Desktop_Spotlight_Icon.reg,PRESENT_EXACT,Windows/Resources/NewComputerSetup/Win11Debloat-master/Win11Debloat-master/Regfiles/Sysprep/Hide_Desktop_Spotlight_Icon.reg,a67b88f80c372ab002837a87e3eee1c7971c424c213d42feebb4716cd0f6ad98
ections for the tools.zip,new_computer_setup/Win11Debloat-master/Win11Debloat-master/Regfiles/Sysprep/Hide_Drive_Letters.reg,PRESENT_EXACT,Windows/Resources/NewComputerSetup/Win11Debloat-master/Win11Debloat-master/Regfiles/Sysprep/Hide_Drive_Letters.reg,156152311d93bf1dc481192c6ebb85fd3b2c6dee4fe4578dc6ca6a736a744e33
ections for the tools.zip,new_computer_setup/Win11Debloat-master/Win11Debloat-master/Regfiles/Sysprep/Hide_duplicate_removable_drives_from_navigation_pane_of_File_Explorer.reg,PRESENT_EXACT,Windows/Resources/NewComputerSetup/Win11Debloat-master/Win11Debloat-master/Regfiles/Hide_duplicate_removable_drives_from_navigation_pane_of_File_Explorer.reg;Windows/Resources/NewComputerSetup/Win11Debloat-master/Win11Debloat-master/Regfiles/Sysprep/Hide_duplicate_removable_drives_from_navigation_pane_of_File_Explorer.reg,bb5102fcb1c0ed39abbcb8306387444cc6c2349767623dfdbd32090af47ae70b
ections for the tools.zip,new_computer_setup/Win11Debloat-master/Win11Debloat-master/Regfiles/Sysprep/Hide_Gallery_from_Explorer.reg,PRESENT_EXACT,Windows/Resources/NewComputerSetup/Win11Debloat-master/Win11Debloat-master/Regfiles/Sysprep/Hide_Gallery_from_Explorer.reg,cab23f57270affa8dc43a2bd27965feb3af0ea0ddeb4b1cf516e7cb45f7b59e9
ections for the tools.zip,new_computer_setup/Win11Debloat-master/Win11Debloat-master/Regfiles/Sysprep/Hide_Home_from_Explorer.reg,PRESENT_EXACT,Windows/Resources/NewComputerSetup/Win11Debloat-master/Win11Debloat-master/Regfiles/Sysprep/Hide_Home_from_Explorer.reg,96830868500994a7353cb579ed7aed3667be76ba87d7b3ec93bc8a3e2ed73bad
ections for the tools.zip,new_computer_setup/Win11Debloat-master/Win11Debloat-master/Regfiles/Sysprep/Hide_Music_Folder.reg,PRESENT_EXACT,Windows/Resources/NewComputerSetup/Win11Debloat-master/Win11Debloat-master/Regfiles/Hide_Music_Folder.reg;Windows/Resources/NewComputerSetup/Win11Debloat-master/Win11Debloat-master/Regfiles/Sysprep/Hide_Music_Folder.reg,e85608a743a148d5e77d4c29810b3583898885699bfed5bfb18407a65103edd4
ections for the tools.zip,new_computer_setup/Win11Debloat-master/Win11Debloat-master/Regfiles/Sysprep/Hide_Onedrive_Folder.reg,PRESENT_EXACT,Windows/Resources/NewComputerSetup/Win11Debloat-master/Win11Debloat-master/Regfiles/Sysprep/Hide_Onedrive_Folder.reg,72edb60188c075c318d3cb975344f845fdffd7fd1da5cf269fe9260dc449cf44
ections for the tools.zip,new_computer_setup/Win11Debloat-master/Win11Debloat-master/Regfiles/Sysprep/Hide_Search_Taskbar.reg,PRESENT_EXACT,Windows/Resources/NewComputerSetup/Win11Debloat-master/Win11Debloat-master/Regfiles/Sysprep/Hide_Search_Taskbar.reg,87a2080aff646230b47456bb5c0820f535c33ff5921c859aad29c59ab56f809b
ections for the tools.zip,new_computer_setup/Win11Debloat-master/Win11Debloat-master/Regfiles/Sysprep/Hide_Tabs_In_Alt_Tab.reg,PRESENT_EXACT,Windows/Resources/NewComputerSetup/Win11Debloat-master/Win11Debloat-master/Regfiles/Sysprep/Hide_Tabs_In_Alt_Tab.reg,6d36359d7a925a9e2364ec6ae4ff15cd7cc1e24400d9538e94611b60294a6a33
ections for the tools.zip,new_computer_setup/Win11Debloat-master/Win11Debloat-master/Regfiles/Sysprep/Hide_Taskview_Taskbar.reg,PRESENT_EXACT,Windows/Resources/NewComputerSetup/Win11Debloat-master/Win11Debloat-master/Regfiles/Sysprep/Hide_Taskview_Taskbar.reg,dad7ce740f06bebc29d79da1d9018ff68fa19154eca55ace48147605a2214b5e
ections for the tools.zip,new_computer_setup/Win11Debloat-master/Win11Debloat-master/Regfiles/Sysprep/Launch_File_Explorer_To_Downloads.reg,PRESENT_EXACT,Windows/Resources/NewComputerSetup/Win11Debloat-master/Win11Debloat-master/Regfiles/Sysprep/Launch_File_Explorer_To_Downloads.reg,93209f3e8202e4816e35f8fcb19d1ccfbb3aeae2622346dbec5caf7efd77d8fa
ections for the tools.zip,new_computer_setup/Win11Debloat-master/Win11Debloat-master/Regfiles/Sysprep/Launch_File_Explorer_To_Home.reg,PRESENT_EXACT,Windows/Resources/NewComputerSetup/Win11Debloat-master/Win11Debloat-master/Regfiles/Sysprep/Launch_File_Explorer_To_Home.reg,1bb813f277465398011d7b998c269dc1e0c471e3ebcb7390ce18e2a7c3bf44a4
ections for the tools.zip,new_computer_setup/Win11Debloat-master/Win11Debloat-master/Regfiles/Sysprep/Launch_File_Explorer_To_OneDrive.reg,PRESENT_EXACT,Windows/Resources/NewComputerSetup/Win11Debloat-master/Win11Debloat-master/Regfiles/Sysprep/Launch_File_Explorer_To_OneDrive.reg,88ea7f46016e9c3f1aa011d8c623885860c5f26acec0461e64a51ca0162f3dae
ections for the tools.zip,new_computer_setup/Win11Debloat-master/Win11Debloat-master/Regfiles/Sysprep/Launch_File_Explorer_To_This_PC.reg,PRESENT_EXACT,Windows/Resources/NewComputerSetup/Win11Debloat-master/Win11Debloat-master/Regfiles/Sysprep/Launch_File_Explorer_To_This_PC.reg,193fc4bcf9de0e71e171930c424033c27388bd635261273457db0955554a0dc5
ections for the tools.zip,new_computer_setup/Win11Debloat-master/Win11Debloat-master/Regfiles/Sysprep/MMTaskbarMode_Active.reg,PRESENT_EXACT,Windows/Resources/NewComputerSetup/Win11Debloat-master/Win11Debloat-master/Regfiles/Sysprep/MMTaskbarMode_Active.reg,19e7af6b3788fc91859a5a63d9a14cebeed2c4fd61efd87551b7ec0c0c13e2b6
ections for the tools.zip,new_computer_setup/Win11Debloat-master/Win11Debloat-master/Regfiles/Sysprep/MMTaskbarMode_All.reg,PRESENT_EXACT,Windows/Resources/NewComputerSetup/Win11Debloat-master/Win11Debloat-master/Regfiles/Sysprep/MMTaskbarMode_All.reg,a4c83997441b3c26e3d7458929cb04ef5e8e7f3f6b1f808c3eeb404c1fc46b7a
ections for the tools.zip,new_computer_setup/Win11Debloat-master/Win11Debloat-master/Regfiles/Sysprep/MMTaskbarMode_Main_Active.reg,PRESENT_EXACT,Windows/Resources/NewComputerSetup/Win11Debloat-master/Win11Debloat-master/Regfiles/Sysprep/MMTaskbarMode_Main_Active.reg,8e4ebace9cfc22f8cfaf67c219b89e5d361da2594599316334fcb992f68abd05
ections for the tools.zip,new_computer_setup/Win11Debloat-master/Win11Debloat-master/Regfiles/Sysprep/Prevent_Auto_Reboot.reg,PRESENT_EXACT,Windows/Resources/NewComputerSetup/Win11Debloat-master/Win11Debloat-master/Regfiles/Prevent_Auto_Reboot.reg;Windows/Resources/NewComputerSetup/Win11Debloat-master/Win11Debloat-master/Regfiles/Sysprep/Prevent_Auto_Reboot.reg,db8f561112903346d624dbd1ddba4edca256f06f80ae1a697ba01fabc51ae557
ections for the tools.zip,new_computer_setup/Win11Debloat-master/Win11Debloat-master/Regfiles/Sysprep/Show_20_Tabs_In_Alt_Tab.reg,PRESENT_EXACT,Windows/Resources/NewComputerSetup/Win11Debloat-master/Win11Debloat-master/Regfiles/Sysprep/Show_20_Tabs_In_Alt_Tab.reg,6c306fdd68cca4176d96580794c3741366d032b8980257de41a5a8c9aa37dd58
ections for the tools.zip,new_computer_setup/Win11Debloat-master/Win11Debloat-master/Regfiles/Sysprep/Show_3_Tabs_In_Alt_Tab.reg,PRESENT_EXACT,Windows/Resources/NewComputerSetup/Win11Debloat-master/Win11Debloat-master/Regfiles/Sysprep/Show_3_Tabs_In_Alt_Tab.reg,35e8670856a4dc8de968d7e4ff736816c8435efd0e52edd85f3f0ab138d85b24
ections for the tools.zip,new_computer_setup/Win11Debloat-master/Win11Debloat-master/Regfiles/Sysprep/Show_5_Tabs_In_Alt_Tab.reg,PRESENT_EXACT,Windows/Resources/NewComputerSetup/Win11Debloat-master/Win11Debloat-master/Regfiles/Sysprep/Show_5_Tabs_In_Alt_Tab.reg,b5867e1709d480fd3218c483ecd134aa65e7a4604e9a49ef6fb293e342738f1c
ections for the tools.zip,new_computer_setup/Win11Debloat-master/Win11Debloat-master/Regfiles/Sysprep/Show_Drive_Letters_First.reg,PRESENT_EXACT,Windows/Resources/NewComputerSetup/Win11Debloat-master/Win11Debloat-master/Regfiles/Sysprep/Show_Drive_Letters_First.reg,fe7ec6815749040ddf62cd6ac88403260e818803dbded7c0c7f345ffc25e5f7d
ections for the tools.zip,new_computer_setup/Win11Debloat-master/Win11Debloat-master/Regfiles/Sysprep/Show_Drive_Letters_Last.reg,PRESENT_EXACT,Windows/Resources/NewComputerSetup/Win11Debloat-master/Win11Debloat-master/Regfiles/Sysprep/Show_Drive_Letters_Last.reg,4dba240546bdc08ae88e203dd697da63bdc4177e84c30247fac35aff5b5cd2fc
ections for the tools.zip,new_computer_setup/Win11Debloat-master/Win11Debloat-master/Regfiles/Sysprep/Show_Extensions_For_Known_File_Types.reg,PRESENT_EXACT,Windows/Resources/NewComputerSetup/Win11Debloat-master/Win11Debloat-master/Regfiles/Sysprep/Show_Extensions_For_Known_File_Types.reg,11763f3126c501d480453b7d42771509e9b8787e83ec5d4d29112860442a8d26
ections for the tools.zip,new_computer_setup/Win11Debloat-master/Win11Debloat-master/Regfiles/Sysprep/Show_Hidden_Folders.reg,PRESENT_EXACT,Windows/Resources/NewComputerSetup/Win11Debloat-master/Win11Debloat-master/Regfiles/Sysprep/Show_Hidden_Folders.reg,0661f977386239b249ee4788ad31f24bbf38e603d6b92cd03198e94a36a9f490
ections for the tools.zip,new_computer_setup/Win11Debloat-master/Win11Debloat-master/Regfiles/Sysprep/Show_Network_Drive_Letters_First.reg,PRESENT_EXACT,Windows/Resources/NewComputerSetup/Win11Debloat-master/Win11Debloat-master/Regfiles/Sysprep/Show_Network_Drive_Letters_First.reg,a5d2ea89288bcbe0546b98244570eb48fda164c966f73dbadd0ca00e6b332bf8
ections for the tools.zip,new_computer_setup/Win11Debloat-master/Win11Debloat-master/Regfiles/Sysprep/Show_Search_Box.reg,PRESENT_EXACT,Windows/Resources/NewComputerSetup/Win11Debloat-master/Win11Debloat-master/Regfiles/Sysprep/Show_Search_Box.reg,521417b68482f1d4c52f2b40424d546aa2c16d688d437bffb240c0169dde0f3c
ections for the tools.zip,new_computer_setup/Win11Debloat-master/Win11Debloat-master/Regfiles/Sysprep/Show_Search_Icon.reg,PRESENT_EXACT,Windows/Resources/NewComputerSetup/Win11Debloat-master/Win11Debloat-master/Regfiles/Sysprep/Show_Search_Icon.reg,ec8e81f59a1c78a448a3ac46db9fede9f28108a800bc3a99bf1145b98023c6d9
ections for the tools.zip,new_computer_setup/Win11Debloat-master/Win11Debloat-master/Regfiles/Sysprep/Show_Search_Icon_And_Label.reg,PRESENT_EXACT,Windows/Resources/NewComputerSetup/Win11Debloat-master/Win11Debloat-master/Regfiles/Sysprep/Show_Search_Icon_And_Label.reg,73680d11009615af3487abf7e5478e9010dabd5a16d8737ee7f0d0fa56434b23
ections for the tools.zip,new_computer_setup/Win11Debloat-master/Win11Debloat-master/Regfiles/Sysprep/Start_AllApps_Category.reg,PRESENT_EXACT,Windows/Resources/NewComputerSetup/Win11Debloat-master/Win11Debloat-master/Regfiles/Sysprep/Start_AllApps_Category.reg,815e7c2dad559a1c0262a7703b4f3545f5851f52250fbcf5f4d4cf1bff5d1dff
ections for the tools.zip,new_computer_setup/Win11Debloat-master/Win11Debloat-master/Regfiles/Sysprep/Start_AllApps_Grid.reg,PRESENT_EXACT,Windows/Resources/NewComputerSetup/Win11Debloat-master/Win11Debloat-master/Regfiles/Sysprep/Start_AllApps_Grid.reg,720a163ed9578435230d450655942940cf3ebd4a47899faf8ddcb65cdd88ca22
ections for the tools.zip,new_computer_setup/Win11Debloat-master/Win11Debloat-master/Regfiles/Sysprep/Start_AllApps_List.reg,PRESENT_EXACT,Windows/Resources/NewComputerSetup/Win11Debloat-master/Win11Debloat-master/Regfiles/Sysprep/Start_AllApps_List.reg,7de9aeecee0a4f25cd25faf674e9b12e959975a01c7329e44bb15892875c7861
ections for the tools.zip,new_computer_setup/Win11Debloat-master/Win11Debloat-master/Regfiles/Sysprep/Undo/Enable_Desktop_Spotlight.reg,PRESENT_EXACT,Windows/Resources/NewComputerSetup/Win11Debloat-master/Win11Debloat-master/Regfiles/Sysprep/Enable_Desktop_Spotlight.reg;Windows/Resources/NewComputerSetup/Win11Debloat-master/Win11Debloat-master/Regfiles/Sysprep/Undo/Enable_Desktop_Spotlight.reg,05a68976a3010439ed85d0f24b0bb25796dc7c3531b49d1e786cd64595464f7d
ections for the tools.zip,new_computer_setup/Win11Debloat-master/Win11Debloat-master/Regfiles/Sysprep/Undo/Show_Desktop_Spotlight_Icon.reg,PRESENT_EXACT,Windows/Resources/NewComputerSetup/Win11Debloat-master/Win11Debloat-master/Regfiles/Sysprep/Undo/Show_Desktop_Spotlight_Icon.reg,7a0622deae3eeb94746f8b6d7ab2d149a58f27eab95f615cce6dc241b84f50de
ections for the tools.zip,new_computer_setup/Win11Debloat-master/Win11Debloat-master/Regfiles/Undo/Align_Taskbar_Center.reg,PRESENT_EXACT,Windows/Resources/NewComputerSetup/Win11Debloat-master/Win11Debloat-master/Regfiles/Undo/Align_Taskbar_Center.reg,9e8aaf5bef1d4196614a4e33794f5103cd69b8ea44192f8c8e52b7657233f76d
ections for the tools.zip,new_computer_setup/Win11Debloat-master/Win11Debloat-master/Regfiles/Undo/Allow_Auto_Reboot.reg,PRESENT_EXACT,Windows/Resources/NewComputerSetup/Win11Debloat-master/Win11Debloat-master/Regfiles/Undo/Allow_Auto_Reboot.reg,015d6a8bfce9c0f2611c741dc6198eec94a09b75bcd618d2508fbb787f273ec5
ections for the tools.zip,new_computer_setup/Win11Debloat-master/Win11Debloat-master/Regfiles/Undo/Allow_Edge_Telemetry.reg,PRESENT_EXACT,Windows/Resources/NewComputerSetup/Win11Debloat-master/Win11Debloat-master/Regfiles/Undo/Allow_Edge_Telemetry.reg,ae8b19a261787c167facc7ab0efdec57d590f039ea66e64f585b59a19318ba21
ections for the tools.zip,new_computer_setup/Win11Debloat-master/Win11Debloat-master/Regfiles/Undo/Disable_End_Task.reg,PRESENT_EXACT,Windows/Resources/NewComputerSetup/Win11Debloat-master/Win11Debloat-master/Regfiles/Undo/Disable_End_Task.reg,a58a6782908badbe76cd57462b62c43a4cfead86c4f7c4a7e6aa854b4a5934df
ections for the tools.zip,new_computer_setup/Win11Debloat-master/Win11Debloat-master/Regfiles/Undo/Disable_Last_Active_Click.reg,PRESENT_EXACT,Windows/Resources/NewComputerSetup/Win11Debloat-master/Win11Debloat-master/Regfiles/Undo/Disable_Last_Active_Click.reg,626e215e62d3f92ad3635022dfe6ce0f5a08d3e7a7aa8594f2de522a4a37c17c
ections for the tools.zip,new_computer_setup/Win11Debloat-master/Win11Debloat-master/Regfiles/Undo/Enable_Activity_History.reg,PRESENT_EXACT,Windows/Resources/NewComputerSetup/Win11Debloat-master/Win11Debloat-master/Regfiles/Undo/Enable_Activity_History.reg,b4eb37533062f1e014ca00d7b9b9d6a85754ec5d45fb3e3c50b9b0ce2a2cca94
ections for the tools.zip,new_computer_setup/Win11Debloat-master/Win11Debloat-master/Regfiles/Undo/Enable_AI_Recall.reg,PRESENT_EXACT,Windows/Resources/NewComputerSetup/Win11Debloat-master/Win11Debloat-master/Regfiles/Undo/Enable_AI_Recall.reg,60eeb2f318d8abd148f583a61c677dc4d90d8d592265269f7a7b7e7eed1c38a0
ections for the tools.zip,new_computer_setup/Win11Debloat-master/Win11Debloat-master/Regfiles/Undo/Enable_AI_Service_Auto_Start.reg,PRESENT_EXACT,Windows/Resources/NewComputerSetup/Win11Debloat-master/Win11Debloat-master/Regfiles/Undo/Enable_AI_Service_Auto_Start.reg,fd2cebddd7ca793467ffe77a89d8c7687d74cce603fe4ae2171a7d8ecfe4ae5c
ections for the tools.zip,new_computer_setup/Win11Debloat-master/Win11Debloat-master/Regfiles/Undo/Enable_Animations.reg,PRESENT_EXACT,Windows/Resources/NewComputerSetup/Win11Debloat-master/Win11Debloat-master/Regfiles/Undo/Enable_Animations.reg,be4d0d22ffab2777bf47db34a7834391d7403c73c7300e262de8db2062edfddf
ections for the tools.zip,new_computer_setup/Win11Debloat-master/Win11Debloat-master/Regfiles/Undo/Enable_Bing_Cortana_In_Search.reg,PRESENT_EXACT,Windows/Resources/NewComputerSetup/Win11Debloat-master/Win11Debloat-master/Regfiles/Undo/Enable_Bing_Cortana_In_Search.reg,50983a408b66378584c9d4cd1ae449bf7360fc5c72c33dc4de47fa9a1717325f
ections for the tools.zip,new_computer_setup/Win11Debloat-master/Win11Debloat-master/Regfiles/Undo/Enable_Bitlocker_Auto_Encryption.reg,PRESENT_EXACT,Windows/Resources/NewComputerSetup/Win11Debloat-master/Win11Debloat-master/Regfiles/Undo/Enable_Bitlocker_Auto_Encryption.reg,e94923b1fb640792852aa4f3b69a90ae519a727a690369e6ec95dabf042e0a64
ections for the tools.zip,new_computer_setup/Win11Debloat-master/Win11Debloat-master/Regfiles/Undo/Enable_Brave_Bloat.reg,PRESENT_EXACT,Windows/Resources/NewComputerSetup/Win11Debloat-master/Win11Debloat-master/Regfiles/Undo/Enable_Brave_Bloat.reg,222781ee45faedfae6d13c3dc69b345d132cb35e32adb31c33851e36ae9be3d6
ections for the tools.zip,new_computer_setup/Win11Debloat-master/Win11Debloat-master/Regfiles/Undo/Enable_Chat_Taskbar.reg,PRESENT_EXACT,Windows/Resources/NewComputerSetup/Win11Debloat-master/Win11Debloat-master/Regfiles/Undo/Enable_Chat_Taskbar.reg,00414383e27a13f5c4795636740a75354c6dcc004fd19710de898fccb8ffa2db
ections for the tools.zip,new_computer_setup/Win11Debloat-master/Win11Debloat-master/Regfiles/Undo/Enable_Click_to_Do.reg,PRESENT_EXACT,Windows/Resources/NewComputerSetup/Win11Debloat-master/Win11Debloat-master/Regfiles/Undo/Enable_Click_to_Do.reg,f82c2b1e7ac31f421f31435a1d33d113176633935329f968a012127486068796
ections for the tools.zip,new_computer_setup/Win11Debloat-master/Win11Debloat-master/Regfiles/Undo/Enable_Copilot.reg,PRESENT_EXACT,Windows/Resources/NewComputerSetup/Win11Debloat-master/Win11Debloat-master/Regfiles/Undo/Enable_Copilot.reg,fb088ec98b7f4f88a256439894132e51b16520b17ca5e32586fb495e755488df
ections for the tools.zip,new_computer_setup/Win11Debloat-master/Win11Debloat-master/Regfiles/Undo/Enable_Delivery_Optimization.reg,PRESENT_EXACT,Windows/Resources/NewComputerSetup/Win11Debloat-master/Win11Debloat-master/Regfiles/Undo/Enable_Delivery_Optimization.reg,b566e39bbbb62c410536b707637101b3e25b218e5e9b4eadbd7dfa0ae02b6803
ections for the tools.zip,new_computer_setup/Win11Debloat-master/Win11Debloat-master/Regfiles/Undo/Enable_Desktop_Spotlight.reg,PRESENT_EXACT,Windows/Resources/NewComputerSetup/Win11Debloat-master/Win11Debloat-master/Regfiles/Enable_Desktop_Spotlight.reg;Windows/Resources/NewComputerSetup/Win11Debloat-master/Win11Debloat-master/Regfiles/Undo/Enable_Desktop_Spotlight.reg,9d5b582c4d3ac84327b153e63a41c98774c73393a365ac064c017f573db91059
ections for the tools.zip,new_computer_setup/Win11Debloat-master/Win11Debloat-master/Regfiles/Undo/Enable_Device_Auto_App_Download.reg,PRESENT_EXACT,Windows/Resources/NewComputerSetup/Win11Debloat-master/Win11Debloat-master/Regfiles/Undo/Enable_Device_Auto_App_Download.reg,9b45293205eb17659341fc1504af73817e1c8ff201d7e6d1939374ad6f21b2d1
ections for the tools.zip,new_computer_setup/Win11Debloat-master/Win11Debloat-master/Regfiles/Undo/Enable_DVR.reg,PRESENT_EXACT,Windows/Resources/NewComputerSetup/Win11Debloat-master/Win11Debloat-master/Regfiles/Undo/Enable_DVR.reg,a4ada8ae6cad778d8130bf320a64ba69e3a99c7d3a689d83fe509bffcaf69d1f
ections for the tools.zip,new_computer_setup/Win11Debloat-master/Win11Debloat-master/Regfiles/Undo/Enable_Edge_Ads_And_Suggestions.reg,PRESENT_EXACT,Windows/Resources/NewComputerSetup/Win11Debloat-master/Win11Debloat-master/Regfiles/Undo/Enable_Edge_Ads_And_Suggestions.reg,35353a0f48b7c1f2f3ce9ec994d0a1d7895336311b530938c350ad820b33fb45
ections for the tools.zip,new_computer_setup/Win11Debloat-master/Win11Debloat-master/Regfiles/Undo/Enable_Edge_AI_Features.reg,PRESENT_EXACT,Windows/Resources/NewComputerSetup/Win11Debloat-master/Win11Debloat-master/Regfiles/Undo/Enable_Edge_AI_Features.reg,ed393be1bd1641a926ffa06af1ff15b7e75f292ca6a91dca9bbbb340629eebb1
ections for the tools.zip,new_computer_setup/Win11Debloat-master/Win11Debloat-master/Regfiles/Undo/Enable_Enhance_Pointer_Precision.reg,PRESENT_EXACT,Windows/Resources/NewComputerSetup/Win11Debloat-master/Win11Debloat-master/Regfiles/Undo/Enable_Enhance_Pointer_Precision.reg,a0a1b2cbf871cf64b4ad49c9811f261f795186a689e6c0a9164fdb52c73d9256
ections for the tools.zip,new_computer_setup/Win11Debloat-master/Win11Debloat-master/Regfiles/Undo/Enable_Fast_Startup.reg,PRESENT_EXACT,Windows/Resources/NewComputerSetup/Win11Debloat-master/Win11Debloat-master/Regfiles/Undo/Enable_Fast_Startup.reg,a391095c4e1aeae765cfe3f80d1c538cd93e5ed5a3f6494d5c4ca1ef02eeb3b5
ections for the tools.zip,new_computer_setup/Win11Debloat-master/Win11Debloat-master/Regfiles/Undo/Enable_Find_My_Device.reg,PRESENT_EXACT,Windows/Resources/NewComputerSetup/Win11Debloat-master/Win11Debloat-master/Regfiles/Undo/Enable_Find_My_Device.reg,394aba1108735517eff831b79258fb7a92a6eda3c5f5217314a43e6215cc6921
ections for the tools.zip,new_computer_setup/Win11Debloat-master/Win11Debloat-master/Regfiles/Undo/Enable_Game_Bar_Integration.reg,PRESENT_EXACT,Windows/Resources/NewComputerSetup/Win11Debloat-master/Win11Debloat-master/Regfiles/Undo/Enable_Game_Bar_Integration.reg,ce670bbc2ed259c52aa9bfdbb3451163b23bc9b0929eaf54cb559c73a7651f94
ections for the tools.zip,new_computer_setup/Win11Debloat-master/Win11Debloat-master/Regfiles/Undo/Enable_Give_access_to_context_menu.reg,PRESENT_EXACT,Windows/Resources/NewComputerSetup/Win11Debloat-master/Win11Debloat-master/Regfiles/Undo/Enable_Give_access_to_context_menu.reg,870b5b6c86d0b4a811e20c9515b92c4c874f9a68ea258bee4f3951741439a548
ections for the tools.zip,new_computer_setup/Win11Debloat-master/Win11Debloat-master/Regfiles/Undo/Enable_Include_in_library_in_context_menu.reg,PRESENT_EXACT,Windows/Resources/NewComputerSetup/Win11Debloat-master/Win11Debloat-master/Regfiles/Undo/Enable_Include_in_library_in_context_menu.reg,debf63412835111b4983f16aba00ed6a70aa4588d16000bd1422ce5daadee0eb
ections for the tools.zip,new_computer_setup/Win11Debloat-master/Win11Debloat-master/Regfiles/Undo/Enable_Light_Mode.reg,PRESENT_EXACT,Windows/Resources/NewComputerSetup/Win11Debloat-master/Win11Debloat-master/Regfiles/Undo/Enable_Light_Mode.reg,61502f3cfa7efc8f5fadfda49dfb79ed64311324f3ea94167c5fe648045231f1
ections for the tools.zip,new_computer_setup/Win11Debloat-master/Win11Debloat-master/Regfiles/Undo/Enable_Location_Services.reg,PRESENT_EXACT,Windows/Resources/NewComputerSetup/Win11Debloat-master/Win11Debloat-master/Regfiles/Undo/Enable_Location_Services.reg,1f2b2dbba2b8b1e9c3a3fa4e7571a2fe15015c5de472f5541d846cef38247d61
ections for the tools.zip,new_computer_setup/Win11Debloat-master/Win11Debloat-master/Regfiles/Undo/Enable_Lockscreen_Tips.reg,PRESENT_EXACT,Windows/Resources/NewComputerSetup/Win11Debloat-master/Win11Debloat-master/Regfiles/Undo/Enable_Lockscreen_Tips.reg,c4b0d0d45da507fb9ca8278a77dd5997f96c76bd9b9074595f03a2e6caed9e19
ections for the tools.zip,new_computer_setup/Win11Debloat-master/Win11Debloat-master/Regfiles/Undo/Enable_Modern_Standby_Networking.reg,PRESENT_EXACT,Windows/Resources/NewComputerSetup/Win11Debloat-master/Win11Debloat-master/Regfiles/Undo/Enable_Modern_Standby_Networking.reg,883ccd6f19d26864181eb366539f43e14aaf5fcb8dbfb43728ce9c0c5f34b09a
ections for the tools.zip,new_computer_setup/Win11Debloat-master/Win11Debloat-master/Regfiles/Undo/Enable_Notepad_AI_Features.reg,PRESENT_EXACT,Windows/Resources/NewComputerSetup/Win11Debloat-master/Win11Debloat-master/Regfiles/Undo/Enable_Notepad_AI_Features.reg,3ed37ce8b1a764c3ae379772896add0b08ff6ee0732007035c9590cb22ea5e92
ections for the tools.zip,new_computer_setup/Win11Debloat-master/Win11Debloat-master/Regfiles/Undo/Enable_Notifications.reg,PRESENT_EXACT,Windows/Resources/NewComputerSetup/Win11Debloat-master/Win11Debloat-master/Regfiles/Undo/Enable_Notifications.reg,f1e7f14f2b91fdaf89a200c1022b6f0639f7d4bf70e367dbf43f43b5d35c0c1f
ections for the tools.zip,new_computer_setup/Win11Debloat-master/Win11Debloat-master/Regfiles/Undo/Enable_Paint_AI_Features.reg,PRESENT_EXACT,Windows/Resources/NewComputerSetup/Win11Debloat-master/Win11Debloat-master/Regfiles/Undo/Enable_Paint_AI_Features.reg,3269f31592ed94b667ce0813f2f9be28421a30804666d58d97770919585554ea
ections for the tools.zip,new_computer_setup/Win11Debloat-master/Win11Debloat-master/Regfiles/Undo/Enable_Phone_Link_In_Start.reg,PRESENT_EXACT,Windows/Resources/NewComputerSetup/Win11Debloat-master/Win11Debloat-master/Regfiles/Undo/Enable_Phone_Link_In_Start.reg,67efc2000d37965fd6971e2ea036ef49c46b851c3b6a4e4ec4fbe2f04ed7bf09
ections for the tools.zip,new_computer_setup/Win11Debloat-master/Win11Debloat-master/Regfiles/Undo/Enable_Search_Highlights.reg,PRESENT_EXACT,Windows/Resources/NewComputerSetup/Win11Debloat-master/Win11Debloat-master/Regfiles/Undo/Enable_Search_Highlights.reg,177b4d76b0a89ccfc223dc2fc17ee5f88c150de66dd7833a942c9227ae8287bb
ections for the tools.zip,new_computer_setup/Win11Debloat-master/Win11Debloat-master/Regfiles/Undo/Enable_Search_History.reg,PRESENT_EXACT,Windows/Resources/NewComputerSetup/Win11Debloat-master/Win11Debloat-master/Regfiles/Undo/Enable_Search_History.reg,57c695fafd01b80c660a9e62505a87826e1dcfb934ca830b616d47e0ffdf7799
ections for the tools.zip,new_computer_setup/Win11Debloat-master/Win11Debloat-master/Regfiles/Undo/Enable_Settings_365_Ads.reg,PRESENT_EXACT,Windows/Resources/NewComputerSetup/Win11Debloat-master/Win11Debloat-master/Regfiles/Undo/Enable_Settings_365_Ads.reg,718f3e9746dc3deb44bb8cc006c52dcd8930637ac5409c5b6cf1bcdf0b48da2a
ections for the tools.zip,new_computer_setup/Win11Debloat-master/Win11Debloat-master/Regfiles/Undo/Enable_Settings_Home.reg,PRESENT_EXACT,Windows/Resources/NewComputerSetup/Win11Debloat-master/Win11Debloat-master/Regfiles/Undo/Enable_Settings_Home.reg,f9e9ba17577e887bcf1767bc7d207ae24f6ba6ad2035e50a4f58ceb81b0009d1
ections for the tools.zip,new_computer_setup/Win11Debloat-master/Win11Debloat-master/Regfiles/Undo/Enable_Share_Drag_Tray.reg,PRESENT_EXACT,Windows/Resources/NewComputerSetup/Win11Debloat-master/Win11Debloat-master/Regfiles/Undo/Enable_Share_Drag_Tray.reg,8afe1787c6021b939ca3978dca8fdb7d286f149e26dce3e5b39fec4e77e3e636
ections for the tools.zip,new_computer_setup/Win11Debloat-master/Win11Debloat-master/Regfiles/Undo/Enable_Share_in_context_menu.reg,PRESENT_EXACT,Windows/Resources/NewComputerSetup/Win11Debloat-master/Win11Debloat-master/Regfiles/Undo/Enable_Share_in_context_menu.reg,6e01fa1b8588c0fd7f54826cb375422ed5cb6a7259e52c2eb2eb6e8bc47c4b26
ections for the tools.zip,new_computer_setup/Win11Debloat-master/Win11Debloat-master/Regfiles/Undo/Enable_Snap_Assist.reg,PRESENT_EXACT,Windows/Resources/NewComputerSetup/Win11Debloat-master/Win11Debloat-master/Regfiles/Undo/Enable_Snap_Assist.reg,5e08197b96b78bfb7e59125400721fcbb3e04f2a11a32e6a7ca33aac3b1ea04c
ections for the tools.zip,new_computer_setup/Win11Debloat-master/Win11Debloat-master/Regfiles/Undo/Enable_Snap_Layouts.reg,PRESENT_EXACT,Windows/Resources/NewComputerSetup/Win11Debloat-master/Win11Debloat-master/Regfiles/Undo/Enable_Snap_Layouts.reg,4accb492519e040297a66c09430414331eba917a5822d8fe0a19c4f5c483efa2
ections for the tools.zip,new_computer_setup/Win11Debloat-master/Win11Debloat-master/Regfiles/Undo/Enable_Start_All_Apps.reg,PRESENT_EXACT,Windows/Resources/NewComputerSetup/Win11Debloat-master/Win11Debloat-master/Regfiles/Undo/Enable_Start_All_Apps.reg,63f879b3b9a2249ca6e2a41e18c0951c1a336d537003f3907e6de0fb68daa49c
ections for the tools.zip,new_computer_setup/Win11Debloat-master/Win11Debloat-master/Regfiles/Undo/Enable_Start_Recommended.reg,PRESENT_EXACT,Windows/Resources/NewComputerSetup/Win11Debloat-master/Win11Debloat-master/Regfiles/Undo/Enable_Start_Recommended.reg,20d83c60f3aa9f47a0d5ced8116054086db92dfd24d01f09ed782459a4ba6957
ections for the tools.zip,new_computer_setup/Win11Debloat-master/Win11Debloat-master/Regfiles/Undo/Enable_Sticky_Keys_Shortcut.reg,PRESENT_EXACT,Windows/Resources/NewComputerSetup/Win11Debloat-master/Win11Debloat-master/Regfiles/Undo/Enable_Sticky_Keys_Shortcut.reg,f632ba3945a07ea9e9a91f0c2f3a3e208c7884ef21cda99e3a8aa78af8867c53
ections for the tools.zip,new_computer_setup/Win11Debloat-master/Win11Debloat-master/Regfiles/Undo/Enable_Storage_Sense.reg,PRESENT_EXACT,Windows/Resources/NewComputerSetup/Win11Debloat-master/Win11Debloat-master/Regfiles/Undo/Enable_Storage_Sense.reg,d7f5d591d84ef421e0653a073a1449c374f2ccc7d4c110a2f61162b5debc09c9
ections for the tools.zip,new_computer_setup/Win11Debloat-master/Win11Debloat-master/Regfiles/Undo/Enable_Telemetry.reg,PRESENT_EXACT,Windows/Resources/NewComputerSetup/Win11Debloat-master/Win11Debloat-master/Regfiles/Undo/Enable_Telemetry.reg,47cea52289ec5287f67849cd5f7f5c95a58b8d462a81d10429b430269e166040
ections for the tools.zip,new_computer_setup/Win11Debloat-master/Win11Debloat-master/Regfiles/Undo/Enable_Transparency.reg,PRESENT_EXACT,Windows/Resources/NewComputerSetup/Win11Debloat-master/Win11Debloat-master/Regfiles/Undo/Enable_Transparency.reg,5e94a44296b63a54f592f27b55d8596c219436b4ef2b7570023bd11cabce3155
ections for the tools.zip,new_computer_setup/Win11Debloat-master/Win11Debloat-master/Regfiles/Undo/Enable_Update_ASAP.reg,PRESENT_EXACT,Windows/Resources/NewComputerSetup/Win11Debloat-master/Win11Debloat-master/Regfiles/Undo/Enable_Update_ASAP.reg,83de0215134a28967f23bd212ce2e8c702a57ccf705020e737b8f77675f11bdf
ections for the tools.zip,new_computer_setup/Win11Debloat-master/Win11Debloat-master/Regfiles/Undo/Enable_W11_Style_Context_Menu.reg,PRESENT_EXACT,Windows/Resources/NewComputerSetup/Win11Debloat-master/Win11Debloat-master/Regfiles/Undo/Enable_W11_Style_Context_Menu.reg,dff753a0033d444826411fda4b729949bada511e89e260eb0f12cba0ac323e39
ections for the tools.zip,new_computer_setup/Win11Debloat-master/Win11Debloat-master/Regfiles/Undo/Enable_Windows_Suggestions.reg,PRESENT_EXACT,Windows/Resources/NewComputerSetup/Win11Debloat-master/Win11Debloat-master/Regfiles/Undo/Enable_Windows_Suggestions.reg,095c586108aff5f069aa2837be738994ae57f70ec9eb7cd7fc173d8f20359ae3
ections for the tools.zip,new_computer_setup/Win11Debloat-master/Win11Debloat-master/Regfiles/Undo/Enable_Window_Snapping.reg,PRESENT_EXACT,Windows/Resources/NewComputerSetup/Win11Debloat-master/Win11Debloat-master/Regfiles/Undo/Enable_Window_Snapping.reg,342088413bdea47284ec88f31125e542ee05a4ba0643636fba0e678ad6e48ffd
ections for the tools.zip,new_computer_setup/Win11Debloat-master/Win11Debloat-master/Regfiles/Undo/Hide_Extensions_For_Known_File_Types.reg,PRESENT_EXACT,Windows/Resources/NewComputerSetup/Win11Debloat-master/Win11Debloat-master/Regfiles/Undo/Hide_Extensions_For_Known_File_Types.reg,cd2750044e22b1d55f3cd54c9c814c7c1b0c7cf719de6e444489f210318fd2be
ections for the tools.zip,new_computer_setup/Win11Debloat-master/Win11Debloat-master/Regfiles/Undo/Hide_Hidden_Folders.reg,PRESENT_EXACT,Windows/Resources/NewComputerSetup/Win11Debloat-master/Win11Debloat-master/Regfiles/Undo/Hide_Hidden_Folders.reg,507459cd65263fa89bb401052e508a3bdd8a426dcaeaedcc55d6480568b6f9dd
ections for the tools.zip,new_computer_setup/Win11Debloat-master/Win11Debloat-master/Regfiles/Undo/Remove_All_Folders_Under_This_PC.reg,PRESENT_EXACT,Windows/Resources/NewComputerSetup/Win11Debloat-master/Win11Debloat-master/Regfiles/Undo/Remove_All_Folders_Under_This_PC.reg,bce6f567c8d0eba4511f5376bd53137b9c0ccbf03f3f864a042380e102c3d746
ections for the tools.zip,new_computer_setup/Win11Debloat-master/Win11Debloat-master/Regfiles/Undo/Show_3D_Objects_Folder.reg,PRESENT_EXACT,Windows/Resources/NewComputerSetup/Win11Debloat-master/Win11Debloat-master/Regfiles/Undo/Show_3D_Objects_Folder.reg,6270c703c17b6178a122a66a4666cf2d09a69c48043ccb1c2ac63a1a33715589
ections for the tools.zip,new_computer_setup/Win11Debloat-master/Win11Debloat-master/Regfiles/Undo/Show_Desktop_Spotlight_Icon.reg,PRESENT_EXACT,Windows/Resources/NewComputerSetup/Win11Debloat-master/Win11Debloat-master/Regfiles/Undo/Show_Desktop_Spotlight_Icon.reg,7e2b2ee0755497c1caccd1d6ca20f6e3cbccd4e5d791f9b888f9b89e9f984ff2
ections for the tools.zip,new_computer_setup/Win11Debloat-master/Win11Debloat-master/Regfiles/Undo/Show_Drive_Letters_Last.reg,PRESENT_EXACT,Windows/Resources/NewComputerSetup/Win11Debloat-master/Win11Debloat-master/Regfiles/Show_Drive_Letters_Last.reg;Windows/Resources/NewComputerSetup/Win11Debloat-master/Win11Debloat-master/Regfiles/Undo/Show_Drive_Letters_Last.reg,c1178ac07bec82b55a2d6dfc3b8c62c5010a55684dcbad108ad7f7d1eada2409
ections for the tools.zip,new_computer_setup/Win11Debloat-master/Win11Debloat-master/Regfiles/Undo/Show_duplicate_removable_drives_in_navigation_pane_of_File_Explorer.reg,PRESENT_EXACT,Windows/Resources/NewComputerSetup/Win11Debloat-master/Win11Debloat-master/Regfiles/Undo/Show_duplicate_removable_drives_in_navigation_pane_of_File_Explorer.reg,ba63c4aa4e9af5c9cf34224b68859c64035163484f9a71c11ceec3870d861d06
ections for the tools.zip,new_computer_setup/Win11Debloat-master/Win11Debloat-master/Regfiles/Undo/Show_Gallery_in_Explorer.reg,PRESENT_EXACT,Windows/Resources/NewComputerSetup/Win11Debloat-master/Win11Debloat-master/Regfiles/Undo/Show_Gallery_in_Explorer.reg,34a65489c9cbb0de468f355653e7f6ff9e385cf47cb025db939e1ad5835034e5
ections for the tools.zip,new_computer_setup/Win11Debloat-master/Win11Debloat-master/Regfiles/Undo/Show_Home_in_Explorer.reg,PRESENT_EXACT,Windows/Resources/NewComputerSetup/Win11Debloat-master/Win11Debloat-master/Regfiles/Undo/Show_Home_in_Explorer.reg,d1cbcd3b88317bb67fa233b872d2128234de5be90c844623275b78f1fb657294
ections for the tools.zip,new_computer_setup/Win11Debloat-master/Win11Debloat-master/Regfiles/Undo/Show_Music_Folder.reg,PRESENT_EXACT,Windows/Resources/NewComputerSetup/Win11Debloat-master/Win11Debloat-master/Regfiles/Undo/Show_Music_Folder.reg,dd726a194af3c5fd58caecaf10f7ed5d786ba657e7bc25aa2155e274a32f132c
ections for the tools.zip,new_computer_setup/Win11Debloat-master/Win11Debloat-master/Regfiles/Undo/Show_Onedrive_folder.reg,PRESENT_EXACT,Windows/Resources/NewComputerSetup/Win11Debloat-master/Win11Debloat-master/Regfiles/Undo/Show_Onedrive_folder.reg,788cba9cf73daa8aaa8ce8b24bc2c521d8d380c58087a8fa39da69834aafbc3c
ections for the tools.zip,new_computer_setup/Win11Debloat-master/Win11Debloat-master/Regfiles/Undo/Show_Taskview_Taskbar.reg,PRESENT_EXACT,Windows/Resources/NewComputerSetup/Win11Debloat-master/Win11Debloat-master/Regfiles/Undo/Show_Taskview_Taskbar.reg,93246788c2dab7327d78453ca7d38535321d5411726875770530e61d4c8f8f4b
ections for the tools.zip,new_computer_setup/Win11Debloat-master/Win11Debloat-master/Schemas/AboutWindow.xaml,PRESENT_EXACT,Windows/Resources/NewComputerSetup/Win11Debloat-master/Win11Debloat-master/Schemas/AboutWindow.xaml,22f8c147b95c725455629b7d1845becb808002d34fc7929ce46751ba730ccb88
ections for the tools.zip,new_computer_setup/Win11Debloat-master/Win11Debloat-master/Schemas/ApplyChangesWindow.xaml,PRESENT_EXACT,Windows/Resources/NewComputerSetup/Win11Debloat-master/Win11Debloat-master/Schemas/ApplyChangesWindow.xaml,3980f846c7c3dccbe308401f1240f539106b560f0500a9676a85f722cba0a23c
ections for the tools.zip,new_computer_setup/Win11Debloat-master/Win11Debloat-master/Schemas/AppSelectionWindow.xaml,PRESENT_EXACT,Windows/Resources/NewComputerSetup/Win11Debloat-master/Win11Debloat-master/Schemas/AppSelectionWindow.xaml,97bb5734106951eb717297c4ef656020dc09cfbd13a675015583e1e0a7257b44
ections for the tools.zip,new_computer_setup/Win11Debloat-master/Win11Debloat-master/Schemas/BubbleHint.xaml,PRESENT_EXACT,Windows/Resources/NewComputerSetup/Win11Debloat-master/Win11Debloat-master/Schemas/BubbleHint.xaml,38e9900c4ef030b769b88943eee8c9e801f8ce64c4b0206f3649a3eb62be32b3
ections for the tools.zip,new_computer_setup/Win11Debloat-master/Win11Debloat-master/Schemas/ImportExportConfigWindow.xaml,PRESENT_EXACT,Windows/Resources/NewComputerSetup/Win11Debloat-master/Win11Debloat-master/Schemas/ImportExportConfigWindow.xaml,297f552d0698d72a90f6e210af70a8fb3d12f6bdd5265a14bee6adaf1ec299d4
ections for the tools.zip,new_computer_setup/Win11Debloat-master/Win11Debloat-master/Schemas/MainWindow.xaml,PRESENT_EXACT,Windows/Resources/NewComputerSetup/Win11Debloat-master/Win11Debloat-master/Schemas/MainWindow.xaml,25298025bd0ac29fac049cbf8bf3a5c9bb2f0220043db81bd31dadff95cd150e
ections for the tools.zip,new_computer_setup/Win11Debloat-master/Win11Debloat-master/Schemas/MessageBox.xaml,PRESENT_EXACT,Windows/Resources/NewComputerSetup/Win11Debloat-master/Win11Debloat-master/Schemas/MessageBox.xaml,e55d10853f1e6ad032b34ddcac8a074c5e9a426af9b16c1dbaba1f06feee4f76
ections for the tools.zip,new_computer_setup/Win11Debloat-master/Win11Debloat-master/Schemas/RestoreBackupWindow.xaml,PRESENT_EXACT,Windows/Resources/NewComputerSetup/Win11Debloat-master/Win11Debloat-master/Schemas/RestoreBackupWindow.xaml,3bedae06e345472a2f81b8c74a2fe9044ff59c7cb5ca0de8f28a265f865b1e71
ections for the tools.zip,new_computer_setup/Win11Debloat-master/Win11Debloat-master/Schemas/SharedStyles.xaml,PRESENT_EXACT,Windows/Resources/NewComputerSetup/Win11Debloat-master/Win11Debloat-master/Schemas/SharedStyles.xaml,909ac317ff3a26b84e220c35ffd7832b64d0bc12bfb86b6ca58161678545a2cb
ections for the tools.zip,new_computer_setup/Win11Debloat-master/Win11Debloat-master/Scripts/Get.ps1,PRESENT_EXACT,Windows/Resources/NewComputerSetup/Win11Debloat-master/Win11Debloat-master/Scripts/Get.ps1,6b92ecfbc6d0c1ec0883e1c2685339f2a3e532796998e93118aff08cd21f299f
ections for the tools.zip,new_computer_setup/Win11Debloat-master/Win11Debloat-master/Scripts/Run-Tests.ps1,PRESENT_EXACT,Windows/Resources/NewComputerSetup/Win11Debloat-master/Win11Debloat-master/Scripts/Run-Tests.ps1,64793dd7c67973bb9f2729a7b88c3bdb7e6fb3d24ad8e02ab0ca0e9bf21cd034
ections for the tools.zip,new_computer_setup/Win11Debloat-master/Win11Debloat-master/Scripts/AppRemoval/Get-WingetInstalledApps.ps1,PRESENT_EXACT,Windows/Resources/NewComputerSetup/Win11Debloat-master/Win11Debloat-master/Scripts/AppRemoval/Get-WingetInstalledApps.ps1,e28713f6f8df6bc71c8b25b50f1cf1b99d42f1ca7161d5cbd9ab82515c6cc069
ections for the tools.zip,new_computer_setup/Win11Debloat-master/Win11Debloat-master/Scripts/AppRemoval/Invoke-ForceRemoveEdge.ps1,PRESENT_EXACT,Windows/Resources/NewComputerSetup/Win11Debloat-master/Win11Debloat-master/Scripts/AppRemoval/Invoke-ForceRemoveEdge.ps1,601e8e7dd513eca990191cc841871a2d2fccb5a2992bc6bae375eed60e53285f
ections for the tools.zip,new_computer_setup/Win11Debloat-master/Win11Debloat-master/Scripts/AppRemoval/Remove-SelectedApps.ps1,PRESENT_EXACT,Windows/Resources/NewComputerSetup/Win11Debloat-master/Win11Debloat-master/Scripts/AppRemoval/Remove-SelectedApps.ps1,4e9f10b59a5b504eb2d3004e59656f56749eef4fb3a2784a3a7e93424df00ae9
ections for the tools.zip,new_computer_setup/Win11Debloat-master/Win11Debloat-master/Scripts/AppRemoval/Test-AppInWingetList.ps1,PRESENT_EXACT,Windows/Resources/NewComputerSetup/Win11Debloat-master/Win11Debloat-master/Scripts/AppRemoval/Test-AppInWingetList.ps1,a04846eaa51149b1586d897c2782029879dad524369a88e9fe8317abaf8bc126
ections for the tools.zip,new_computer_setup/Win11Debloat-master/Win11Debloat-master/Scripts/CLI/Show-CliAppRemoval.ps1,PRESENT_EXACT,Windows/Resources/NewComputerSetup/Win11Debloat-master/Win11Debloat-master/Scripts/CLI/Show-CliAppRemoval.ps1,3daa794913f5e2eb0b3823344de0ea0da8605394565d96e75186383fa97fb3ce
ections for the tools.zip,new_computer_setup/Win11Debloat-master/Win11Debloat-master/Scripts/CLI/Show-CliDefaultModeAppRemovalOptions.ps1,PRESENT_EXACT,Windows/Resources/NewComputerSetup/Win11Debloat-master/Win11Debloat-master/Scripts/CLI/Show-CliDefaultModeAppRemovalOptions.ps1,3fa6669fa81bac62a8bf2752f342541ef120c50d5bad7acbf60a012ff1abf2e9
ections for the tools.zip,new_computer_setup/Win11Debloat-master/Win11Debloat-master/Scripts/CLI/Show-CliDefaultModeOptions.ps1,PRESENT_EXACT,Windows/Resources/NewComputerSetup/Win11Debloat-master/Win11Debloat-master/Scripts/CLI/Show-CliDefaultModeOptions.ps1,add2bfbf6ed4256758f2e7b3a0dbe4f26678a0cf6d6f9a535900c846134dab79
ections for the tools.zip,new_computer_setup/Win11Debloat-master/Win11Debloat-master/Scripts/CLI/Show-CliLastUsedSettings.ps1,PRESENT_EXACT,Windows/Resources/NewComputerSetup/Win11Debloat-master/Win11Debloat-master/Scripts/CLI/Show-CliLastUsedSettings.ps1,d662e1a6b175238e5e3d87b26e19c046e62509d4b2b572a6641af1c2473732ec
ections for the tools.zip,new_computer_setup/Win11Debloat-master/Win11Debloat-master/Scripts/CLI/Show-CliMenuOptions.ps1,PRESENT_EXACT,Windows/Resources/NewComputerSetup/Win11Debloat-master/Win11Debloat-master/Scripts/CLI/Show-CliMenuOptions.ps1,d51e602526375e1dcd6f36eb51f552a90e088eb9ac62f3518b880cbb75666d6e
ections for the tools.zip,new_computer_setup/Win11Debloat-master/Win11Debloat-master/Scripts/CLI/Wait-ForKeyPress.ps1,PRESENT_EXACT,Windows/Resources/NewComputerSetup/Win11Debloat-master/Win11Debloat-master/Scripts/CLI/Wait-ForKeyPress.ps1,f1476068db81171a803480267fa6403b66282d2fc952e3aa8390fbc4db9a955e
ections for the tools.zip,new_computer_setup/Win11Debloat-master/Win11Debloat-master/Scripts/CLI/Write-CliHeader.ps1,PRESENT_EXACT,Windows/Resources/NewComputerSetup/Win11Debloat-master/Win11Debloat-master/Scripts/CLI/Write-CliHeader.ps1,890a7f045039bfe94bdc39046189235ccb0873f5bb90ed4eabded8a91d2c90d8
ections for the tools.zip,new_computer_setup/Win11Debloat-master/Win11Debloat-master/Scripts/CLI/Write-PendingChanges.ps1,PRESENT_EXACT,Windows/Resources/NewComputerSetup/Win11Debloat-master/Win11Debloat-master/Scripts/CLI/Write-PendingChanges.ps1,ae606b25ab3948cd7b58c0c7be399dea24a01ff13c2156238dc1ab13fdee15b6
ections for the tools.zip,new_computer_setup/Win11Debloat-master/Win11Debloat-master/Scripts/Features/Backup-RegistryFeatureSelection.ps1,PRESENT_EXACT,Windows/Resources/NewComputerSetup/Win11Debloat-master/Win11Debloat-master/Scripts/Features/Backup-RegistryFeatureSelection.ps1,a25dc4c672408d4e03e1ea78b418a14a1e983d5a09c6cc5bba03932c20987d3e
ections for the tools.zip,new_computer_setup/Win11Debloat-master/Win11Debloat-master/Scripts/Features/Backup-RegistrySnapshotCapture.ps1,PRESENT_EXACT,Windows/Resources/NewComputerSetup/Win11Debloat-master/Win11Debloat-master/Scripts/Features/Backup-RegistrySnapshotCapture.ps1,f4803447279a0d13908841e6d766dd4f4616898226db072111f18937e113f76c
ections for the tools.zip,new_computer_setup/Win11Debloat-master/Win11Debloat-master/Scripts/Features/Backup-RegistryState.ps1,PRESENT_EXACT,Windows/Resources/NewComputerSetup/Win11Debloat-master/Win11Debloat-master/Scripts/Features/Backup-RegistryState.ps1,f3cc1082a7ec49406bba9945af1bf198adebfee17eeb45c8c6d46a1ed0e0d3dc
ections for the tools.zip,new_computer_setup/Win11Debloat-master/Win11Debloat-master/Scripts/Features/Get-CurrentTweakState.ps1,PRESENT_EXACT,Windows/Resources/NewComputerSetup/Win11Debloat-master/Win11Debloat-master/Scripts/Features/Get-CurrentTweakState.ps1,1f3151ee4b8bfeb2e364b34746177fb03ecaf93b8ccc16605a1c452597ca2464
ections for the tools.zip,new_computer_setup/Win11Debloat-master/Win11Debloat-master/Scripts/Features/Import-RegistryFile.ps1,PRESENT_EXACT,Windows/Resources/NewComputerSetup/Win11Debloat-master/Win11Debloat-master/Scripts/Features/Import-RegistryFile.ps1,2835e72825f41410285391efc850e1a6f0618dee9935e257edc505b49973bcf2
ections for the tools.zip,new_computer_setup/Win11Debloat-master/Win11Debloat-master/Scripts/Features/Invoke-Changes.ps1,PRESENT_EXACT,Windows/Resources/NewComputerSetup/Win11Debloat-master/Win11Debloat-master/Scripts/Features/Invoke-Changes.ps1,579d337051f2a327d8cb7d20159c4d170757760920bcdfa878685b659a8c0726
ections for the tools.zip,new_computer_setup/Win11Debloat-master/Win11Debloat-master/Scripts/Features/Invoke-RestartExplorer.ps1,PRESENT_EXACT,Windows/Resources/NewComputerSetup/Win11Debloat-master/Win11Debloat-master/Scripts/Features/Invoke-RestartExplorer.ps1,1ab33512fd141e15245c117fda10e05330b2507fbe6795fc1a4c25b5ec5efd1d
ections for the tools.zip,new_computer_setup/Win11Debloat-master/Win11Debloat-master/Scripts/Features/Invoke-SystemRestorePoint.ps1,PRESENT_EXACT,Windows/Resources/NewComputerSetup/Win11Debloat-master/Win11Debloat-master/Scripts/Features/Invoke-SystemRestorePoint.ps1,098f34290ce21e8dcfa098ed1e7182ecc3224cf0878e3ca1c787ad04bc8ff32b
ections for the tools.zip,new_computer_setup/Win11Debloat-master/Win11Debloat-master/Scripts/Features/Registry-BackupValidation.ps1,PRESENT_EXACT,Windows/Resources/NewComputerSetup/Win11Debloat-master/Win11Debloat-master/Scripts/Features/Registry-BackupValidation.ps1,4f04b9e0bd53ad2c2ae5a5a368da2c533f84249c88289bd7c42ba6bf021f34d4
ections for the tools.zip,new_computer_setup/Win11Debloat-master/Win11Debloat-master/Scripts/Features/Replace-StartMenu.ps1,PRESENT_EXACT,Windows/Resources/NewComputerSetup/Win11Debloat-master/Win11Debloat-master/Scripts/Features/Replace-StartMenu.ps1,f7d1ea9788efb81fb19b5c33f8b6fcc9af49d3b59820c8b3c3ed47de2cfb0d62
ections for the tools.zip,new_computer_setup/Win11Debloat-master/Win11Debloat-master/Scripts/Features/Restore-RegistryApplyState.ps1,PRESENT_EXACT,Windows/Resources/NewComputerSetup/Win11Debloat-master/Win11Debloat-master/Scripts/Features/Restore-RegistryApplyState.ps1,8721bf7e1b1055cfd609d3071897e58a011934b49a076e29db1fbc250de51991
ections for the tools.zip,new_computer_setup/Win11Debloat-master/Win11Debloat-master/Scripts/Features/Restore-RegistryBackup.ps1,PRESENT_EXACT,Windows/Resources/NewComputerSetup/Win11Debloat-master/Win11Debloat-master/Scripts/Features/Restore-RegistryBackup.ps1,b569e44258740479764973945e746c878bd4931fcf5454c5f3a0212f4b44c8b0
ections for the tools.zip,new_computer_setup/Win11Debloat-master/Win11Debloat-master/Scripts/Features/Set-StoreSearchSuggestions.ps1,PRESENT_EXACT,Windows/Resources/NewComputerSetup/Win11Debloat-master/Win11Debloat-master/Scripts/Features/Set-StoreSearchSuggestions.ps1,b09c2f4e0c2305a7c48ad2ee7cf2048c2281733a42f6607f788d063ce68d2813
ections for the tools.zip,new_computer_setup/Win11Debloat-master/Win11Debloat-master/Scripts/Features/Telemetry-ScheduledTasks.ps1,PRESENT_EXACT,Windows/Resources/NewComputerSetup/Win11Debloat-master/Win11Debloat-master/Scripts/Features/Telemetry-ScheduledTasks.ps1,7cd4ded6003cc11513a75eafd7211d57cb7441d064c55a89bd56ccc763bca568
ections for the tools.zip,new_computer_setup/Win11Debloat-master/Win11Debloat-master/Scripts/Features/Windows-OptionalFeatures.ps1,PRESENT_EXACT,Windows/Resources/NewComputerSetup/Win11Debloat-master/Win11Debloat-master/Scripts/Features/Windows-OptionalFeatures.ps1,a6f3257070c010540d99ca5853bbd33fd59c4af2088fc89524d0c1a369fcb283
ections for the tools.zip,new_computer_setup/Win11Debloat-master/Win11Debloat-master/Scripts/FileIO/Get-ValidatedAppList.ps1,PRESENT_EXACT,Windows/Resources/NewComputerSetup/Win11Debloat-master/Win11Debloat-master/Scripts/FileIO/Get-ValidatedAppList.ps1,52eb054f44b419b2cca790dfc27a03639bfda58400c47fe5570b5b5d2779ee7b
ections for the tools.zip,new_computer_setup/Win11Debloat-master/Win11Debloat-master/Scripts/FileIO/Import-AppDetailsFromJson.ps1,PRESENT_EXACT,Windows/Resources/NewComputerSetup/Win11Debloat-master/Win11Debloat-master/Scripts/FileIO/Import-AppDetailsFromJson.ps1,c77417c84f1feba2329f96e870a0a559e8a6871eac05a63332fc9b595fa3f3c0
ections for the tools.zip,new_computer_setup/Win11Debloat-master/Win11Debloat-master/Scripts/FileIO/Import-AppPresetsFromJson.ps1,PRESENT_EXACT,Windows/Resources/NewComputerSetup/Win11Debloat-master/Win11Debloat-master/Scripts/FileIO/Import-AppPresetsFromJson.ps1,1e3b61466c61dbebf6f2bec534d504989dec9e777e14554d4ab0ab6ce3a75399
ections for the tools.zip,new_computer_setup/Win11Debloat-master/Win11Debloat-master/Scripts/FileIO/Import-AppsFromFile.ps1,PRESENT_EXACT,Windows/Resources/NewComputerSetup/Win11Debloat-master/Win11Debloat-master/Scripts/FileIO/Import-AppsFromFile.ps1,95cae66b19e43d8ed90273b6dc6eeedfb76b24f2aa140fea3e0a8a2195b3ae90
ections for the tools.zip,new_computer_setup/Win11Debloat-master/Win11Debloat-master/Scripts/FileIO/Import-JsonFile.ps1,PRESENT_EXACT,Windows/Resources/NewComputerSetup/Win11Debloat-master/Win11Debloat-master/Scripts/FileIO/Import-JsonFile.ps1,a269ebb176ff781304ee229b618d4893c738810e4522bfd5b119cb5803511308
ections for the tools.zip,new_computer_setup/Win11Debloat-master/Win11Debloat-master/Scripts/FileIO/Import-Settings.ps1,PRESENT_EXACT,Windows/Resources/NewComputerSetup/Win11Debloat-master/Win11Debloat-master/Scripts/FileIO/Import-Settings.ps1,dd19035422f756835aa75ce863eda29a9e1fb2117b27d3379066f30c407b7971
ections for the tools.zip,new_computer_setup/Win11Debloat-master/Win11Debloat-master/Scripts/FileIO/Save-Settings.ps1,PRESENT_EXACT,Windows/Resources/NewComputerSetup/Win11Debloat-master/Win11Debloat-master/Scripts/FileIO/Save-Settings.ps1,0e3ca9a32af661e59c7f8587201988a98b3343c0194d031ddfc4ac3d20f4faeb
ections for the tools.zip,new_computer_setup/Win11Debloat-master/Win11Debloat-master/Scripts/FileIO/Save-ToFile.ps1,PRESENT_EXACT,Windows/Resources/NewComputerSetup/Win11Debloat-master/Win11Debloat-master/Scripts/FileIO/Save-ToFile.ps1,9c1ce25f1e8ef34011496bb2dd6427bda08c68821e5b4d473b0c1021e339b9b7
ections for the tools.zip,new_computer_setup/Win11Debloat-master/Win11Debloat-master/Scripts/GUI/Apply-SettingsToUiControls.ps1,PRESENT_EXACT,Windows/Resources/NewComputerSetup/Win11Debloat-master/Win11Debloat-master/Scripts/GUI/Apply-SettingsToUiControls.ps1,20d79e4fe4d3afbba3624653966df67cdea2153563143054088c0cec0b89ee8b
ections for the tools.zip,new_computer_setup/Win11Debloat-master/Win11Debloat-master/Scripts/GUI/Attach-ShiftClickBehavior.ps1,PRESENT_EXACT,Windows/Resources/NewComputerSetup/Win11Debloat-master/Win11Debloat-master/Scripts/GUI/Attach-ShiftClickBehavior.ps1,e014f47e74a3c3fd1c59d9939929ffee836ad1f52aed3b5c25ed751d7712de0e
ections for the tools.zip,new_computer_setup/Win11Debloat-master/Win11Debloat-master/Scripts/GUI/Get-SystemUsesDarkMode.ps1,PRESENT_EXACT,Windows/Resources/NewComputerSetup/Win11Debloat-master/Win11Debloat-master/Scripts/GUI/Get-SystemUsesDarkMode.ps1,f2d6a61d7b1e7cfe8da137ff0a1a4b4065e02f0c3decbc37fb27b6cc9e56588a
ections for the tools.zip,new_computer_setup/Win11Debloat-master/Win11Debloat-master/Scripts/GUI/MainWindow-AppSelection.ps1,PRESENT_EXACT,Windows/Resources/NewComputerSetup/Win11Debloat-master/Win11Debloat-master/Scripts/GUI/MainWindow-AppSelection.ps1,6540ea951586abd3b6d6ff0ebf8423cf044001f6f637b000982de51e6cd93f0a
ections for the tools.zip,new_computer_setup/Win11Debloat-master/Win11Debloat-master/Scripts/GUI/MainWindow-Deployment.ps1,PRESENT_EXACT,Windows/Resources/NewComputerSetup/Win11Debloat-master/Win11Debloat-master/Scripts/GUI/MainWindow-Deployment.ps1,ed17b55a8d47a5e5db5fc19c276ce60ac925969152145b55eb3d597aca68140d
ections for the tools.zip,new_computer_setup/Win11Debloat-master/Win11Debloat-master/Scripts/GUI/MainWindow-Navigation.ps1,PRESENT_EXACT,Windows/Resources/NewComputerSetup/Win11Debloat-master/Win11Debloat-master/Scripts/GUI/MainWindow-Navigation.ps1,5b92ff809520a3df52b3e4be43e56398076d623437cd61a780f2095f76025c8a
ections for the tools.zip,new_computer_setup/Win11Debloat-master/Win11Debloat-master/Scripts/GUI/MainWindow-TweaksBuilder.ps1,PRESENT_EXACT,Windows/Resources/NewComputerSetup/Win11Debloat-master/Win11Debloat-master/Scripts/GUI/MainWindow-TweaksBuilder.ps1,a9993676d9b2e50d905fae1de728c45694beb13da72f85b8eb9c0130de363cc1
ections for the tools.zip,new_computer_setup/Win11Debloat-master/Win11Debloat-master/Scripts/GUI/MainWindow-WindowChrome.ps1,PRESENT_EXACT,Windows/Resources/NewComputerSetup/Win11Debloat-master/Win11Debloat-master/Scripts/GUI/MainWindow-WindowChrome.ps1,0915f7b3e888c52e82774ce22274c826d377b910973c5e6de29354278df24f44
ections for the tools.zip,new_computer_setup/Win11Debloat-master/Win11Debloat-master/Scripts/GUI/Restore-BackupDialogFeatureLists.ps1,PRESENT_EXACT,Windows/Resources/NewComputerSetup/Win11Debloat-master/Win11Debloat-master/Scripts/GUI/Restore-BackupDialogFeatureLists.ps1,4bec5e9bdc4efb15f580cda7c37e6de22a652cba16434e3b7d5ebfcf2f73cdf2
ections for the tools.zip,new_computer_setup/Win11Debloat-master/Win11Debloat-master/Scripts/GUI/Set-WindowThemeResources.ps1,PRESENT_EXACT,Windows/Resources/NewComputerSetup/Win11Debloat-master/Win11Debloat-master/Scripts/GUI/Set-WindowThemeResources.ps1,ddbfd07bd2a2063094a9bcedef6f84e725220ee10f52bc42c00362abf9bb4b38
ections for the tools.zip,new_computer_setup/Win11Debloat-master/Win11Debloat-master/Scripts/GUI/Show-AboutDialog.ps1,PRESENT_EXACT,Windows/Resources/NewComputerSetup/Win11Debloat-master/Win11Debloat-master/Scripts/GUI/Show-AboutDialog.ps1,b70711604ebdf1d32ad913aed67841bd26902a3167bb45cb8ce3b29835e528dd
ections for the tools.zip,new_computer_setup/Win11Debloat-master/Win11Debloat-master/Scripts/GUI/Show-ApplyModal.ps1,PRESENT_EXACT,Windows/Resources/NewComputerSetup/Win11Debloat-master/Win11Debloat-master/Scripts/GUI/Show-ApplyModal.ps1,5c136017aa05f4468a8d18ad117e33457b737882ce4f705cd8c12898208f7169
ections for the tools.zip,new_computer_setup/Win11Debloat-master/Win11Debloat-master/Scripts/GUI/Show-AppSelectionWindow.ps1,PRESENT_EXACT,Windows/Resources/NewComputerSetup/Win11Debloat-master/Win11Debloat-master/Scripts/GUI/Show-AppSelectionWindow.ps1,590c895fb75a9915bdd72eb2ba4df0745f1dcf03ce16b21ac0963830bb23f681
ections for the tools.zip,new_computer_setup/Win11Debloat-master/Win11Debloat-master/Scripts/GUI/Show-Bubble.ps1,PRESENT_EXACT,Windows/Resources/NewComputerSetup/Win11Debloat-master/Win11Debloat-master/Scripts/GUI/Show-Bubble.ps1,32a85db870b825803c064d3a765646f8301e238251cff3e5e48e8ba9369a6f93
ections for the tools.zip,new_computer_setup/Win11Debloat-master/Win11Debloat-master/Scripts/GUI/Show-ImportExportConfigWindow.ps1,PRESENT_EXACT,Windows/Resources/NewComputerSetup/Win11Debloat-master/Win11Debloat-master/Scripts/GUI/Show-ImportExportConfigWindow.ps1,8272e10434f061ae42b908ba7fedebea87073963e9d05d03bee444400a55ecd4
ections for the tools.zip,new_computer_setup/Win11Debloat-master/Win11Debloat-master/Scripts/GUI/Show-MainWindow.ps1,PRESENT_EXACT,Windows/Resources/NewComputerSetup/Win11Debloat-master/Win11Debloat-master/Scripts/GUI/Show-MainWindow.ps1,cfdcb00faf331b2b749d37336441a3551dc7b0a6f32617b9d6332bc8122e0218
ections for the tools.zip,new_computer_setup/Win11Debloat-master/Win11Debloat-master/Scripts/GUI/Show-MessageBox.ps1,PRESENT_EXACT,Windows/Resources/NewComputerSetup/Win11Debloat-master/Win11Debloat-master/Scripts/GUI/Show-MessageBox.ps1,5683db5ebd70f2006bc404f2c254700416dbd825d3de16191e96968bba6a1ca3
ections for the tools.zip,new_computer_setup/Win11Debloat-master/Win11Debloat-master/Scripts/GUI/Show-RestoreBackupDialog.ps1,PRESENT_EXACT,Windows/Resources/NewComputerSetup/Win11Debloat-master/Win11Debloat-master/Scripts/GUI/Show-RestoreBackupDialog.ps1,f04592548af8db94e9ba818b119647ebd6246fc0a28faea55a6b50b4b97a5378
ections for the tools.zip,new_computer_setup/Win11Debloat-master/Win11Debloat-master/Scripts/GUI/Show-RestoreBackupWindow.ps1,PRESENT_EXACT,Windows/Resources/NewComputerSetup/Win11Debloat-master/Win11Debloat-master/Scripts/GUI/Show-RestoreBackupWindow.ps1,81813e634c94a2afff043ed618ec49842dae709f70bda0eb2cde36aa932cf8a1
ections for the tools.zip,new_computer_setup/Win11Debloat-master/Win11Debloat-master/Scripts/Helpers/Add-Parameter.ps1,PRESENT_EXACT,Windows/Resources/NewComputerSetup/Win11Debloat-master/Win11Debloat-master/Scripts/Helpers/Add-Parameter.ps1,6aa16d56c614007f97a89d0fd142013f1213adfb082a995d05c3630451664f41
ections for the tools.zip,new_computer_setup/Win11Debloat-master/Win11Debloat-master/Scripts/Helpers/Apply-RegistryRegFile.ps1,PRESENT_EXACT,Windows/Resources/NewComputerSetup/Win11Debloat-master/Win11Debloat-master/Scripts/Helpers/Apply-RegistryRegFile.ps1,1ac7689ef88d1802ed6aa5ba0734e601e47e0dbbaa54cd26b7e380e3a1827594
ections for the tools.zip,new_computer_setup/Win11Debloat-master/Win11Debloat-master/Scripts/Helpers/Confirm-UnsafeAppRemoval.ps1,PRESENT_EXACT,Windows/Resources/NewComputerSetup/Win11Debloat-master/Win11Debloat-master/Scripts/Helpers/Confirm-UnsafeAppRemoval.ps1,2a22db7728256ffdff219d0dec6067c3e497ae739f328669f4163ae141fdb868
ections for the tools.zip,new_computer_setup/Win11Debloat-master/Win11Debloat-master/Scripts/Helpers/Generate-AppsList.ps1,PRESENT_EXACT,Windows/Resources/NewComputerSetup/Win11Debloat-master/Win11Debloat-master/Scripts/Helpers/Generate-AppsList.ps1,b800f0a22a40b28f9d92ac927b0436f733625930e44112c725e0e212e0b70481
ections for the tools.zip,new_computer_setup/Win11Debloat-master/Win11Debloat-master/Scripts/Helpers/Get-FriendlyRegistryBackupTarget.ps1,PRESENT_EXACT,Windows/Resources/NewComputerSetup/Win11Debloat-master/Win11Debloat-master/Scripts/Helpers/Get-FriendlyRegistryBackupTarget.ps1,94e5f751fd6564aa91efd9905207a53f32d40e5e76b8aab0974a0ecf0f7b8fa1
ections for the tools.zip,new_computer_setup/Win11Debloat-master/Win11Debloat-master/Scripts/Helpers/Get-FriendlyTargetUserName.ps1,PRESENT_EXACT,Windows/Resources/NewComputerSetup/Win11Debloat-master/Win11Debloat-master/Scripts/Helpers/Get-FriendlyTargetUserName.ps1,4e28c7f36cf3be61c5a5a5052a9476c8bf4621554b619ef81c768ec0a0679a36
ections for the tools.zip,new_computer_setup/Win11Debloat-master/Win11Debloat-master/Scripts/Helpers/Get-RebootFeatureLabels.ps1,PRESENT_EXACT,Windows/Resources/NewComputerSetup/Win11Debloat-master/Win11Debloat-master/Scripts/Helpers/Get-RebootFeatureLabels.ps1,f52c9d3e33c96d0b3a741337fb5725fd45cc8b6f41969f2a957740fc88d3dfbf
ections for the tools.zip,new_computer_setup/Win11Debloat-master/Win11Debloat-master/Scripts/Helpers/Get-RegFileOperations.ps1,PRESENT_EXACT,Windows/Resources/NewComputerSetup/Win11Debloat-master/Win11Debloat-master/Scripts/Helpers/Get-RegFileOperations.ps1,26cfe66dd0a9e636eebfa6ccd01deba1795afa8f8ee6dc3d42837960d10cf77d
ections for the tools.zip,new_computer_setup/Win11Debloat-master/Win11Debloat-master/Scripts/Helpers/Get-TargetUserForAppRemoval.ps1,PRESENT_EXACT,Windows/Resources/NewComputerSetup/Win11Debloat-master/Win11Debloat-master/Scripts/Helpers/Get-TargetUserForAppRemoval.ps1,71cf9eeb1b6bbb877ad6cb0307589fb3169fa3a84b7f48e7417e27cdb17541d7
ections for the tools.zip,new_computer_setup/Win11Debloat-master/Win11Debloat-master/Scripts/Helpers/Get-UserDirectory.ps1,PRESENT_EXACT,Windows/Resources/NewComputerSetup/Win11Debloat-master/Win11Debloat-master/Scripts/Helpers/Get-UserDirectory.ps1,29ce985d0bdbc16a0086b8aa61674377571fd62fd75bb07f140aae664b369315
ections for the tools.zip,new_computer_setup/Win11Debloat-master/Win11Debloat-master/Scripts/Helpers/Get-UserName.ps1,PRESENT_EXACT,Windows/Resources/NewComputerSetup/Win11Debloat-master/Win11Debloat-master/Scripts/Helpers/Get-UserName.ps1,c586d689fa92feefcd9ed10569f354477d068e4f12f156bb9eb2ae4a8ad9f062
ections for the tools.zip,new_computer_setup/Win11Debloat-master/Win11Debloat-master/Scripts/Helpers/Import-ConfigToParams.ps1,PRESENT_EXACT,Windows/Resources/NewComputerSetup/Win11Debloat-master/Win11Debloat-master/Scripts/Helpers/Import-ConfigToParams.ps1,2c367634dabf16abcecb24dc9cb199071b1877fd372109ecce5f528a0f43cd17
ections for the tools.zip,new_computer_setup/Win11Debloat-master/Win11Debloat-master/Scripts/Helpers/Registry-PathHelpers.ps1,PRESENT_EXACT,Windows/Resources/NewComputerSetup/Win11Debloat-master/Win11Debloat-master/Scripts/Helpers/Registry-PathHelpers.ps1,6eba84d1a529b621c4ef5871f456d55f8c93d737b0b91bd09d75a1ab3934120b
ections for the tools.zip,new_computer_setup/Win11Debloat-master/Win11Debloat-master/Scripts/Helpers/Resolve-UserProfilePath.ps1,PRESENT_EXACT,Windows/Resources/NewComputerSetup/Win11Debloat-master/Win11Debloat-master/Scripts/Helpers/Resolve-UserProfilePath.ps1,b5a97dfbe03c203b5a0fde58d7cce6e77f61240b30592be2e3bf0cee9280584c
ections for the tools.zip,new_computer_setup/Win11Debloat-master/Win11Debloat-master/Scripts/Helpers/Test-ConfigConsistency.ps1,PRESENT_EXACT,Windows/Resources/NewComputerSetup/Win11Debloat-master/Win11Debloat-master/Scripts/Helpers/Test-ConfigConsistency.ps1,dcc18edb223d2030c3743639cc5e2463fa0b7415d758217fd03d3e2d67d11edc
ections for the tools.zip,new_computer_setup/Win11Debloat-master/Win11Debloat-master/Scripts/Helpers/Test-ModernStandbySupport.ps1,PRESENT_EXACT,Windows/Resources/NewComputerSetup/Win11Debloat-master/Win11Debloat-master/Scripts/Helpers/Test-ModernStandbySupport.ps1,b9a254e7486a395181e422a74c605717f8d1e573caa88eda33caba7a02aaa4e7
ections for the tools.zip,new_computer_setup/Win11Debloat-master/Win11Debloat-master/Scripts/Helpers/Test-TargetUserName.ps1,PRESENT_EXACT,Windows/Resources/NewComputerSetup/Win11Debloat-master/Win11Debloat-master/Scripts/Helpers/Test-TargetUserName.ps1,45621b4e52d60d964d88eeb18d319c7123f8907f556d002b20780f516a50fa9d
ections for the tools.zip,new_computer_setup/Win11Debloat-master/Win11Debloat-master/Scripts/Helpers/Test-UserProfileExists.ps1,PRESENT_EXACT,Windows/Resources/NewComputerSetup/Win11Debloat-master/Win11Debloat-master/Scripts/Helpers/Test-UserProfileExists.ps1,567caf112503cd7153eb500f4654bd3ef4a896d968e6be8be3830bb59d79b2a7
ections for the tools.zip,new_computer_setup/Win11Debloat-master/Win11Debloat-master/Scripts/Helpers/User-HiveHelpers.ps1,PRESENT_EXACT,Windows/Resources/NewComputerSetup/Win11Debloat-master/Win11Debloat-master/Scripts/Helpers/User-HiveHelpers.ps1,fd89096cb1d81891f7087e138259f7f591e46a80443a42bc471583dad8152936
ections for the tools.zip,new_computer_setup/Win11Debloat-master/Win11Debloat-master/Scripts/Threading/Invoke-DoEvents.ps1,PRESENT_EXACT,Windows/Resources/NewComputerSetup/Win11Debloat-master/Win11Debloat-master/Scripts/Threading/Invoke-DoEvents.ps1,3fabf05cf85f0ff6b46cc2978c697390aeed5cbf20a569687dfdb1e0893fcbc8
ections for the tools.zip,new_computer_setup/Win11Debloat-master/Win11Debloat-master/Scripts/Threading/Invoke-NonBlocking.ps1,PRESENT_EXACT,Windows/Resources/NewComputerSetup/Win11Debloat-master/Win11Debloat-master/Scripts/Threading/Invoke-NonBlocking.ps1,4ae4e61e63ced596de79538479804a53640f4488eb641404ab4f4d2f57d6b394
ections for the tools.zip,new_computer_setup/Win11Debloat-master/Win11Debloat-master/Tests/Apply-RegistryRegFile.Tests.ps1,PRESENT_EXACT,Windows/Resources/NewComputerSetup/Win11Debloat-master/Win11Debloat-master/Tests/Apply-RegistryRegFile.Tests.ps1,83d94667d25d845c35187d3b26439c7b02fe738ed7846c9bf33bb62decf5b6da
ections for the tools.zip,new_computer_setup/Win11Debloat-master/Win11Debloat-master/Tests/Confirm-UnsafeAppRemoval.Tests.ps1,PRESENT_EXACT,Windows/Resources/NewComputerSetup/Win11Debloat-master/Win11Debloat-master/Tests/Confirm-UnsafeAppRemoval.Tests.ps1,b80f32b236749ac82a2f626dbd53e21b1a8b694311c3f1e93010864977d2f90a
ections for the tools.zip,new_computer_setup/Win11Debloat-master/Win11Debloat-master/Tests/FeatureParameterContracts.Tests.ps1,PRESENT_EXACT,Windows/Resources/NewComputerSetup/Win11Debloat-master/Win11Debloat-master/Tests/FeatureParameterContracts.Tests.ps1,b03882b7f7b214dc9d649996d179167fa1085659f55e80019b0b63bc2ed11781
ections for the tools.zip,new_computer_setup/Win11Debloat-master/Win11Debloat-master/Tests/Get-CurrentTweakState.Tests.ps1,PRESENT_EXACT,Windows/Resources/NewComputerSetup/Win11Debloat-master/Win11Debloat-master/Tests/Get-CurrentTweakState.Tests.ps1,37a1d621beeaa151d206af902fe67c12efc410b78940400dd83154078c37586c
ections for the tools.zip,new_computer_setup/Win11Debloat-master/Win11Debloat-master/Tests/Get-FriendlyRegistryBackupTarget.Tests.ps1,PRESENT_EXACT,Windows/Resources/NewComputerSetup/Win11Debloat-master/Win11Debloat-master/Tests/Get-FriendlyRegistryBackupTarget.Tests.ps1,86cd7f141c571fa66e98d6ae2b260cebdc647ff045b5598870611abffc45066e
ections for the tools.zip,new_computer_setup/Win11Debloat-master/Win11Debloat-master/Tests/Get-RebootFeatureLabels.Tests.ps1,PRESENT_EXACT,Windows/Resources/NewComputerSetup/Win11Debloat-master/Win11Debloat-master/Tests/Get-RebootFeatureLabels.Tests.ps1,92f6bafd424a2220c1083ff63678439b1cd56652acf4c0010a0c73709607f100
ections for the tools.zip,new_computer_setup/Win11Debloat-master/Win11Debloat-master/Tests/Get-RegFileOperations.Tests.ps1,PRESENT_EXACT,Windows/Resources/NewComputerSetup/Win11Debloat-master/Win11Debloat-master/Tests/Get-RegFileOperations.Tests.ps1,0e107571c9c7e35028e09bb63d2610dfffe983012dfc255e48407088af82158f
ections for the tools.zip,new_computer_setup/Win11Debloat-master/Win11Debloat-master/Tests/Get-TargetUserForAppRemoval.Tests.ps1,PRESENT_EXACT,Windows/Resources/NewComputerSetup/Win11Debloat-master/Win11Debloat-master/Tests/Get-TargetUserForAppRemoval.Tests.ps1,f87611450427e7bb6fbcd97147c3f20f0e7ec198e17169c2b740e3e74680086d
ections for the tools.zip,new_computer_setup/Win11Debloat-master/Win11Debloat-master/Tests/Get-WingetInstalledApps.Tests.ps1,PRESENT_EXACT,Windows/Resources/NewComputerSetup/Win11Debloat-master/Win11Debloat-master/Tests/Get-WingetInstalledApps.Tests.ps1,f7092f29a2fd79f45ce140fe60e1a652971ae5491ca60db7187abd11e3984de1
ections for the tools.zip,new_computer_setup/Win11Debloat-master/Win11Debloat-master/Tests/Import-ConfigToParams.Tests.ps1,PRESENT_EXACT,Windows/Resources/NewComputerSetup/Win11Debloat-master/Win11Debloat-master/Tests/Import-ConfigToParams.Tests.ps1,6915ca02869fdf7da765f12fdb9534f20a690a2ba77c74065d8875d4c8981304
ections for the tools.zip,new_computer_setup/Win11Debloat-master/Win11Debloat-master/Tests/Import-JsonFile.Tests.ps1,PRESENT_EXACT,Windows/Resources/NewComputerSetup/Win11Debloat-master/Win11Debloat-master/Tests/Import-JsonFile.Tests.ps1,b964f2ede10b2b2f49558fe23a324db73588055feb8afed8effb21b2157c4f2e
ections for the tools.zip,new_computer_setup/Win11Debloat-master/Win11Debloat-master/Tests/Import-RegistryFile.Tests.ps1,PRESENT_EXACT,Windows/Resources/NewComputerSetup/Win11Debloat-master/Win11Debloat-master/Tests/Import-RegistryFile.Tests.ps1,2d57dd4f79b2b09b79cc31126da91c1cf818f81c02e369ebebb880aafb4d435e
ections for the tools.zip,new_computer_setup/Win11Debloat-master/Win11Debloat-master/Tests/Invoke-Changes.Tests.ps1,PRESENT_EXACT,Windows/Resources/NewComputerSetup/Win11Debloat-master/Win11Debloat-master/Tests/Invoke-Changes.Tests.ps1,111a01567b78981bd2824c584965b741b84197cc2ae1b14c4d031b5e4182a069
ections for the tools.zip,new_computer_setup/Win11Debloat-master/Win11Debloat-master/Tests/Invoke-NonBlocking.Tests.ps1,PRESENT_EXACT,Windows/Resources/NewComputerSetup/Win11Debloat-master/Win11Debloat-master/Tests/Invoke-NonBlocking.Tests.ps1,177816c3eea3b7e5c19337f1cdd57be342d15036a7bbbb17c817f0413d411790
ections for the tools.zip,new_computer_setup/Win11Debloat-master/Win11Debloat-master/Tests/Invoke-SystemRestorePoint.Tests.ps1,PRESENT_EXACT,Windows/Resources/NewComputerSetup/Win11Debloat-master/Win11Debloat-master/Tests/Invoke-SystemRestorePoint.Tests.ps1,7f39ec0b507b607cbcf0e699023cedae64f191781907c64c394cce132eef4299
ections for the tools.zip,new_computer_setup/Win11Debloat-master/Win11Debloat-master/Tests/MainWindow-AppSelection.Tests.ps1,PRESENT_EXACT,Windows/Resources/NewComputerSetup/Win11Debloat-master/Win11Debloat-master/Tests/MainWindow-AppSelection.Tests.ps1,1b01b870fe5dfb6bbc7263cf8e18f7d84132ea25fb6cde8b574e2dc23b8d00c7
ections for the tools.zip,new_computer_setup/Win11Debloat-master/Win11Debloat-master/Tests/MainWindow-Deployment.Tests.ps1,PRESENT_EXACT,Windows/Resources/NewComputerSetup/Win11Debloat-master/Win11Debloat-master/Tests/MainWindow-Deployment.Tests.ps1,df9eac1f4d2d73e2bbb32c8612bf9079f00562c5cf2d7d643ec13f9e55ba7e71
ections for the tools.zip,new_computer_setup/Win11Debloat-master/Win11Debloat-master/Tests/Registry-BackupCreation.Tests.ps1,PRESENT_EXACT,Windows/Resources/NewComputerSetup/Win11Debloat-master/Win11Debloat-master/Tests/Registry-BackupCreation.Tests.ps1,a6e123fe1f7cc8de08548a5b1e5527b4fc9fc987dfb37eb5382180946bb14177
ections for the tools.zip,new_computer_setup/Win11Debloat-master/Win11Debloat-master/Tests/Registry-BackupFeatureValidation.Tests.ps1,PRESENT_EXACT,Windows/Resources/NewComputerSetup/Win11Debloat-master/Win11Debloat-master/Tests/Registry-BackupFeatureValidation.Tests.ps1,e09da007e0700c21f71f08d45a409600e51a24d27f4615a466a9778af2c3faec
ections for the tools.zip,new_computer_setup/Win11Debloat-master/Win11Debloat-master/Tests/Registry-BackupValidation.Tests.ps1,PRESENT_EXACT,Windows/Resources/NewComputerSetup/Win11Debloat-master/Win11Debloat-master/Tests/Registry-BackupValidation.Tests.ps1,f248de28647244880beeb24051b68fb0d6070d183db3f513dbd7d456e9920e0d
ections for the tools.zip,new_computer_setup/Win11Debloat-master/Win11Debloat-master/Tests/Registry-PathHelpers.Tests.ps1,PRESENT_EXACT,Windows/Resources/NewComputerSetup/Win11Debloat-master/Win11Debloat-master/Tests/Registry-PathHelpers.Tests.ps1,0734cc02cb2067b5f59cbc0a13d62889b474e3272a1d89ddd778d665e469ada6
ections for the tools.zip,new_computer_setup/Win11Debloat-master/Win11Debloat-master/Tests/Registry-SnapshotApply.Tests.ps1,PRESENT_EXACT,Windows/Resources/NewComputerSetup/Win11Debloat-master/Win11Debloat-master/Tests/Registry-SnapshotApply.Tests.ps1,d63a31eeea812732b8250d4a46c8a8a0d68a26c158c6d230382cdbbbe26ef4af
ections for the tools.zip,new_computer_setup/Win11Debloat-master/Win11Debloat-master/Tests/Remove-SelectedApps.Tests.ps1,PRESENT_EXACT,Windows/Resources/NewComputerSetup/Win11Debloat-master/Win11Debloat-master/Tests/Remove-SelectedApps.Tests.ps1,e363171dfe8df3ec044a06f0b3930fed4fb6b3d85735f924ce7b0b862af3fcca
ections for the tools.zip,new_computer_setup/Win11Debloat-master/Win11Debloat-master/Tests/Replace-StartMenu.Tests.ps1,PRESENT_EXACT,Windows/Resources/NewComputerSetup/Win11Debloat-master/Win11Debloat-master/Tests/Replace-StartMenu.Tests.ps1,7f27220352340eb7ac2e9b6dcc2ee6f0ed3423d7632323734dcba2acd6bd206c
ections for the tools.zip,new_computer_setup/Win11Debloat-master/Win11Debloat-master/Tests/Resolve-UserProfilePath.Tests.ps1,PRESENT_EXACT,Windows/Resources/NewComputerSetup/Win11Debloat-master/Win11Debloat-master/Tests/Resolve-UserProfilePath.Tests.ps1,8281f1f1ae1d15d558c2e43fc6fac682377642f7c892c8d4b85b8bbb797ce78d
ections for the tools.zip,new_computer_setup/Win11Debloat-master/Win11Debloat-master/Tests/Restore-BackupDialogFeatureLists.Tests.ps1,PRESENT_EXACT,Windows/Resources/NewComputerSetup/Win11Debloat-master/Win11Debloat-master/Tests/Restore-BackupDialogFeatureLists.Tests.ps1,a0b74093a7a2b736586d17f92892c12e9110f3f4bebc74e2394b672a0e42fd7f
ections for the tools.zip,new_computer_setup/Win11Debloat-master/Win11Debloat-master/Tests/Restore-RegistryApplyState.Tests.ps1,PRESENT_EXACT,Windows/Resources/NewComputerSetup/Win11Debloat-master/Win11Debloat-master/Tests/Restore-RegistryApplyState.Tests.ps1,32509358c759dde97b095f8e4ca7b4a6a07f0d2d31bc1160c4116c0ae6db7b63
ections for the tools.zip,new_computer_setup/Win11Debloat-master/Win11Debloat-master/Tests/Restore-RegistryBackup.Tests.ps1,PRESENT_EXACT,Windows/Resources/NewComputerSetup/Win11Debloat-master/Win11Debloat-master/Tests/Restore-RegistryBackup.Tests.ps1,336b9e35ef38f53bde0161324a1403b6958fa1d3eb595af4c7993a580612685c
ections for the tools.zip,new_computer_setup/Win11Debloat-master/Win11Debloat-master/Tests/Set-StoreSearchSuggestions.Tests.ps1,PRESENT_EXACT,Windows/Resources/NewComputerSetup/Win11Debloat-master/Win11Debloat-master/Tests/Set-StoreSearchSuggestions.Tests.ps1,732ae293cc56c11d74b0cbacbca2faad209188b61a16cecd5a82dbd53bf0cbf1
ections for the tools.zip,new_computer_setup/Win11Debloat-master/Win11Debloat-master/Tests/Settings-And-Apps-FileIO.Tests.ps1,PRESENT_EXACT,Windows/Resources/NewComputerSetup/Win11Debloat-master/Win11Debloat-master/Tests/Settings-And-Apps-FileIO.Tests.ps1,53cdfcd14f8e2c92e407420f8e28c33fa47d1ac4b0ba72d1c5cd142e4f510657
ections for the tools.zip,new_computer_setup/Win11Debloat-master/Win11Debloat-master/Tests/Show-CliMenuOptions.Tests.ps1,PRESENT_EXACT,Windows/Resources/NewComputerSetup/Win11Debloat-master/Win11Debloat-master/Tests/Show-CliMenuOptions.Tests.ps1,6f059e14fa181cc1bb68060333b7bb59182b29cb17a1d590bee6b57f183c72d8
ections for the tools.zip,new_computer_setup/Win11Debloat-master/Win11Debloat-master/Tests/Telemetry-ScheduledTasks.Tests.ps1,PRESENT_EXACT,Windows/Resources/NewComputerSetup/Win11Debloat-master/Win11Debloat-master/Tests/Telemetry-ScheduledTasks.Tests.ps1,807fea5b69022b043e6901c4231c8d417055b1f3a160dfea3602404e2ee039ef
ections for the tools.zip,new_computer_setup/Win11Debloat-master/Win11Debloat-master/Tests/Test-AppInWingetList.Tests.ps1,PRESENT_EXACT,Windows/Resources/NewComputerSetup/Win11Debloat-master/Win11Debloat-master/Tests/Test-AppInWingetList.Tests.ps1,4d9ad05064b4118644b4c30e3c7d252180fd992fe932b5e43e5b5f3b055ead6b
ections for the tools.zip,new_computer_setup/Win11Debloat-master/Win11Debloat-master/Tests/TestSuiteSafety.Tests.ps1,PRESENT_EXACT,Windows/Resources/NewComputerSetup/Win11Debloat-master/Win11Debloat-master/Tests/TestSuiteSafety.Tests.ps1,4e124b692e3543f807cb7bd5b2aa5a0e1eaec75d2a297690e5a43cea5f0dac03
ections for the tools.zip,new_computer_setup/Win11Debloat-master/Win11Debloat-master/Tests/User-HiveHelpers.Tests.ps1,PRESENT_EXACT,Windows/Resources/NewComputerSetup/Win11Debloat-master/Win11Debloat-master/Tests/User-HiveHelpers.Tests.ps1,3e21e54289ec11f67d353545728210d36d872e2dbc0318181e5f3801bdaf7f29
ections for the tools.zip,new_computer_setup/Win11Debloat-master/Win11Debloat-master/Tests/User-LookupHelpers.Tests.ps1,PRESENT_EXACT,Windows/Resources/NewComputerSetup/Win11Debloat-master/Win11Debloat-master/Tests/User-LookupHelpers.Tests.ps1,5f460d95fac85bb8a56ddc1c5023a97aec1cad16beff37f79415d55b66855b56
ections for the tools.zip,new_computer_setup/Win11Debloat-master/Win11Debloat-master/Tests/Wait-ForKeyPress.Tests.ps1,PRESENT_EXACT,Windows/Resources/NewComputerSetup/Win11Debloat-master/Win11Debloat-master/Tests/Wait-ForKeyPress.Tests.ps1,d1ad2d0f7370a62f44da169e7e77b6c99256d3b1ff10fb25fd5ded1e741d90bf
ections for the tools.zip,new_computer_setup/Win11Debloat-master/Win11Debloat-master/Tests/Windows-OptionalFeatures.Tests.ps1,PRESENT_EXACT,Windows/Resources/NewComputerSetup/Win11Debloat-master/Win11Debloat-master/Tests/Windows-OptionalFeatures.Tests.ps1,c1b8f80e8caf415d3aecda77bbf8edc2b897e8c3f192513dc40819294d002b00
ections for the tools.zip,new_computer_setup/Win11Debloat-master/Win11Debloat-master/Tests/XamlContracts.Tests.ps1,PRESENT_EXACT,Windows/Resources/NewComputerSetup/Win11Debloat-master/Win11Debloat-master/Tests/XamlContracts.Tests.ps1,8b0fc15b8333cb15d2b350d30959730189993fd7498f348c7d1a1c4262389775
ections for the tools.zip,new_computer_setup/Win11Debloat-master/Win11Debloat-master/Tests/TestData/JsonFileLoading/Config.Invalid.json,PRESENT_EXACT,Windows/Resources/NewComputerSetup/Win11Debloat-master/Win11Debloat-master/Tests/TestData/JsonFileLoading/Config.Invalid.json,8b9f11fdcbed2fdb4000502b405729e3255d6eb7954f1dff1c4ad60e796f4275
ections for the tools.zip,new_computer_setup/Win11Debloat-master/Win11Debloat-master/Tests/TestData/JsonFileLoading/Config.Valid.json,PRESENT_EXACT,Windows/Resources/NewComputerSetup/Win11Debloat-master/Win11Debloat-master/Tests/TestData/JsonFileLoading/Config.Valid.json,15de50cd9899e491e20e8d58d724787918025482b6cb2dd191c5e0e25e4d820c
ections for the tools.zip,new_computer_setup/Win11Debloat-master/Win11Debloat-master/Tests/TestData/JsonFileLoading/Config.VersionMismatch.json,PRESENT_EXACT,Windows/Resources/NewComputerSetup/Win11Debloat-master/Win11Debloat-master/Tests/TestData/JsonFileLoading/Config.VersionMismatch.json,5a0e9633cf6c5d503e9e874799ddfe9b1d0cdb8ea45582364e3e9ba649d69264
ections for the tools.zip,new_computer_setup/Win11Debloat-master/Win11Debloat-master/Tests/TestData/JsonFileLoading/DefaultSettings.MissingSettings.json,PRESENT_EXACT,Windows/Resources/NewComputerSetup/Win11Debloat-master/Win11Debloat-master/Tests/TestData/JsonFileLoading/DefaultSettings.MissingSettings.json,1b8ba5119597682cf6bdb2e0819b2018d8c5023bf7aa13435e79425489012126
ections for the tools.zip,new_computer_setup/Win11Debloat-master/Win11Debloat-master/Tests/TestData/JsonFileLoading/DefaultSettings.Valid.json,PRESENT_EXACT,Windows/Resources/NewComputerSetup/Win11Debloat-master/Win11Debloat-master/Tests/TestData/JsonFileLoading/DefaultSettings.Valid.json,a8ee2264f71c49dcd3b9d2466c72f009fd72da073d5f6cd6340f2994fbb38c57
ections for the tools.zip,new_computer_setup/Win11Debloat-master/Win11Debloat-master/Tests/TestData/JsonFileLoading/ExportedConfig.SkipRegistryBackup.json,PRESENT_EXACT,Windows/Resources/NewComputerSetup/Win11Debloat-master/Win11Debloat-master/Tests/TestData/JsonFileLoading/ExportedConfig.SkipRegistryBackup.json,9912f04ddf278d76536373947e1aa6b7513ca6f09fcb9a50ed2b0162ca09abae
ections for the tools.zip,new_computer_setup/Win11Debloat-master/Win11Debloat-master/Tests/TestData/JsonFileLoading/ExportedConfig.WithSettings.json,PRESENT_EXACT,Windows/Resources/NewComputerSetup/Win11Debloat-master/Win11Debloat-master/Tests/TestData/JsonFileLoading/ExportedConfig.WithSettings.json,5bb0f175598aeba1ffe86b92921950baf10610dffafaf48c840d784b7f3d642a
ections for the tools.zip,new_computer_setup/Win11Debloat-master/Win11Debloat-master/Tests/TestData/JsonFileLoading/LastUsedSettings.Invalid.json,PRESENT_EXACT,Windows/Resources/NewComputerSetup/Win11Debloat-master/Win11Debloat-master/Tests/TestData/JsonFileLoading/LastUsedSettings.Invalid.json,14a526cf4abc2a7a706ac3d3cec43278ce4d65544e4b7657075f5b3c4f95f895
ections for the tools.zip,new_computer_setup/Win11Debloat-master/Win11Debloat-master/Tests/TestData/JsonFileLoading/LastUsedSettings.Valid.json,PRESENT_EXACT,Windows/Resources/NewComputerSetup/Win11Debloat-master/Win11Debloat-master/Tests/TestData/JsonFileLoading/LastUsedSettings.Valid.json,b176188de2d44b06d71f5a32c1a7e22413ef5d55802138b18bb946af75f9aea5
ections for the tools.zip,new_computer_setup/Win11Debloat-master/Win11Debloat-master/Tests/TestData/JsonFileLoading/RegistryBackup.Invalid.json,PRESENT_EXACT,Windows/Resources/NewComputerSetup/Win11Debloat-master/Win11Debloat-master/Tests/TestData/JsonFileLoading/RegistryBackup.Invalid.json,16080bae4119d3eab7a7e0e05cb86914e8db702d920eb2a433f118d5d0590e28
ections for the tools.zip,new_computer_setup/Win11Debloat-master/Win11Debloat-master/Tests/TestData/JsonFileLoading/RegistryBackup.RealStructure.json,PRESENT_EXACT,Windows/Resources/NewComputerSetup/Win11Debloat-master/Win11Debloat-master/Tests/TestData/JsonFileLoading/RegistryBackup.RealStructure.json,50ab77c4f6557e72b791621a0cd235d50ab1336b26c662dfc0ec8ea17194fd7b
ections for the tools.zip,new_computer_setup/Win11Debloat-master/Win11Debloat-master/Tests/TestData/JsonFileLoading/RegistryBackup.Valid.json,PRESENT_EXACT,Windows/Resources/NewComputerSetup/Win11Debloat-master/Win11Debloat-master/Tests/TestData/JsonFileLoading/RegistryBackup.Valid.json,a2751666ff7656a3679a6a2a7e6e5f9f9330a90b0468285d51c381b61f43755c
ections for the tools.zip,new_computer_setup/winutil-main/winutil-main/.gitattributes,EXCLUDED_UPSTREAM_GIT_CONVERSION_RULES,,33dcae708d6559858020a05364bb9cc47aa67a9c48846e87cdc945b3482eba21
ections for the tools.zip,new_computer_setup/winutil-main/winutil-main/.gitignore,PRESENT_EXACT,Windows/Resources/NewComputerSetup/winutil-main/winutil-main/.gitignore,dc1bc27cece2c6491cfe91fdaed75c2b6f10e2d7bbae557a2ba4809da634728f
ections for the tools.zip,new_computer_setup/winutil-main/winutil-main/AGENTS.md,PRESENT_EXACT,Windows/Resources/NewComputerSetup/winutil-main/winutil-main/AGENTS.md,bbc0d074e6b105c9c894a7278a466c8027e7c9391614c3a6eea67a296f3938fc
ections for the tools.zip,new_computer_setup/winutil-main/winutil-main/CLAUDE.md,PRESENT_EXACT,Windows/Resources/NewComputerSetup/winutil-main/winutil-main/CLAUDE.md,4be085e5b886a6a6bf6832ddfe58e7f3e5b39998c903869d3e37499d1a697cf4
ections for the tools.zip,new_computer_setup/winutil-main/winutil-main/Compile.ps1,PRESENT_EXACT,Windows/Resources/NewComputerSetup/winutil-main/winutil-main/Compile.ps1,b421af9aa51c67fab61874a298965c88ec8b4df677dd5d84f627c2d581b363f2
ections for the tools.zip,new_computer_setup/winutil-main/winutil-main/GEMINI.md,PRESENT_EXACT,Windows/Resources/NewComputerSetup/winutil-main/winutil-main/GEMINI.md,1f4d44a442f7752f1c54d9700d0a3bfb8ef09b3aba1f889fdb8b14c5e9a1155a
ections for the tools.zip,new_computer_setup/winutil-main/winutil-main/LICENSE,PRESENT_EXACT,Windows/Resources/NewComputerSetup/winutil-main/winutil-main/LICENSE,469b54dadfa5c0d0002291e452fcaa32165356d3459e1dee040404db5439fb1c
ections for the tools.zip,new_computer_setup/winutil-main/winutil-main/README.md,PRESENT_EXACT,Windows/Resources/NewComputerSetup/winutil-main/winutil-main/README.md,9cb5436179843238e35cdf67841e382087dae5102fc41264d2ed8b97d9245a2d
ections for the tools.zip,new_computer_setup/winutil-main/winutil-main/sign.bat,PRESENT_EXACT,Windows/Resources/NewComputerSetup/winutil-main/winutil-main/sign.bat,a870bb236d5cd984bebb6bd13d70c9fedde9ef0c134c9669da741c5c71d965af
ections for the tools.zip,new_computer_setup/winutil-main/winutil-main/SPEC.md,PRESENT_EXACT,Windows/Resources/NewComputerSetup/winutil-main/winutil-main/SPEC.md,89db17a704527bb82cf56af716b001ec5a2d5064d93ba1a510462e47a9cbb2b9
ections for the tools.zip,new_computer_setup/winutil-main/winutil-main/windev.ps1,PRESENT_EXACT,Windows/Resources/NewComputerSetup/winutil-main/winutil-main/windev.ps1,3241cd35e5dd3bcbbdffd5a39de4d5d07bfe1fa8926377eea6685ece2611adde
ections for the tools.zip,new_computer_setup/winutil-main/winutil-main/.github/CODEOWNERS,PRESENT_EXACT,Windows/Resources/NewComputerSetup/winutil-main/winutil-main/.github/CODEOWNERS,1dc650f9fbe7ce6dc26ed7540382ed59006fbe9d0da32e20de7cf6ae0e40015d
ections for the tools.zip,new_computer_setup/winutil-main/winutil-main/.github/CODE_OF_CONDUCT.md,PRESENT_EXACT,Windows/Resources/NewComputerSetup/winutil-main/winutil-main/.github/CODE_OF_CONDUCT.md,f210e34ccd02cf83c4f64025fc8b7e449d5677acfba273257ac9cccc6e19d424
ections for the tools.zip,new_computer_setup/winutil-main/winutil-main/.github/CONTRIBUTING.md,PRESENT_EXACT,Windows/Resources/NewComputerSetup/winutil-main/winutil-main/.github/CONTRIBUTING.md,2830577faadcbf11475cba3e6b03cb1f7f28e5de444f4fd95cfd6a8cfa4eee12
ections for the tools.zip,new_computer_setup/winutil-main/winutil-main/.github/copilot-instructions.md,PRESENT_EXACT,Windows/Resources/NewComputerSetup/winutil-main/winutil-main/.github/copilot-instructions.md,2f3084599dcab62125cf61d464df68ab26c45fd89a318b3f27e2bb907c500d86
ections for the tools.zip,new_computer_setup/winutil-main/winutil-main/.github/dependabot.yml,PRESENT_EXACT,Windows/Resources/NewComputerSetup/winutil-main/winutil-main/.github/dependabot.yml,f561ad2f5dbc3d4f78c743c95a5e93fb4c836b5f1f6c7ad03dc94423fc1b9a93
ections for the tools.zip,new_computer_setup/winutil-main/winutil-main/.github/FUNDING.yml,PRESENT_EXACT,Windows/Resources/NewComputerSetup/winutil-main/winutil-main/.github/FUNDING.yml,d7690be4b96847b9b049a87b3063c190c974161be52cfc32fce2ca5c3d0b9610
ections for the tools.zip,new_computer_setup/winutil-main/winutil-main/.github/PULL_REQUEST_TEMPLATE.md,PRESENT_EXACT,Windows/Resources/NewComputerSetup/winutil-main/winutil-main/.github/PULL_REQUEST_TEMPLATE.md,27546d7d2139e1013a2c64d77cbc79ff45db5cac01ff38f75fc934766e2178d8
ections for the tools.zip,new_computer_setup/winutil-main/winutil-main/.github/READMEITALIAN.md,PRESENT_EXACT,Windows/Resources/NewComputerSetup/winutil-main/winutil-main/.github/READMEITALIAN.md,68afd685900822495e774721167db702b11f9ef11a58701971b23ffdfeb2c2fd
ections for the tools.zip,new_computer_setup/winutil-main/winutil-main/.github/release-drafter.yml,PRESENT_EXACT,Windows/Resources/NewComputerSetup/winutil-main/winutil-main/.github/release-drafter.yml,0ebd5c1aedbf442eac9b63ff27bab7bf5ac4eda2d315170d17afa446102519ce
ections for the tools.zip,new_computer_setup/winutil-main/winutil-main/.github/SECURITY.md,PRESENT_EXACT,Windows/Resources/NewComputerSetup/winutil-main/winutil-main/.github/SECURITY.md,ceb2232cf931741cbab07bb65377085ee86ad6a8839c825872a70549a1d271ad
ections for the tools.zip,new_computer_setup/winutil-main/winutil-main/.github/DISCUSSION_TEMPLATE/app-suggestion.yaml,PRESENT_EXACT,Windows/Resources/NewComputerSetup/winutil-main/winutil-main/.github/DISCUSSION_TEMPLATE/app-suggestion.yaml,a1a05579e49bc468815a9fd993b58ded31485930599b2f790eb499f061bc2a0b
ections for the tools.zip,new_computer_setup/winutil-main/winutil-main/.github/ISSUE_TEMPLATE/bug_report.yaml,PRESENT_EXACT,Windows/Resources/NewComputerSetup/winutil-main/winutil-main/.github/ISSUE_TEMPLATE/bug_report.yaml,101be4ef1ce700cb1bd2e41963128fa63caeee257a28d7f70847937cd16c74fb
ections for the tools.zip,new_computer_setup/winutil-main/winutil-main/.github/ISSUE_TEMPLATE/config.yml,PRESENT_EXACT,Windows/Resources/NewComputerSetup/winutil-main/winutil-main/.github/ISSUE_TEMPLATE/config.yml,83678215131fe0ded964d0fea5b0cd46de4914891431e04ad69f12b945dc5f68
ections for the tools.zip,new_computer_setup/winutil-main/winutil-main/.github/ISSUE_TEMPLATE/feature_request.yaml,PRESENT_EXACT,Windows/Resources/NewComputerSetup/winutil-main/winutil-main/.github/ISSUE_TEMPLATE/feature_request.yaml,dd05ff0e8fdfb2df6b5390f56a92b1dc9f0b00ad2804c71666533b7bc7c254a7
ections for the tools.zip,new_computer_setup/winutil-main/winutil-main/.github/workflows/auto-merge-docs.yaml,PRESENT_EXACT,Windows/Resources/NewComputerSetup/winutil-main/winutil-main/.github/workflows/auto-merge-docs.yaml,a2ff7e6044bc03b5c480a2a96df25dace5a59f08ff306f02c42ed46e9ea24186
ections for the tools.zip,new_computer_setup/winutil-main/winutil-main/.github/workflows/close-discussion-on-pr.yaml,PRESENT_EXACT,Windows/Resources/NewComputerSetup/winutil-main/winutil-main/.github/workflows/close-discussion-on-pr.yaml,b4749d8050b18d0aa9d86ca7419433ef852c99db8714cddbb8dd4577fe083aec
ections for the tools.zip,new_computer_setup/winutil-main/winutil-main/.github/workflows/close-old-issues.yaml,PRESENT_EXACT,Windows/Resources/NewComputerSetup/winutil-main/winutil-main/.github/workflows/close-old-issues.yaml,27289f5bdb97f73c6bfe29217f3531709f6c298e38ac51abee3d72400f43be1f
ections for the tools.zip,new_computer_setup/winutil-main/winutil-main/.github/workflows/compile-check.yaml,PRESENT_EXACT,Windows/Resources/NewComputerSetup/winutil-main/winutil-main/.github/workflows/compile-check.yaml,18f79eb710e1132a1dd1669839f06a87c11d2b2cd9be2f34b5bca76d994c98c4
ections for the tools.zip,new_computer_setup/winutil-main/winutil-main/.github/workflows/docs.yaml,PRESENT_EXACT,Windows/Resources/NewComputerSetup/winutil-main/winutil-main/.github/workflows/docs.yaml,8bb156d08911822e6994fff832b4b8ea93c4bebec267ed7069b190b2bc9ba757
ections for the tools.zip,new_computer_setup/winutil-main/winutil-main/.github/workflows/label-pr.yaml,PRESENT_EXACT,Windows/Resources/NewComputerSetup/winutil-main/winutil-main/.github/workflows/label-pr.yaml,1a88563a2b9d4db50023b120daa313c33f850001de4df1c52429fc779f2253d5
ections for the tools.zip,new_computer_setup/winutil-main/winutil-main/.github/workflows/pre-release.yaml,PRESENT_EXACT,Windows/Resources/NewComputerSetup/winutil-main/winutil-main/.github/workflows/pre-release.yaml,615d07a8591eb7dc29b12a5a8f6c5e67f1f1322ff5ae50a6b32c61a5eb49196e
ections for the tools.zip,new_computer_setup/winutil-main/winutil-main/.github/workflows/remove-winutil.yaml,PRESENT_EXACT,Windows/Resources/NewComputerSetup/winutil-main/winutil-main/.github/workflows/remove-winutil.yaml,6680dbe4457850d9aeb899004015efabed143dc10c706514e894262f06e21d83
ections for the tools.zip,new_computer_setup/winutil-main/winutil-main/.github/workflows/sponsors.yaml,PRESENT_EXACT,Windows/Resources/NewComputerSetup/winutil-main/winutil-main/.github/workflows/sponsors.yaml,7f80a9a69aacf5e4ddea48c0b5b951413ebe149848624847abee545c8d9bf993
ections for the tools.zip,new_computer_setup/winutil-main/winutil-main/.github/workflows/triage-tools.yaml,PRESENT_EXACT,Windows/Resources/NewComputerSetup/winutil-main/winutil-main/.github/workflows/triage-tools.yaml,456d7e240f0fb608869c84e56e34f62c6f70067b9ee908168c3e080ef2513dbf
ections for the tools.zip,new_computer_setup/winutil-main/winutil-main/.github/workflows/unittests.yaml,PRESENT_EXACT,Windows/Resources/NewComputerSetup/winutil-main/winutil-main/.github/workflows/unittests.yaml,cb114cdaf30eddcd1a24ebe246dc538bdbe4fbf87135cfa9c843caae5b11a247
ections for the tools.zip,new_computer_setup/winutil-main/winutil-main/config/applications.json,PRESENT_EXACT,Windows/Resources/NewComputerSetup/winutil-main/winutil-main/config/applications.json,46ad39984e5e7d1f38effc657467b5f1a63b9bfad777cbec870cfd2910b9f30f
ections for the tools.zip,new_computer_setup/winutil-main/winutil-main/config/appnavigation.json,PRESENT_EXACT,Windows/Resources/NewComputerSetup/winutil-main/winutil-main/config/appnavigation.json,ac479c283a9c8caafa881f91bcf031ae7c9494269862d9bb8ea90f0885d350ad
ections for the tools.zip,new_computer_setup/winutil-main/winutil-main/config/appx.json,PRESENT_EXACT,Windows/Resources/NewComputerSetup/winutil-main/winutil-main/config/appx.json,f4d07e76eb17a53bd3dd72eb9d54fc98e9194d08df7ca4b7e61e44a2026530ec
ections for the tools.zip,new_computer_setup/winutil-main/winutil-main/config/dns.json,PRESENT_EXACT,Windows/Resources/NewComputerSetup/winutil-main/winutil-main/config/dns.json,7a56d6c46de4b7c5a43f83a9408dc3976111d910adccefd9d69f12f219d609ad
ections for the tools.zip,new_computer_setup/winutil-main/winutil-main/config/feature.json,PRESENT_EXACT,Windows/Resources/NewComputerSetup/winutil-main/winutil-main/config/feature.json,37fcc200e434ee98a6d693eb79f08310e988ec0630db404339719727b791c376
ections for the tools.zip,new_computer_setup/winutil-main/winutil-main/config/preset.json,PRESENT_EXACT,Windows/Resources/NewComputerSetup/winutil-main/winutil-main/config/preset.json,3fe9745aa029c9350e75d2bd4690cb4bf1edb25a64ca658e5d13ce984aef6f3f
ections for the tools.zip,new_computer_setup/winutil-main/winutil-main/config/themes.json,PRESENT_EXACT,Windows/Resources/NewComputerSetup/winutil-main/winutil-main/config/themes.json,3580785553e621794683e64da44e7635b24ae4ae2397c5060848a82e9b158983
ections for the tools.zip,new_computer_setup/winutil-main/winutil-main/config/tweaks.json,PRESENT_EXACT,Windows/Resources/NewComputerSetup/winutil-main/winutil-main/config/tweaks.json,ceeeaf210309390ce094a16bb3f0467852e915e9f946e7c7c723a9af1fcbb2f9
ections for the tools.zip,new_computer_setup/winutil-main/winutil-main/docs/.dockerignore,PRESENT_EXACT,Windows/Resources/NewComputerSetup/winutil-main/winutil-main/docs/.dockerignore,de39e5cf56269710c1c603be47450f34538897a49c0ff9a86969e75c2b644828
ections for the tools.zip,new_computer_setup/winutil-main/winutil-main/docs/.gitignore,PRESENT_EXACT,Windows/Resources/NewComputerSetup/winutil-main/winutil-main/docs/.gitignore,a6ddebc8465aea49e4b50cfb5661505c641e5807b6901171187ad1f04e4e59d9
ections for the tools.zip,new_computer_setup/winutil-main/winutil-main/docs/astro.config.mjs,PRESENT_EXACT,Windows/Resources/NewComputerSetup/winutil-main/winutil-main/docs/astro.config.mjs,832afa07faa80b030da6e9ebdb5c26dd5eef4a2ff5ad0501242d8837fab25f40
ections for the tools.zip,new_computer_setup/winutil-main/winutil-main/docs/docker-compose.yml,PRESENT_EXACT,Windows/Resources/NewComputerSetup/winutil-main/winutil-main/docs/docker-compose.yml,e148a0f02b9a4f5d635ba96bed1febfaa4c4dcc076743c6b14e846a7266c822a
ections for the tools.zip,new_computer_setup/winutil-main/winutil-main/docs/Dockerfile,PRESENT_EXACT,Windows/Resources/NewComputerSetup/winutil-main/winutil-main/docs/Dockerfile,8810882876ef5ffed90ef3cefa802460b337c39d34d483d7c295dd379785c0d7
ections for the tools.zip,new_computer_setup/winutil-main/winutil-main/docs/package-lock.json,PRESENT_EXACT,Windows/Resources/NewComputerSetup/winutil-main/winutil-main/docs/package-lock.json,a14440255e8db27f923d89be5bd7682b27d45de4e0659c67bc279d48561076f7
ections for the tools.zip,new_computer_setup/winutil-main/winutil-main/docs/package.json,PRESENT_EXACT,Windows/Resources/NewComputerSetup/winutil-main/winutil-main/docs/package.json,a4a4b312864dad0f37931f4e9b4b4d04376b0f623e7de59119f71def425580a4
ections for the tools.zip,new_computer_setup/winutil-main/winutil-main/docs/README.md,PRESENT_EXACT,Windows/Resources/NewComputerSetup/winutil-main/winutil-main/docs/README.md,3f4c06fad77686bb81cbbc37ca05d9de93c64e6518e27b463c685bb06351e076
ections for the tools.zip,new_computer_setup/winutil-main/winutil-main/docs/tsconfig.json,PRESENT_EXACT,Windows/Resources/NewComputerSetup/winutil-main/winutil-main/docs/tsconfig.json,61fc24492db9aef7ec38eb91cfeebaef96155014bb5f22648fd8ed2327c6cae2
ections for the tools.zip,new_computer_setup/winutil-main/winutil-main/docs/public/favicon.svg,PRESENT_EXACT,Windows/Resources/NewComputerSetup/winutil-main/winutil-main/docs/public/favicon.svg,4e87ecd3dea47b49bed8abcbe4e39ebda66910090a5b3de921aa51d4abce74e9
ections for the tools.zip,new_computer_setup/winutil-main/winutil-main/docs/public/robots.txt,PRESENT_EXACT,Windows/Resources/NewComputerSetup/winutil-main/winutil-main/docs/public/robots.txt,14125751624e121ef2e988c8a25d82d46b0425e897ad5f931ac2e09c0ef4313d
ections for the tools.zip,new_computer_setup/winutil-main/winutil-main/docs/public/social-preview.png,PRESENT_EXACT,Windows/Resources/NewComputerSetup/winutil-main/winutil-main/docs/public/social-preview.png,fcaca40a4ee440ca5062d83717f81b0eac3f8f92879c8c2dac00c5c3953135eb
ections for the tools.zip,new_computer_setup/winutil-main/winutil-main/docs/src/content.config.ts,PRESENT_EXACT,Windows/Resources/NewComputerSetup/winutil-main/winutil-main/docs/src/content.config.ts,d52cd0beabf73d196dc24f67170c8f29c13746cd922b17be331b9daa19a882b9
ections for the tools.zip,new_computer_setup/winutil-main/winutil-main/docs/src/site-links.ts,PRESENT_EXACT,Windows/Resources/NewComputerSetup/winutil-main/winutil-main/docs/src/site-links.ts,969fa570575df950282b25c9c7d94a07e3f5f0c9a223a5dd13a7b39c808d724d
ections for the tools.zip,new_computer_setup/winutil-main/winutil-main/docs/src/assets/branding/navlogo.png,PRESENT_EXACT,Windows/Resources/NewComputerSetup/winutil-main/winutil-main/docs/src/assets/branding/navlogo.png,24df82b754913b3e3636983a8aa91953b3b012a6f29ae5b1ed2a728a5f946c35
ections for the tools.zip,new_computer_setup/winutil-main/winutil-main/docs/src/assets/branding/title-screen.png,PRESENT_EXACT,Windows/Resources/NewComputerSetup/winutil-main/winutil-main/docs/src/assets/branding/title-screen.png,6de57b5637920a31e1b2a9a64e055581f53e54b0a91f08bbea598fdf386ecaf7
ections for the tools.zip,new_computer_setup/winutil-main/winutil-main/docs/src/assets/contributing/Commit-GHD.png,PRESENT_EXACT,Windows/Resources/NewComputerSetup/winutil-main/winutil-main/docs/src/assets/contributing/Commit-GHD.png,077cba285536ba83e884cd8d2790690a514806d311b8944b8e8433f4092c7f38
ections for the tools.zip,new_computer_setup/winutil-main/winutil-main/docs/src/assets/contributing/Complie.png,PRESENT_EXACT,Windows/Resources/NewComputerSetup/winutil-main/winutil-main/docs/src/assets/contributing/Complie.png,6163332b4ccaf9e9347c81f999661b9245a8d7c5722dcb9c4f70bd4529cbd289
ections for the tools.zip,new_computer_setup/winutil-main/winutil-main/docs/src/assets/contributing/Discard-GHD.png,PRESENT_EXACT,Windows/Resources/NewComputerSetup/winutil-main/winutil-main/docs/src/assets/contributing/Discard-GHD.png,39764bd42369e6ab536633de00289e38545a270a9463fdd31106b3c4ea475f79
ections for the tools.zip,new_computer_setup/winutil-main/winutil-main/docs/src/assets/contributing/Fork-Button-Dark.png,PRESENT_EXACT,Windows/Resources/NewComputerSetup/winutil-main/winutil-main/docs/src/assets/contributing/Fork-Button-Dark.png,37555e12932290acba1b2ee81ed1505281b659ec3b92346fabc8926f468a645c
ections for the tools.zip,new_computer_setup/winutil-main/winutil-main/docs/src/assets/contributing/Push-Commit.png,PRESENT_EXACT,Windows/Resources/NewComputerSetup/winutil-main/winutil-main/docs/src/assets/contributing/Push-Commit.png,23222aac5ceef19fb502d93de9123fadaab0e006ded2fb68ae87a55823473355
ections for the tools.zip,new_computer_setup/winutil-main/winutil-main/docs/src/assets/screenshots/config-tab-new.png,PRESENT_EXACT,Windows/Resources/NewComputerSetup/winutil-main/winutil-main/docs/src/assets/screenshots/config-tab-new.png,c5b6e82dac2e45df9172c44b4c9ec5c379ca4ae9a7deb521c8fff1813582db39
ections for the tools.zip,new_computer_setup/winutil-main/winutil-main/docs/src/assets/screenshots/tweaks-tab-new.png,PRESENT_EXACT,Windows/Resources/NewComputerSetup/winutil-main/winutil-main/docs/src/assets/screenshots/tweaks-tab-new.png,c36169502ac2cb3002eb5a2131c28b5348298da2fe5df2ba19b00c56b1d636db
ections for the tools.zip,new_computer_setup/winutil-main/winutil-main/docs/src/assets/screenshots/updates-tab-new.png,PRESENT_EXACT,Windows/Resources/NewComputerSetup/winutil-main/winutil-main/docs/src/assets/screenshots/updates-tab-new.png,3a851e86caf0569460a4ff37efaccca4ffec9aa66a50caac02f1747c3367a77d
ections for the tools.zip,new_computer_setup/winutil-main/winutil-main/docs/src/assets/screenshots/win11creator-tab-new.png,PRESENT_EXACT,Windows/Resources/NewComputerSetup/winutil-main/winutil-main/docs/src/assets/screenshots/win11creator-tab-new.png,03bb35bad500244640122db0e148b41aa73611b29d1842a4d64016630221d333
ections for the tools.zip,new_computer_setup/winutil-main/winutil-main/docs/src/assets/screenshots/install-pics/clear-selected-apps.png,PRESENT_EXACT,Windows/Resources/NewComputerSetup/winutil-main/winutil-main/docs/src/assets/screenshots/install-pics/clear-selected-apps.png,90acb3f5be2a7b0881f9c029a477764be65d41feba34cd4ffdbf684f6fdcb34c
ections for the tools.zip,new_computer_setup/winutil-main/winutil-main/docs/src/assets/screenshots/install-pics/Collapse&ExpandCat.png,PRESENT_EXACT,Windows/Resources/NewComputerSetup/winutil-main/winutil-main/docs/src/assets/screenshots/install-pics/Collapse&ExpandCat.png,27188940cd83c508f08f288c83869fdcd4cb4bfac43a12e4d03173c1cd0de9cd
ections for the tools.zip,new_computer_setup/winutil-main/winutil-main/docs/src/assets/screenshots/install-pics/installation&upgrade.png,PRESENT_EXACT,Windows/Resources/NewComputerSetup/winutil-main/winutil-main/docs/src/assets/screenshots/install-pics/installation&upgrade.png,02b0fb38a2f29489325440e473cf884e99ff981fc7c872ed9e12306cae364e53
ections for the tools.zip,new_computer_setup/winutil-main/winutil-main/docs/src/assets/screenshots/install-pics/Selected-Apps.png,PRESENT_EXACT,Windows/Resources/NewComputerSetup/winutil-main/winutil-main/docs/src/assets/screenshots/install-pics/Selected-Apps.png,2e6451553613bff1784ebdfb3085a95533dad3e0cbdd258aaa702a3136b06e40
ections for the tools.zip,new_computer_setup/winutil-main/winutil-main/docs/src/assets/screenshots/install-pics/show-installed-apps.png,PRESENT_EXACT,Windows/Resources/NewComputerSetup/winutil-main/winutil-main/docs/src/assets/screenshots/install-pics/show-installed-apps.png,86e22a8d3e203477315ef5da75f6d4827261e127251b42161c48458790849891
ections for the tools.zip,new_computer_setup/winutil-main/winutil-main/docs/src/assets/screenshots/install-pics/uninstall-apps.png,PRESENT_EXACT,Windows/Resources/NewComputerSetup/winutil-main/winutil-main/docs/src/assets/screenshots/install-pics/uninstall-apps.png,2c8fe96a64513f6ac0afdd32163b1f47ab2671b3eb9d3661e0502ea0d5ed488a
ections for the tools.zip,new_computer_setup/winutil-main/winutil-main/docs/src/assets/screenshots/install-pics/upgrade-all.png,PRESENT_EXACT,Windows/Resources/NewComputerSetup/winutil-main/winutil-main/docs/src/assets/screenshots/install-pics/upgrade-all.png,c70091d09324902922a36bc36d727999bbd19b9f9139a4dfffdceade3ba0c619
ections for the tools.zip,new_computer_setup/winutil-main/winutil-main/docs/src/components/CornerCard.astro,PRESENT_EXACT,Windows/Resources/NewComputerSetup/winutil-main/winutil-main/docs/src/components/CornerCard.astro,e11027c35c154c26e5d44c23e0d54984c66bde1b50cf546adbf7ac1077e42642
ections for the tools.zip,new_computer_setup/winutil-main/winutil-main/docs/src/components/Footer.astro,PRESENT_EXACT,Windows/Resources/NewComputerSetup/winutil-main/winutil-main/docs/src/components/Footer.astro,a6253223e40129136504a2593b4edba7b6cabc11b1de3c3ce35bde44d737a763
ections for the tools.zip,new_computer_setup/winutil-main/winutil-main/docs/src/components/Header.astro,PRESENT_EXACT,Windows/Resources/NewComputerSetup/winutil-main/winutil-main/docs/src/components/Header.astro,036953e5b4f716a63772e66dfef2841f286b5f335df1110ae713d67091028a0a
ections for the tools.zip,new_computer_setup/winutil-main/winutil-main/docs/src/components/Hero.astro,PRESENT_EXACT,Windows/Resources/NewComputerSetup/winutil-main/winutil-main/docs/src/components/Hero.astro,758ef9bd885b4257bda5874fe9a72a6a90bce848da5a2fa69136e150476fd150
ections for the tools.zip,new_computer_setup/winutil-main/winutil-main/docs/src/components/ThemeProvider.astro,PRESENT_EXACT,Windows/Resources/NewComputerSetup/winutil-main/winutil-main/docs/src/components/ThemeProvider.astro,f181888319d7c431e10601d6efa3e4ec96efe891952ba762f122c31e7c10b65c
ections for the tools.zip,new_computer_setup/winutil-main/winutil-main/docs/src/components/YouTubeEmbed.astro,PRESENT_EXACT,Windows/Resources/NewComputerSetup/winutil-main/winutil-main/docs/src/components/YouTubeEmbed.astro,dcd1c39187c4e5650c2c685c29dbade4e82515949b21870a949b6b5629cbddbf
ections for the tools.zip,new_computer_setup/winutil-main/winutil-main/docs/src/content/docs/contributing.mdx,PRESENT_EXACT,Windows/Resources/NewComputerSetup/winutil-main/winutil-main/docs/src/content/docs/contributing.mdx,d1c267e6d74387a73d2372b68faa7e505ea65fec0141f535d6c667629b27bd65
ections for the tools.zip,new_computer_setup/winutil-main/winutil-main/docs/src/content/docs/faq.mdx,PRESENT_EXACT,Windows/Resources/NewComputerSetup/winutil-main/winutil-main/docs/src/content/docs/faq.mdx,7f513f132764c9ad1170aa682a3f801434871da726c27d1482edebf33a39ce2f
ections for the tools.zip,new_computer_setup/winutil-main/winutil-main/docs/src/content/docs/index.mdx,PRESENT_EXACT,Windows/Resources/NewComputerSetup/winutil-main/winutil-main/docs/src/content/docs/index.mdx,028beeaf9f1360badecf24b10824092ceb230084fc17554831a8da1612bed8ce
ections for the tools.zip,new_computer_setup/winutil-main/winutil-main/docs/src/content/docs/knownissues.mdx,PRESENT_EXACT,Windows/Resources/NewComputerSetup/winutil-main/winutil-main/docs/src/content/docs/knownissues.mdx,4f367dc096d93b36ffe0fe228097fc942cc5612b367e5c11200029e83cf67145
ections for the tools.zip,new_computer_setup/winutil-main/winutil-main/docs/src/content/docs/code-reference/architecture.mdx,PRESENT_EXACT,Windows/Resources/NewComputerSetup/winutil-main/winutil-main/docs/src/content/docs/code-reference/architecture.mdx,10522a300491267d46d900f619bfc696a303821d9280b872d5490fa97a3e6503
ections for the tools.zip,new_computer_setup/winutil-main/winutil-main/docs/src/content/docs/code-reference/issue-triage.mdx,PRESENT_EXACT,Windows/Resources/NewComputerSetup/winutil-main/winutil-main/docs/src/content/docs/code-reference/issue-triage.mdx,2a38efcb77b479d0f0cb65d4921a7deb460baa882b37697be3b9703a5153f947
ections for the tools.zip,new_computer_setup/winutil-main/winutil-main/docs/src/content/docs/code-reference/features/Features/DisableLegacyRecovery.mdx,PRESENT_EXACT,Windows/Resources/NewComputerSetup/winutil-main/winutil-main/docs/src/content/docs/code-reference/features/Features/DisableLegacyRecovery.mdx,37e169edfe75e5def7213b312e85bdd1edb5a29735af189f5703e1162ab8f7c4
ections for the tools.zip,new_computer_setup/winutil-main/winutil-main/docs/src/content/docs/code-reference/features/Features/dotnet.mdx,PRESENT_EXACT,Windows/Resources/NewComputerSetup/winutil-main/winutil-main/docs/src/content/docs/code-reference/features/Features/dotnet.mdx,fc94026e63e27bbc3f9e950ea523551bf3d466a00ac7e6b9c56e756513463734
ections for the tools.zip,new_computer_setup/winutil-main/winutil-main/docs/src/content/docs/code-reference/features/Features/EnableLegacyRecovery.mdx,PRESENT_EXACT,Windows/Resources/NewComputerSetup/winutil-main/winutil-main/docs/src/content/docs/code-reference/features/Features/EnableLegacyRecovery.mdx,ee3327d80e411ed0dcd357e10997c365c5a1ef34ac6fb66ef904131fa17f2e72
ections for the tools.zip,new_computer_setup/winutil-main/winutil-main/docs/src/content/docs/code-reference/features/Features/hyperv.mdx,PRESENT_EXACT,Windows/Resources/NewComputerSetup/winutil-main/winutil-main/docs/src/content/docs/code-reference/features/Features/hyperv.mdx,ad5818a137a5c4a86efc865586184ce29e7d5d63b5240799ae6a8dba3bf026e1
ections for the tools.zip,new_computer_setup/winutil-main/winutil-main/docs/src/content/docs/code-reference/features/Features/legacymedia.mdx,PRESENT_EXACT,Windows/Resources/NewComputerSetup/winutil-main/winutil-main/docs/src/content/docs/code-reference/features/Features/legacymedia.mdx,91b4461c1ea09f7db44336eec02c2f67fbd4398f62618b27f37967e101f2352a
ections for the tools.zip,new_computer_setup/winutil-main/winutil-main/docs/src/content/docs/code-reference/features/Features/nfs.mdx,PRESENT_EXACT,Windows/Resources/NewComputerSetup/winutil-main/winutil-main/docs/src/content/docs/code-reference/features/Features/nfs.mdx,9113c9e9fa551dac352a188512cdd26d274d961fcc1fc13579656d6def887164
ections for the tools.zip,new_computer_setup/winutil-main/winutil-main/docs/src/content/docs/code-reference/features/Features/RegBackup.mdx,PRESENT_EXACT,Windows/Resources/NewComputerSetup/winutil-main/winutil-main/docs/src/content/docs/code-reference/features/Features/RegBackup.mdx,746908d0b9059c61427fe8cdc0ec5230ca358bb5dbe83933cd02a879644beaba
ections for the tools.zip,new_computer_setup/winutil-main/winutil-main/docs/src/content/docs/code-reference/features/Features/Sandbox.mdx,PRESENT_EXACT,Windows/Resources/NewComputerSetup/winutil-main/winutil-main/docs/src/content/docs/code-reference/features/Features/Sandbox.mdx,a1460271e02d33668cb73384838d8f0cced55fb1fa702292391ee03d8f4880ef
ections for the tools.zip,new_computer_setup/winutil-main/winutil-main/docs/src/content/docs/code-reference/features/Features/wsl.mdx,PRESENT_EXACT,Windows/Resources/NewComputerSetup/winutil-main/winutil-main/docs/src/content/docs/code-reference/features/Features/wsl.mdx,1952509023918bda4ee3622bea65045e6f90400e6c2c28200d2b0a94e80273af
ections for the tools.zip,new_computer_setup/winutil-main/winutil-main/docs/src/content/docs/code-reference/features/Fixes/Autologin.mdx,PRESENT_EXACT,Windows/Resources/NewComputerSetup/winutil-main/winutil-main/docs/src/content/docs/code-reference/features/Fixes/Autologin.mdx,649751ad139be684a2fc29429489827322c805d3a062b84f2dfd7b09293e556d
ections for the tools.zip,new_computer_setup/winutil-main/winutil-main/docs/src/content/docs/code-reference/features/Fixes/DISM.mdx,PRESENT_EXACT,Windows/Resources/NewComputerSetup/winutil-main/winutil-main/docs/src/content/docs/code-reference/features/Fixes/DISM.mdx,b8797b05952498a46e75b7c6d5c771dc938ab3222628334cbf56db325f9a33ee
ections for the tools.zip,new_computer_setup/winutil-main/winutil-main/docs/src/content/docs/code-reference/features/Fixes/Network.mdx,PRESENT_EXACT,Windows/Resources/NewComputerSetup/winutil-main/winutil-main/docs/src/content/docs/code-reference/features/Fixes/Network.mdx,6907cdcbb6dabfcf7bb40d743c7305391e7ee1627aad97f7bd9b745c9826f1b6
ections for the tools.zip,new_computer_setup/winutil-main/winutil-main/docs/src/content/docs/code-reference/features/Fixes/NTPPool.mdx,PRESENT_EXACT,Windows/Resources/NewComputerSetup/winutil-main/winutil-main/docs/src/content/docs/code-reference/features/Fixes/NTPPool.mdx,fa0e8d64270b14a6ae85364b3226a9972d6cb78fe79b982ea0f8feaf6603a895
ections for the tools.zip,new_computer_setup/winutil-main/winutil-main/docs/src/content/docs/code-reference/features/Fixes/Update.mdx,PRESENT_EXACT,Windows/Resources/NewComputerSetup/winutil-main/winutil-main/docs/src/content/docs/code-reference/features/Fixes/Update.mdx,2b180fdb3f8a2afc5ef46112332ae03cd8321d4e6f83fe0c19e9a4a25efb435c
ections for the tools.zip,new_computer_setup/winutil-main/winutil-main/docs/src/content/docs/code-reference/features/Fixes/Winget.mdx,PRESENT_EXACT,Windows/Resources/NewComputerSetup/winutil-main/winutil-main/docs/src/content/docs/code-reference/features/Fixes/Winget.mdx,fd6672f90eec50ee1a8b6227ea8ca6779fa643c24e80f490284afddfd50f4823
ections for the tools.zip,new_computer_setup/winutil-main/winutil-main/docs/src/content/docs/code-reference/features/Legacy-Windows-Panels/Computer.mdx,PRESENT_EXACT,Windows/Resources/NewComputerSetup/winutil-main/winutil-main/docs/src/content/docs/code-reference/features/Legacy-Windows-Panels/Computer.mdx,f71bbfa1727d3ec38e1cf4e62673ca1d080374c635e594bbdf510d3cb15c6b6d
ections for the tools.zip,new_computer_setup/winutil-main/winutil-main/docs/src/content/docs/code-reference/features/Legacy-Windows-Panels/Control.mdx,PRESENT_EXACT,Windows/Resources/NewComputerSetup/winutil-main/winutil-main/docs/src/content/docs/code-reference/features/Legacy-Windows-Panels/Control.mdx,59d212850f56e350e2109700a8ac1dada3eadf4cd26d7fa2081d0d34f748bd07
ections for the tools.zip,new_computer_setup/winutil-main/winutil-main/docs/src/content/docs/code-reference/features/Legacy-Windows-Panels/Firewall.mdx,PRESENT_EXACT,Windows/Resources/NewComputerSetup/winutil-main/winutil-main/docs/src/content/docs/code-reference/features/Legacy-Windows-Panels/Firewall.mdx,939e6d68a9b5e8a1b16635e4098a01ccc80bb8e9e9914c0cbd4cd9a684c52be6
ections for the tools.zip,new_computer_setup/winutil-main/winutil-main/docs/src/content/docs/code-reference/features/Legacy-Windows-Panels/Mouse.mdx,PRESENT_EXACT,Windows/Resources/NewComputerSetup/winutil-main/winutil-main/docs/src/content/docs/code-reference/features/Legacy-Windows-Panels/Mouse.mdx,06cc7580a6408af78736f9302601745e1558cb963839ae0721c8eb78f9dcaac0
ections for the tools.zip,new_computer_setup/winutil-main/winutil-main/docs/src/content/docs/code-reference/features/Legacy-Windows-Panels/Network.mdx,PRESENT_EXACT,Windows/Resources/NewComputerSetup/winutil-main/winutil-main/docs/src/content/docs/code-reference/features/Legacy-Windows-Panels/Network.mdx,e44492964692dca61f8c275dbbf348317eda14aae1b7c1317068e8940c5b8dd5
ections for the tools.zip,new_computer_setup/winutil-main/winutil-main/docs/src/content/docs/code-reference/features/Legacy-Windows-Panels/Power.mdx,PRESENT_EXACT,Windows/Resources/NewComputerSetup/winutil-main/winutil-main/docs/src/content/docs/code-reference/features/Legacy-Windows-Panels/Power.mdx,ce535dd30baabd70bcce85c3ac63cab69ed2556adb8e2817bd8f2eba534b8c33
ections for the tools.zip,new_computer_setup/winutil-main/winutil-main/docs/src/content/docs/code-reference/features/Legacy-Windows-Panels/Printer.mdx,PRESENT_EXACT,Windows/Resources/NewComputerSetup/winutil-main/winutil-main/docs/src/content/docs/code-reference/features/Legacy-Windows-Panels/Printer.mdx,5bcad55d1e295281efa8d804f95505411ac4c4a067014395f606c5fbf923e51f
ections for the tools.zip,new_computer_setup/winutil-main/winutil-main/docs/src/content/docs/code-reference/features/Legacy-Windows-Panels/Programs.mdx,PRESENT_EXACT,Windows/Resources/NewComputerSetup/winutil-main/winutil-main/docs/src/content/docs/code-reference/features/Legacy-Windows-Panels/Programs.mdx,223477a7ebeef61100911c443555049973a7d2f7f93a9e2717655e9ed62a937e
ections for the tools.zip,new_computer_setup/winutil-main/winutil-main/docs/src/content/docs/code-reference/features/Legacy-Windows-Panels/Region.mdx,PRESENT_EXACT,Windows/Resources/NewComputerSetup/winutil-main/winutil-main/docs/src/content/docs/code-reference/features/Legacy-Windows-Panels/Region.mdx,b509098ef152b00f58ce0b1d4e097d45422ee28ff5dd82c326f9fda1b76bf2ff
ections for the tools.zip,new_computer_setup/winutil-main/winutil-main/docs/src/content/docs/code-reference/features/Legacy-Windows-Panels/Restore.mdx,PRESENT_EXACT,Windows/Resources/NewComputerSetup/winutil-main/winutil-main/docs/src/content/docs/code-reference/features/Legacy-Windows-Panels/Restore.mdx,ae14850cb6780776a707e7cd3a2a92efdaa9df649611eb1c4e06e48d01645381
ections for the tools.zip,new_computer_setup/winutil-main/winutil-main/docs/src/content/docs/code-reference/features/Legacy-Windows-Panels/Security.mdx,PRESENT_EXACT,Windows/Resources/NewComputerSetup/winutil-main/winutil-main/docs/src/content/docs/code-reference/features/Legacy-Windows-Panels/Security.mdx,121eb929c5f021bb778bb305127d422b6a088153ee6b46b44305a809fefac6f7
ections for the tools.zip,new_computer_setup/winutil-main/winutil-main/docs/src/content/docs/code-reference/features/Legacy-Windows-Panels/Sound.mdx,PRESENT_EXACT,Windows/Resources/NewComputerSetup/winutil-main/winutil-main/docs/src/content/docs/code-reference/features/Legacy-Windows-Panels/Sound.mdx,e2e54750a7cc69046f5122f207de015dd2d55ebe498c87391ee69828921adff4
ections for the tools.zip,new_computer_setup/winutil-main/winutil-main/docs/src/content/docs/code-reference/features/Legacy-Windows-Panels/System.mdx,PRESENT_EXACT,Windows/Resources/NewComputerSetup/winutil-main/winutil-main/docs/src/content/docs/code-reference/features/Legacy-Windows-Panels/System.mdx,c0fb9db1ae617edf250387bf23a0dcf170c127b1cff5ce1a61e22a86e8f1688b
ections for the tools.zip,new_computer_setup/winutil-main/winutil-main/docs/src/content/docs/code-reference/features/Legacy-Windows-Panels/Timedate.mdx,PRESENT_EXACT,Windows/Resources/NewComputerSetup/winutil-main/winutil-main/docs/src/content/docs/code-reference/features/Legacy-Windows-Panels/Timedate.mdx,985884e4031b9330b7da1a9c2b96da7b392ecfcaf0cecfe26abf9917ff2b8876
ections for the tools.zip,new_computer_setup/winutil-main/winutil-main/docs/src/content/docs/code-reference/features/Powershell-Profile-Powershell-7--Only/InstallPSProfile.mdx,PRESENT_EXACT,Windows/Resources/NewComputerSetup/winutil-main/winutil-main/docs/src/content/docs/code-reference/features/Powershell-Profile-Powershell-7--Only/InstallPSProfile.mdx,c0ca2b91269bab1d00c3f906da326993694a31889b4a370fcf626db48b699c2e
ections for the tools.zip,new_computer_setup/winutil-main/winutil-main/docs/src/content/docs/code-reference/features/Powershell-Profile-Powershell-7--Only/UninstallPSProfile.mdx,PRESENT_EXACT,Windows/Resources/NewComputerSetup/winutil-main/winutil-main/docs/src/content/docs/code-reference/features/Powershell-Profile-Powershell-7--Only/UninstallPSProfile.mdx,034a5cedd892e5b21bbd983d0b57fbffb512e8511eb409c23dea91354c0e8550
ections for the tools.zip,new_computer_setup/winutil-main/winutil-main/docs/src/content/docs/code-reference/features/Remote-Access/SSHServer.mdx,PRESENT_EXACT,Windows/Resources/NewComputerSetup/winutil-main/winutil-main/docs/src/content/docs/code-reference/features/Remote-Access/SSHServer.mdx,4452880b7944a31ecbb0957fe00de082104c9ec33f11162438bbaceba2f79a87
ections for the tools.zip,new_computer_setup/winutil-main/winutil-main/docs/src/content/docs/code-reference/tweaks/Customize-Preferences/BatteryPercentage.mdx,PRESENT_EXACT,Windows/Resources/NewComputerSetup/winutil-main/winutil-main/docs/src/content/docs/code-reference/tweaks/Customize-Preferences/BatteryPercentage.mdx,d4e556af5c5be86b7b636bbfa8d2c5b2ceae7a36de8ea111a29f4f16a09f132a
ections for the tools.zip,new_computer_setup/winutil-main/winutil-main/docs/src/content/docs/code-reference/tweaks/Customize-Preferences/BingSearch.mdx,PRESENT_EXACT,Windows/Resources/NewComputerSetup/winutil-main/winutil-main/docs/src/content/docs/code-reference/tweaks/Customize-Preferences/BingSearch.mdx,8649a8a8fe6ce27f13ade9488b256b829b3e65580cfd23d03b3be5bf5ab89629
ections for the tools.zip,new_computer_setup/winutil-main/winutil-main/docs/src/content/docs/code-reference/tweaks/Customize-Preferences/DarkMode.mdx,PRESENT_EXACT,Windows/Resources/NewComputerSetup/winutil-main/winutil-main/docs/src/content/docs/code-reference/tweaks/Customize-Preferences/DarkMode.mdx,97b910e9c2643e586416fb598a33ae0a9c4618e3e716ef4ca54b6b28c803e25a
ections for the tools.zip,new_computer_setup/winutil-main/winutil-main/docs/src/content/docs/code-reference/tweaks/Customize-Preferences/DetailedBSoD.mdx,PRESENT_EXACT,Windows/Resources/NewComputerSetup/winutil-main/winutil-main/docs/src/content/docs/code-reference/tweaks/Customize-Preferences/DetailedBSoD.mdx,20fc0c6611f93361425416c4d8364f4acefdd8d21fe84fcb76d6909bb157429b
ections for the tools.zip,new_computer_setup/winutil-main/winutil-main/docs/src/content/docs/code-reference/tweaks/Customize-Preferences/DisableLockscreen.mdx,PRESENT_EXACT,Windows/Resources/NewComputerSetup/winutil-main/winutil-main/docs/src/content/docs/code-reference/tweaks/Customize-Preferences/DisableLockscreen.mdx,73c5f72a0877e3ef8b8a77ce86ebecf630078182520a4149f33084210622ac27
ections for the tools.zip,new_computer_setup/winutil-main/winutil-main/docs/src/content/docs/code-reference/tweaks/Customize-Preferences/GameMode.mdx,PRESENT_EXACT,Windows/Resources/NewComputerSetup/winutil-main/winutil-main/docs/src/content/docs/code-reference/tweaks/Customize-Preferences/GameMode.mdx,7b884cbb8c22cb3db5ce752d81658f9530a100991e525b9e4f837b559ebde5ea
ections for the tools.zip,new_computer_setup/winutil-main/winutil-main/docs/src/content/docs/code-reference/tweaks/Customize-Preferences/HiddenFiles.mdx,PRESENT_EXACT,Windows/Resources/NewComputerSetup/winutil-main/winutil-main/docs/src/content/docs/code-reference/tweaks/Customize-Preferences/HiddenFiles.mdx,ab02eb1ab56681408f41e6f952eb4614db46f1bb3be4fc27a7a1560f820edc5c
ections for the tools.zip,new_computer_setup/winutil-main/winutil-main/docs/src/content/docs/code-reference/tweaks/Customize-Preferences/HideSettingsHome.mdx,PRESENT_EXACT,Windows/Resources/NewComputerSetup/winutil-main/winutil-main/docs/src/content/docs/code-reference/tweaks/Customize-Preferences/HideSettingsHome.mdx,3da625ccccf6efb2c244f45e0c51b2899c16cc2cb0eb5b91a5b3e17af22ad042
ections for the tools.zip,new_computer_setup/winutil-main/winutil-main/docs/src/content/docs/code-reference/tweaks/Customize-Preferences/LoginBlur.mdx,PRESENT_EXACT,Windows/Resources/NewComputerSetup/winutil-main/winutil-main/docs/src/content/docs/code-reference/tweaks/Customize-Preferences/LoginBlur.mdx,717a49232c932f3c2f603b1d594010c319e05636c6a1df96554103fa1f6308dd
ections for the tools.zip,new_computer_setup/winutil-main/winutil-main/docs/src/content/docs/code-reference/tweaks/Customize-Preferences/LongPaths.mdx,PRESENT_EXACT,Windows/Resources/NewComputerSetup/winutil-main/winutil-main/docs/src/content/docs/code-reference/tweaks/Customize-Preferences/LongPaths.mdx,0963ff7e0533fac2d6dedaf132cd7d5305aa3eb24665d3386c678684b2147c22
ections for the tools.zip,new_computer_setup/winutil-main/winutil-main/docs/src/content/docs/code-reference/tweaks/Customize-Preferences/MouseAcceleration.mdx,PRESENT_EXACT,Windows/Resources/NewComputerSetup/winutil-main/winutil-main/docs/src/content/docs/code-reference/tweaks/Customize-Preferences/MouseAcceleration.mdx,b972a4d0db44776acf75da051e2825fe002f06cfd6f8c8cbb51fa45a75fc8a64
ections for the tools.zip,new_computer_setup/winutil-main/winutil-main/docs/src/content/docs/code-reference/tweaks/Customize-Preferences/MultiplaneOverlay.mdx,PRESENT_EXACT,Windows/Resources/NewComputerSetup/winutil-main/winutil-main/docs/src/content/docs/code-reference/tweaks/Customize-Preferences/MultiplaneOverlay.mdx,d3099dde15727565da4317cedbb04a58133aa5de113c57e6e2c990ab9bfb4a08
ections for the tools.zip,new_computer_setup/winutil-main/winutil-main/docs/src/content/docs/code-reference/tweaks/Customize-Preferences/NewOutlook.mdx,PRESENT_EXACT,Windows/Resources/NewComputerSetup/winutil-main/winutil-main/docs/src/content/docs/code-reference/tweaks/Customize-Preferences/NewOutlook.mdx,aa5e412c35162ce09a53d0e63b71adf46e420354df9e63b6b67f26daaf621066
ections for the tools.zip,new_computer_setup/winutil-main/winutil-main/docs/src/content/docs/code-reference/tweaks/Customize-Preferences/NumLock.mdx,PRESENT_EXACT,Windows/Resources/NewComputerSetup/winutil-main/winutil-main/docs/src/content/docs/code-reference/tweaks/Customize-Preferences/NumLock.mdx,2215cd89c7fa5b463571e8dff085c56d12dbf608bd7539f0d312c68ef3438043
ections for the tools.zip,new_computer_setup/winutil-main/winutil-main/docs/src/content/docs/code-reference/tweaks/Customize-Preferences/S3Sleep.mdx,PRESENT_EXACT,Windows/Resources/NewComputerSetup/winutil-main/winutil-main/docs/src/content/docs/code-reference/tweaks/Customize-Preferences/S3Sleep.mdx,420a60ceb0a57b4f42d4c72cc941e0b3ddf0774b9eac7c816900e216a608b7c4
ections for the tools.zip,new_computer_setup/winutil-main/winutil-main/docs/src/content/docs/code-reference/tweaks/Customize-Preferences/Scrollbars.mdx,PRESENT_EXACT,Windows/Resources/NewComputerSetup/winutil-main/winutil-main/docs/src/content/docs/code-reference/tweaks/Customize-Preferences/Scrollbars.mdx,c6ed3fd91a0628fe7a476c2aa2b94f0a8fd47746b0e8deac9aac47554fda116b
ections for the tools.zip,new_computer_setup/winutil-main/winutil-main/docs/src/content/docs/code-reference/tweaks/Customize-Preferences/ShowExt.mdx,PRESENT_EXACT,Windows/Resources/NewComputerSetup/winutil-main/winutil-main/docs/src/content/docs/code-reference/tweaks/Customize-Preferences/ShowExt.mdx,902e6852bb7070f9d6f96e6d3dc6585bae75f6ba83904670f011ab9d2e3e8d66
ections for the tools.zip,new_computer_setup/winutil-main/winutil-main/docs/src/content/docs/code-reference/tweaks/Customize-Preferences/StandbyFix.mdx,PRESENT_EXACT,Windows/Resources/NewComputerSetup/winutil-main/winutil-main/docs/src/content/docs/code-reference/tweaks/Customize-Preferences/StandbyFix.mdx,e19fe2da32c78c1191f7e2178e5bec12c5f202a86d6cbda7306af96035de4228
ections for the tools.zip,new_computer_setup/winutil-main/winutil-main/docs/src/content/docs/code-reference/tweaks/Customize-Preferences/StartMenuRecommendations.mdx,PRESENT_EXACT,Windows/Resources/NewComputerSetup/winutil-main/winutil-main/docs/src/content/docs/code-reference/tweaks/Customize-Preferences/StartMenuRecommendations.mdx,4dede1400f2408501fd9352ca300b6ffa19652230e884eccf8d2f10cb8547694
ections for the tools.zip,new_computer_setup/winutil-main/winutil-main/docs/src/content/docs/code-reference/tweaks/Customize-Preferences/StickyKeys.mdx,PRESENT_EXACT,Windows/Resources/NewComputerSetup/winutil-main/winutil-main/docs/src/content/docs/code-reference/tweaks/Customize-Preferences/StickyKeys.mdx,53145414313df4f3e6fa2060557092391e06f8f1eedbef743d1377104d47c418
ections for the tools.zip,new_computer_setup/winutil-main/winutil-main/docs/src/content/docs/code-reference/tweaks/Customize-Preferences/TaskbarAlignment.mdx,PRESENT_EXACT,Windows/Resources/NewComputerSetup/winutil-main/winutil-main/docs/src/content/docs/code-reference/tweaks/Customize-Preferences/TaskbarAlignment.mdx,3d7a584c06861ae473a84cd0b21e879a724599090b8f6d1270aca788260be5e7
ections for the tools.zip,new_computer_setup/winutil-main/winutil-main/docs/src/content/docs/code-reference/tweaks/Customize-Preferences/TaskbarSearch.mdx,PRESENT_EXACT,Windows/Resources/NewComputerSetup/winutil-main/winutil-main/docs/src/content/docs/code-reference/tweaks/Customize-Preferences/TaskbarSearch.mdx,3ca308094befc5c6dbd49e27c9f66c8730430f620f17b06ed10d453104f646c6
ections for the tools.zip,new_computer_setup/winutil-main/winutil-main/docs/src/content/docs/code-reference/tweaks/Customize-Preferences/TaskView.mdx,PRESENT_EXACT,Windows/Resources/NewComputerSetup/winutil-main/winutil-main/docs/src/content/docs/code-reference/tweaks/Customize-Preferences/TaskView.mdx,fad49a923cec5b408cdfad4448f66c2d84782f10498ddc9d992b53649788b96c
ections for the tools.zip,new_computer_setup/winutil-main/winutil-main/docs/src/content/docs/code-reference/tweaks/Customize-Preferences/VerboseLogon.mdx,PRESENT_EXACT,Windows/Resources/NewComputerSetup/winutil-main/winutil-main/docs/src/content/docs/code-reference/tweaks/Customize-Preferences/VerboseLogon.mdx,8dd7f0ac9371946140ef7799b3a7869c4056a95c7e2bda70cd67487453a8678e
ections for the tools.zip,new_computer_setup/winutil-main/winutil-main/docs/src/content/docs/code-reference/tweaks/Customize-Preferences/WindowSnapping.mdx,PRESENT_EXACT,Windows/Resources/NewComputerSetup/winutil-main/winutil-main/docs/src/content/docs/code-reference/tweaks/Customize-Preferences/WindowSnapping.mdx,553c003af2a656f759760be1c9f3586adbcf864c689d429cad62e9a57a3f4479
ections for the tools.zip,new_computer_setup/winutil-main/winutil-main/docs/src/content/docs/code-reference/tweaks/Essential-Tweaks/Activity.mdx,PRESENT_EXACT,Windows/Resources/NewComputerSetup/winutil-main/winutil-main/docs/src/content/docs/code-reference/tweaks/Essential-Tweaks/Activity.mdx,f78ea9ce3e143fdbae0f628d22cb8c7b3231368d9c59eacb5e92937a8e615b04
ections for the tools.zip,new_computer_setup/winutil-main/winutil-main/docs/src/content/docs/code-reference/tweaks/Essential-Tweaks/ConsumerFeatures.mdx,PRESENT_EXACT,Windows/Resources/NewComputerSetup/winutil-main/winutil-main/docs/src/content/docs/code-reference/tweaks/Essential-Tweaks/ConsumerFeatures.mdx,d0c6e85059fde142b3eff1f65a8dc2879ec4c25c4bd3677e9649778af4b9e7c3
ections for the tools.zip,new_computer_setup/winutil-main/winutil-main/docs/src/content/docs/code-reference/tweaks/Essential-Tweaks/DeleteTempFiles.mdx,PRESENT_EXACT,Windows/Resources/NewComputerSetup/winutil-main/winutil-main/docs/src/content/docs/code-reference/tweaks/Essential-Tweaks/DeleteTempFiles.mdx,5f82a7c42821735320a868da93c61055f6fc18a0cbbf212f5e62e4ed97069615
ections for the tools.zip,new_computer_setup/winutil-main/winutil-main/docs/src/content/docs/code-reference/tweaks/Essential-Tweaks/DeliveryOptimization.mdx,PRESENT_EXACT,Windows/Resources/NewComputerSetup/winutil-main/winutil-main/docs/src/content/docs/code-reference/tweaks/Essential-Tweaks/DeliveryOptimization.mdx,16dd4c393c5fcbaf7ade57c2a76262dcfcdefcfe52ca5268bd7fe9af309e3293
ections for the tools.zip,new_computer_setup/winutil-main/winutil-main/docs/src/content/docs/code-reference/tweaks/Essential-Tweaks/DisableBitLocker.mdx,PRESENT_EXACT,Windows/Resources/NewComputerSetup/winutil-main/winutil-main/docs/src/content/docs/code-reference/tweaks/Essential-Tweaks/DisableBitLocker.mdx,1fd505b0c8c137bd34b6ab408d2788c25f91266b82fae00af326274b52dca46b
ections for the tools.zip,new_computer_setup/winutil-main/winutil-main/docs/src/content/docs/code-reference/tweaks/Essential-Tweaks/DisableExplorerAutoDiscovery.mdx,PRESENT_EXACT,Windows/Resources/NewComputerSetup/winutil-main/winutil-main/docs/src/content/docs/code-reference/tweaks/Essential-Tweaks/DisableExplorerAutoDiscovery.mdx,90ae1f545911a94a8f8b8d9fa85762826625d42a31cda8c513cc35da44263ded
ections for the tools.zip,new_computer_setup/winutil-main/winutil-main/docs/src/content/docs/code-reference/tweaks/Essential-Tweaks/DisableStoreSearch.mdx,PRESENT_EXACT,Windows/Resources/NewComputerSetup/winutil-main/winutil-main/docs/src/content/docs/code-reference/tweaks/Essential-Tweaks/DisableStoreSearch.mdx,6133349b0c0a510be79f01c18f4cea1b10bfd47a9bc307541f41ad448d2488df
ections for the tools.zip,new_computer_setup/winutil-main/winutil-main/docs/src/content/docs/code-reference/tweaks/Essential-Tweaks/DiskCleanup.mdx,PRESENT_EXACT,Windows/Resources/NewComputerSetup/winutil-main/winutil-main/docs/src/content/docs/code-reference/tweaks/Essential-Tweaks/DiskCleanup.mdx,42279f27dd751df0e0652b1f40cbf3a4efb4d9612e5d581a56d09365e54b6294
ections for the tools.zip,new_computer_setup/winutil-main/winutil-main/docs/src/content/docs/code-reference/tweaks/Essential-Tweaks/EndTaskOnTaskbar.mdx,PRESENT_EXACT,Windows/Resources/NewComputerSetup/winutil-main/winutil-main/docs/src/content/docs/code-reference/tweaks/Essential-Tweaks/EndTaskOnTaskbar.mdx,0537381772deb28a229df2ad1c03c228aaacd83da1e643d1537d7bbe034bdbd3
ections for the tools.zip,new_computer_setup/winutil-main/winutil-main/docs/src/content/docs/code-reference/tweaks/Essential-Tweaks/Hiber.mdx,PRESENT_EXACT,Windows/Resources/NewComputerSetup/winutil-main/winutil-main/docs/src/content/docs/code-reference/tweaks/Essential-Tweaks/Hiber.mdx,4b8462d73a4284c229bbf3dcfe1b8e418e4002c45e07956f1f07540a609ed9f1
ections for the tools.zip,new_computer_setup/winutil-main/winutil-main/docs/src/content/docs/code-reference/tweaks/Essential-Tweaks/Location.mdx,PRESENT_EXACT,Windows/Resources/NewComputerSetup/winutil-main/winutil-main/docs/src/content/docs/code-reference/tweaks/Essential-Tweaks/Location.mdx,87a467f5a410017d9e9acdb3ee184485d6a6760b88a55d0b135dc9b12ff60bd8
ections for the tools.zip,new_computer_setup/winutil-main/winutil-main/docs/src/content/docs/code-reference/tweaks/Essential-Tweaks/PreventDeviceMetadataFromNetwork.mdx,PRESENT_EXACT,Windows/Resources/NewComputerSetup/winutil-main/winutil-main/docs/src/content/docs/code-reference/tweaks/Essential-Tweaks/PreventDeviceMetadataFromNetwork.mdx,26b109fe554448d734f0205633d18b1dd88975d433a448d3b71df12f22016258
ections for the tools.zip,new_computer_setup/winutil-main/winutil-main/docs/src/content/docs/code-reference/tweaks/Essential-Tweaks/RestorePoint.mdx,PRESENT_EXACT,Windows/Resources/NewComputerSetup/winutil-main/winutil-main/docs/src/content/docs/code-reference/tweaks/Essential-Tweaks/RestorePoint.mdx,dda4782b0ad0f6f3bd1c28389c10b8e42e377b6456189f7a1b8c31cc89a349a1
ections for the tools.zip,new_computer_setup/winutil-main/winutil-main/docs/src/content/docs/code-reference/tweaks/Essential-Tweaks/RevertStartMenu.mdx,PRESENT_EXACT,Windows/Resources/NewComputerSetup/winutil-main/winutil-main/docs/src/content/docs/code-reference/tweaks/Essential-Tweaks/RevertStartMenu.mdx,43bc0138c7486dfbd7f7dc66c6c23cc3b3fa17e75c378ca4c7939c4f866e3502
ections for the tools.zip,new_computer_setup/winutil-main/winutil-main/docs/src/content/docs/code-reference/tweaks/Essential-Tweaks/Services.mdx,PRESENT_EXACT,Windows/Resources/NewComputerSetup/winutil-main/winutil-main/docs/src/content/docs/code-reference/tweaks/Essential-Tweaks/Services.mdx,76b04996f678cee3f73579f774e570f00ea5488621a2fb486d6f2b37ca10f7cd
ections for the tools.zip,new_computer_setup/winutil-main/winutil-main/docs/src/content/docs/code-reference/tweaks/Essential-Tweaks/Telemetry.mdx,PRESENT_EXACT,Windows/Resources/NewComputerSetup/winutil-main/winutil-main/docs/src/content/docs/code-reference/tweaks/Essential-Tweaks/Telemetry.mdx,a51f491cee8de9f67aaa3351411b4f7d1adf72989374d332083a41cb4f862480
ections for the tools.zip,new_computer_setup/winutil-main/winutil-main/docs/src/content/docs/code-reference/tweaks/Essential-Tweaks/Widget.mdx,PRESENT_EXACT,Windows/Resources/NewComputerSetup/winutil-main/winutil-main/docs/src/content/docs/code-reference/tweaks/Essential-Tweaks/Widget.mdx,c0482b1214db1259fd0c183799dd333af0192bf80e7235850abcb8c66a1934f8
ections for the tools.zip,new_computer_setup/winutil-main/winutil-main/docs/src/content/docs/code-reference/tweaks/Essential-Tweaks/WPBT.mdx,PRESENT_EXACT,Windows/Resources/NewComputerSetup/winutil-main/winutil-main/docs/src/content/docs/code-reference/tweaks/Essential-Tweaks/WPBT.mdx,3df35a84fcfe2c1cd5675e9dc41b1ae2d97e2ee549343833f49f166831541dc7
ections for the tools.zip,new_computer_setup/winutil-main/winutil-main/docs/src/content/docs/code-reference/tweaks/z--Advanced-Tweaks---CAUTION/BlockAdobeNet.mdx,PRESENT_EXACT,Windows/Resources/NewComputerSetup/winutil-main/winutil-main/docs/src/content/docs/code-reference/tweaks/z--Advanced-Tweaks---CAUTION/BlockAdobeNet.mdx,28d2b36a1e2f4fcd84070716bfc7416363df20337fe7c3c93f4a65383c32bb77
ections for the tools.zip,new_computer_setup/winutil-main/winutil-main/docs/src/content/docs/code-reference/tweaks/z--Advanced-Tweaks---CAUTION/BraveDebloat.mdx,PRESENT_EXACT,Windows/Resources/NewComputerSetup/winutil-main/winutil-main/docs/src/content/docs/code-reference/tweaks/z--Advanced-Tweaks---CAUTION/BraveDebloat.mdx,3c4cde13a42eda3d1c700207e9b85be3ade59c6dca8c6f11b9802c7d09ed2d16
ections for the tools.zip,new_computer_setup/winutil-main/winutil-main/docs/src/content/docs/code-reference/tweaks/z--Advanced-Tweaks---CAUTION/changedns.mdx,PRESENT_EXACT,Windows/Resources/NewComputerSetup/winutil-main/winutil-main/docs/src/content/docs/code-reference/tweaks/z--Advanced-Tweaks---CAUTION/changedns.mdx,c2b4fa1a606ad3f6258936cda49305f0f905269259834fb63cc5c948e1287466
ections for the tools.zip,new_computer_setup/winutil-main/winutil-main/docs/src/content/docs/code-reference/tweaks/z--Advanced-Tweaks---CAUTION/DisableBGapps.mdx,PRESENT_EXACT,Windows/Resources/NewComputerSetup/winutil-main/winutil-main/docs/src/content/docs/code-reference/tweaks/z--Advanced-Tweaks---CAUTION/DisableBGapps.mdx,2984906ac04886db6f35484d35e776193acc2211f09914fcb3232dba6b3fdd07
ections for the tools.zip,new_computer_setup/winutil-main/winutil-main/docs/src/content/docs/code-reference/tweaks/z--Advanced-Tweaks---CAUTION/DisableIPv6.mdx,PRESENT_EXACT,Windows/Resources/NewComputerSetup/winutil-main/winutil-main/docs/src/content/docs/code-reference/tweaks/z--Advanced-Tweaks---CAUTION/DisableIPv6.mdx,ce5294f3bceaddd7c4000da069f2b0979c25bd4248acc50e6b3d42478e99a399
ections for the tools.zip,new_computer_setup/winutil-main/winutil-main/docs/src/content/docs/code-reference/tweaks/z--Advanced-Tweaks---CAUTION/DisableNotifications.mdx,PRESENT_EXACT,Windows/Resources/NewComputerSetup/winutil-main/winutil-main/docs/src/content/docs/code-reference/tweaks/z--Advanced-Tweaks---CAUTION/DisableNotifications.mdx,487f5f8c3f25bf0d2600085587b025b83387e5bad3487bf12b49f67940d4f050
ections for the tools.zip,new_computer_setup/winutil-main/winutil-main/docs/src/content/docs/code-reference/tweaks/z--Advanced-Tweaks---CAUTION/DisableWarningForUnsignedRdp.mdx,PRESENT_EXACT,Windows/Resources/NewComputerSetup/winutil-main/winutil-main/docs/src/content/docs/code-reference/tweaks/z--Advanced-Tweaks---CAUTION/DisableWarningForUnsignedRdp.mdx,ca2cdfcdea1b2df5fadbc8b091aed894d8f3c237ff83310ab6a33354c69bcafa
ections for the tools.zip,new_computer_setup/winutil-main/winutil-main/docs/src/content/docs/code-reference/tweaks/z--Advanced-Tweaks---CAUTION/Display.mdx,PRESENT_EXACT,Windows/Resources/NewComputerSetup/winutil-main/winutil-main/docs/src/content/docs/code-reference/tweaks/z--Advanced-Tweaks---CAUTION/Display.mdx,fe62f0f5d429e26482c9ed9338e62ffdf88c039d90a7e4cbbc28d349ac43b30f
ections for the tools.zip,new_computer_setup/winutil-main/winutil-main/docs/src/content/docs/code-reference/tweaks/z--Advanced-Tweaks---CAUTION/EdgeDebloat.mdx,PRESENT_EXACT,Windows/Resources/NewComputerSetup/winutil-main/winutil-main/docs/src/content/docs/code-reference/tweaks/z--Advanced-Tweaks---CAUTION/EdgeDebloat.mdx,75be2dd33d04abf1375a6acd0c38f43cab6331af4ee2cbe0dbda93fcb0503139
ections for the tools.zip,new_computer_setup/winutil-main/winutil-main/docs/src/content/docs/code-reference/tweaks/z--Advanced-Tweaks---CAUTION/IPv46.mdx,PRESENT_EXACT,Windows/Resources/NewComputerSetup/winutil-main/winutil-main/docs/src/content/docs/code-reference/tweaks/z--Advanced-Tweaks---CAUTION/IPv46.mdx,1d47f8b940c362e0cf81856ba7223dd6f999a7cf4ac511663f1d3d181379a06f
ections for the tools.zip,new_computer_setup/winutil-main/winutil-main/docs/src/content/docs/code-reference/tweaks/z--Advanced-Tweaks---CAUTION/OOSUbutton.mdx,PRESENT_EXACT,Windows/Resources/NewComputerSetup/winutil-main/winutil-main/docs/src/content/docs/code-reference/tweaks/z--Advanced-Tweaks---CAUTION/OOSUbutton.mdx,b4146dcedd9de90dc0b8eb90038c60202802c6e925cd356a75ced4748cf032c0
ections for the tools.zip,new_computer_setup/winutil-main/winutil-main/docs/src/content/docs/code-reference/tweaks/z--Advanced-Tweaks---CAUTION/RazerBlock.mdx,PRESENT_EXACT,Windows/Resources/NewComputerSetup/winutil-main/winutil-main/docs/src/content/docs/code-reference/tweaks/z--Advanced-Tweaks---CAUTION/RazerBlock.mdx,42635dbe831c13989b1a755790e1bc17b9b079e6cd457ae5f65002d6a700230a
ections for the tools.zip,new_computer_setup/winutil-main/winutil-main/docs/src/content/docs/code-reference/tweaks/z--Advanced-Tweaks---CAUTION/RemoveEdge.mdx,PRESENT_EXACT,Windows/Resources/NewComputerSetup/winutil-main/winutil-main/docs/src/content/docs/code-reference/tweaks/z--Advanced-Tweaks---CAUTION/RemoveEdge.mdx,5a3c331ee59bf015b80d7ec35998dd2c250b14d26206b89181c6e9a8266ddc08
ections for the tools.zip,new_computer_setup/winutil-main/winutil-main/docs/src/content/docs/code-reference/tweaks/z--Advanced-Tweaks---CAUTION/RemoveHomeAndGallery.mdx,PRESENT_EXACT,Windows/Resources/NewComputerSetup/winutil-main/winutil-main/docs/src/content/docs/code-reference/tweaks/z--Advanced-Tweaks---CAUTION/RemoveHomeAndGallery.mdx,6f9965a6eb55199c7bf91ff971f577e472688861cfc587cc08cc0f7dd7b1e8ba
ections for the tools.zip,new_computer_setup/winutil-main/winutil-main/docs/src/content/docs/code-reference/tweaks/z--Advanced-Tweaks---CAUTION/RemoveOneDrive.mdx,PRESENT_EXACT,Windows/Resources/NewComputerSetup/winutil-main/winutil-main/docs/src/content/docs/code-reference/tweaks/z--Advanced-Tweaks---CAUTION/RemoveOneDrive.mdx,4fff8d9a980db39e06f3f9616a5a12af4fc74fd584aa15c370121b18d37f0a26
ections for the tools.zip,new_computer_setup/winutil-main/winutil-main/docs/src/content/docs/code-reference/tweaks/z--Advanced-Tweaks---CAUTION/ReservedStorage.mdx,PRESENT_EXACT,Windows/Resources/NewComputerSetup/winutil-main/winutil-main/docs/src/content/docs/code-reference/tweaks/z--Advanced-Tweaks---CAUTION/ReservedStorage.mdx,feed16afa6ebaaae5b11fe60069a1a51fd074df827988bdf25b9aba2b2bdbf24
ections for the tools.zip,new_computer_setup/winutil-main/winutil-main/docs/src/content/docs/code-reference/tweaks/z--Advanced-Tweaks---CAUTION/RightClickMenu.mdx,PRESENT_EXACT,Windows/Resources/NewComputerSetup/winutil-main/winutil-main/docs/src/content/docs/code-reference/tweaks/z--Advanced-Tweaks---CAUTION/RightClickMenu.mdx,104cfe22f257313799b50b62a594a81293531dfb12ea1041708eb679dce3f5dc
ections for the tools.zip,new_computer_setup/winutil-main/winutil-main/docs/src/content/docs/code-reference/tweaks/z--Advanced-Tweaks---CAUTION/Storage.mdx,PRESENT_EXACT,Windows/Resources/NewComputerSetup/winutil-main/winutil-main/docs/src/content/docs/code-reference/tweaks/z--Advanced-Tweaks---CAUTION/Storage.mdx,b523f764a023f92ea548b52ea4cb16f6bdb3f42c43adee0d647d95275e1e5468
ections for the tools.zip,new_computer_setup/winutil-main/winutil-main/docs/src/content/docs/code-reference/tweaks/z--Advanced-Tweaks---CAUTION/Teredo.mdx,PRESENT_EXACT,Windows/Resources/NewComputerSetup/winutil-main/winutil-main/docs/src/content/docs/code-reference/tweaks/z--Advanced-Tweaks---CAUTION/Teredo.mdx,40573d75d2bdc5439c08b643b95512f47deb99b8f85e435fc775e9005b34934e
ections for the tools.zip,new_computer_setup/winutil-main/winutil-main/docs/src/content/docs/code-reference/tweaks/z--Advanced-Tweaks---CAUTION/UTC.mdx,PRESENT_EXACT,Windows/Resources/NewComputerSetup/winutil-main/winutil-main/docs/src/content/docs/code-reference/tweaks/z--Advanced-Tweaks---CAUTION/UTC.mdx,b0620479d0d86cb66193a574a64c5c8b8cd35ff1f0252591673185edb2314ed8
ections for the tools.zip,new_computer_setup/winutil-main/winutil-main/docs/src/content/docs/code-reference/tweaks/z--Advanced-Tweaks---CAUTION/WindowsAI.mdx,PRESENT_EXACT,Windows/Resources/NewComputerSetup/winutil-main/winutil-main/docs/src/content/docs/code-reference/tweaks/z--Advanced-Tweaks---CAUTION/WindowsAI.mdx,5cb0de80f1d62c3012d2e3d856b7fcccd99c5403b0d2ea8d67224e556f9f27b9
ections for the tools.zip,new_computer_setup/winutil-main/winutil-main/docs/src/content/docs/guides/application.mdx,PRESENT_EXACT,Windows/Resources/NewComputerSetup/winutil-main/winutil-main/docs/src/content/docs/guides/application.mdx,f4616b0025a5aff56b1d6679297c958a10735a195ebd0561fe2976d87e89b3ab
ections for the tools.zip,new_computer_setup/winutil-main/winutil-main/docs/src/content/docs/guides/automation.mdx,PRESENT_EXACT,Windows/Resources/NewComputerSetup/winutil-main/winutil-main/docs/src/content/docs/guides/automation.mdx,abbd379a7519e437442f5a8765985180a2faf7103bb765d4cbd9ba151538a6c3
ections for the tools.zip,new_computer_setup/winutil-main/winutil-main/docs/src/content/docs/guides/features.mdx,PRESENT_EXACT,Windows/Resources/NewComputerSetup/winutil-main/winutil-main/docs/src/content/docs/guides/features.mdx,81c9d9f3deb872005d917f7d30136a5f9eecb39da8e3dc07d6228d5f12e71139
ections for the tools.zip,new_computer_setup/winutil-main/winutil-main/docs/src/content/docs/guides/getting-started.mdx,PRESENT_EXACT,Windows/Resources/NewComputerSetup/winutil-main/winutil-main/docs/src/content/docs/guides/getting-started.mdx,d24cac10223d8721f21ace4f4b937b065a911ae0c6f0cc700f2321a0b758db7b
ections for the tools.zip,new_computer_setup/winutil-main/winutil-main/docs/src/content/docs/guides/index.mdx,PRESENT_EXACT,Windows/Resources/NewComputerSetup/winutil-main/winutil-main/docs/src/content/docs/guides/index.mdx,76210f1ecac19355d60bbc04f5f2fcad57a132d0afe5b8b3136bc34d4bee620c
ections for the tools.zip,new_computer_setup/winutil-main/winutil-main/docs/src/content/docs/guides/tweaks.mdx,PRESENT_EXACT,Windows/Resources/NewComputerSetup/winutil-main/winutil-main/docs/src/content/docs/guides/tweaks.mdx,a167ea199b44235cff865f32ef0893bb823b02a8ff5940ec53196245673c1ab6
ections for the tools.zip,new_computer_setup/winutil-main/winutil-main/docs/src/content/docs/guides/updates.mdx,PRESENT_EXACT,Windows/Resources/NewComputerSetup/winutil-main/winutil-main/docs/src/content/docs/guides/updates.mdx,abb6c5a4c82b2571496c5ee2571fd8064ccaaf8fa8f93600c1bef314e4772f28
ections for the tools.zip,new_computer_setup/winutil-main/winutil-main/docs/src/content/docs/guides/win11creator.mdx,PRESENT_EXACT,Windows/Resources/NewComputerSetup/winutil-main/winutil-main/docs/src/content/docs/guides/win11creator.mdx,9bff946142c8348062b88bfa61e097ce3d7ca3b49b1cbf6e2f7f63d1976a2381
ections for the tools.zip,new_computer_setup/winutil-main/winutil-main/docs/src/styles/fonts.css,PRESENT_EXACT,Windows/Resources/NewComputerSetup/winutil-main/winutil-main/docs/src/styles/fonts.css,4e71dc2b1b7c8eb1939c441c52c1dbb5b601ca046acffe9ea8c4bd1bfbb0004f
ections for the tools.zip,new_computer_setup/winutil-main/winutil-main/docs/src/styles/theme.css,PRESENT_EXACT,Windows/Resources/NewComputerSetup/winutil-main/winutil-main/docs/src/styles/theme.css,12cacb4f20222d54f255bfcb0dfca797209ff0eec543b74bec21f9650b7863e5
ections for the tools.zip,new_computer_setup/winutil-main/winutil-main/functions/private/Add-SelectedAppsMenuItem.ps1,PRESENT_EXACT,Windows/Resources/NewComputerSetup/winutil-main/winutil-main/functions/private/Add-SelectedAppsMenuItem.ps1,886f8a15dc7301c99030156d8d772917939f3868699296da4598e4e9a0361015
ections for the tools.zip,new_computer_setup/winutil-main/winutil-main/functions/private/Close-WinUtilRunspacePool.ps1,PRESENT_EXACT,Windows/Resources/NewComputerSetup/winutil-main/winutil-main/functions/private/Close-WinUtilRunspacePool.ps1,ccfee32c2a84059281ae478eba207e98d40540a3fde13afdc8f33047ce0fc458
ections for the tools.zip,new_computer_setup/winutil-main/winutil-main/functions/private/Find-AppsByNameOrDescription.ps1,PRESENT_EXACT,Windows/Resources/NewComputerSetup/winutil-main/winutil-main/functions/private/Find-AppsByNameOrDescription.ps1,2b23e3f22682032d4524d5a27bba84a9c2567b110fb30098f3358822e6cd1354
ections for the tools.zip,new_computer_setup/winutil-main/winutil-main/functions/private/Find-TweaksByNameOrDescription.ps1,PRESENT_EXACT,Windows/Resources/NewComputerSetup/winutil-main/winutil-main/functions/private/Find-TweaksByNameOrDescription.ps1,cab2461bf0e3b322ec11cb921fb3d8545013166a6cf5b93e606b2d6a00a51d97
ections for the tools.zip,new_computer_setup/winutil-main/winutil-main/functions/private/Get-WinUtilEntryToolTip.ps1,PRESENT_EXACT,Windows/Resources/NewComputerSetup/winutil-main/winutil-main/functions/private/Get-WinUtilEntryToolTip.ps1,392dd6b19ce44739e60c9b7f0cfd0dc16a8e3cee139e53ce109078c25ba2fc6f
ections for the tools.zip,new_computer_setup/winutil-main/winutil-main/functions/private/Get-WinUtilInstalledAPPX.ps1,PRESENT_EXACT,Windows/Resources/NewComputerSetup/winutil-main/winutil-main/functions/private/Get-WinUtilInstalledAPPX.ps1,cdb237b4fb85274dc7beff8b7fba981e329ba5465e9c86b7c04cc54f8be7392a
ections for the tools.zip,new_computer_setup/winutil-main/winutil-main/functions/private/Get-WinUtilPackageLogSummary.ps1,PRESENT_EXACT,Windows/Resources/NewComputerSetup/winutil-main/winutil-main/functions/private/Get-WinUtilPackageLogSummary.ps1,c1eb655dd1efd12b3b278328a1c6949c868adfff5af902d98cdffc277894387a
ections for the tools.zip,new_computer_setup/winutil-main/winutil-main/functions/private/Get-WinUtilRegistryComboState.ps1,PRESENT_EXACT,Windows/Resources/NewComputerSetup/winutil-main/winutil-main/functions/private/Get-WinUtilRegistryComboState.ps1,14a52472cc5531b716b52b894a6c3361ac19d6740c4f7135f1732c70a0c141d4
ections for the tools.zip,new_computer_setup/winutil-main/winutil-main/functions/private/Get-WinUtilRegistryComboValue.ps1,PRESENT_EXACT,Windows/Resources/NewComputerSetup/winutil-main/winutil-main/functions/private/Get-WinUtilRegistryComboValue.ps1,8098e2233bae02a19cce65cc10a672ffd8d5c1aa4013a85bdde7d2f7cbac05a3
ections for the tools.zip,new_computer_setup/winutil-main/winutil-main/functions/private/Get-WinUtilSelectedPackages.ps1,PRESENT_EXACT,Windows/Resources/NewComputerSetup/winutil-main/winutil-main/functions/private/Get-WinUtilSelectedPackages.ps1,77e926774513b7798bc16681dfa5fa8e927050b54a60a427df9a767f749de766
ections for the tools.zip,new_computer_setup/winutil-main/winutil-main/functions/private/Get-WinUtilToggleStatus.ps1,PRESENT_EXACT,Windows/Resources/NewComputerSetup/winutil-main/winutil-main/functions/private/Get-WinUtilToggleStatus.ps1,e8a9775e129918c3e53d6cce10a8215ebc6745917c7e73542b7144b387b0ebbf
ections for the tools.zip,new_computer_setup/winutil-main/winutil-main/functions/private/Get-WinUtilVariables.ps1,PRESENT_EXACT,Windows/Resources/NewComputerSetup/winutil-main/winutil-main/functions/private/Get-WinUtilVariables.ps1,b511a01c59e8aad5c222ce0aa645003a38f2d91245664f990abcece543edbf67
ections for the tools.zip,new_computer_setup/winutil-main/winutil-main/functions/private/Initialize-InstallAppArea.ps1,PRESENT_EXACT,Windows/Resources/NewComputerSetup/winutil-main/winutil-main/functions/private/Initialize-InstallAppArea.ps1,027632ffb2999c2410d19316f279232ec3d70fe4a84b197e01f326015bd5520a
ections for the tools.zip,new_computer_setup/winutil-main/winutil-main/functions/private/Initialize-InstallAppEntry.ps1,PRESENT_EXACT,Windows/Resources/NewComputerSetup/winutil-main/winutil-main/functions/private/Initialize-InstallAppEntry.ps1,e102531452bd197b5a8d073d0d2004a7869b3c6c7114c359e6154ac29e06a66f
ections for the tools.zip,new_computer_setup/winutil-main/winutil-main/functions/private/Initialize-InstallCategoryAppList.ps1,PRESENT_EXACT,Windows/Resources/NewComputerSetup/winutil-main/winutil-main/functions/private/Initialize-InstallCategoryAppList.ps1,7268c09b083abf15e5b29a95e1f0857fea977e5ac3618694b178f193876955d8
ections for the tools.zip,new_computer_setup/winutil-main/winutil-main/functions/private/Initialize-WinUtilRunspacePool.ps1,PRESENT_EXACT,Windows/Resources/NewComputerSetup/winutil-main/winutil-main/functions/private/Initialize-WinUtilRunspacePool.ps1,9573b9fad055b6b85dd40e6d8bcdc50ee16905bdd894ae6c4b8bb4041e6c42b2
ections for the tools.zip,new_computer_setup/winutil-main/winutil-main/functions/private/Initialize-WinUtilTabContent.ps1,PRESENT_EXACT,Windows/Resources/NewComputerSetup/winutil-main/winutil-main/functions/private/Initialize-WinUtilTabContent.ps1,434e179166e7c8f69b2303f2bfd20ce4dc807066e63f32ed3a338d37d0eeeb6e
ections for the tools.zip,new_computer_setup/winutil-main/winutil-main/functions/private/Initialize-WinUtilTaskbarOverlayAssets.ps1,PRESENT_EXACT,Windows/Resources/NewComputerSetup/winutil-main/winutil-main/functions/private/Initialize-WinUtilTaskbarOverlayAssets.ps1,710d95a7ef88119206827ff29abfb31bd881c74a462864d05c4dea3724bca523
ections for the tools.zip,new_computer_setup/winutil-main/winutil-main/functions/private/Install-WinUtilAPPX.ps1,PRESENT_EXACT,Windows/Resources/NewComputerSetup/winutil-main/winutil-main/functions/private/Install-WinUtilAPPX.ps1,fb0af15a1ac0602b7e0c4676d3618cb30ea39b9c201321fbf9205a3d7be79a3a
ections for the tools.zip,new_computer_setup/winutil-main/winutil-main/functions/private/Install-WinUtilChoco.ps1,PRESENT_EXACT,Windows/Resources/NewComputerSetup/winutil-main/winutil-main/functions/private/Install-WinUtilChoco.ps1,0a49a231e547facc78030961755e68e861ab28e29e6b114ff8b2469069cdff60
ections for the tools.zip,new_computer_setup/winutil-main/winutil-main/functions/private/Install-WinUtilProgramChoco.ps1,PRESENT_EXACT,Windows/Resources/NewComputerSetup/winutil-main/winutil-main/functions/private/Install-WinUtilProgramChoco.ps1,0e4d3cc34fb85cc6b3a23ccb24a0186db320bb6f8a771569f86269bfe59acf8b
ections for the tools.zip,new_computer_setup/winutil-main/winutil-main/functions/private/Install-WinUtilProgramWinget.ps1,PRESENT_EXACT,Windows/Resources/NewComputerSetup/winutil-main/winutil-main/functions/private/Install-WinUtilProgramWinget.ps1,cb3c857cf35160e163e16b0585ec7a4c9ac50995c97fe7e07894534d2d7df936
ections for the tools.zip,new_computer_setup/winutil-main/winutil-main/functions/private/Install-WinUtilWinget.ps1,PRESENT_EXACT,Windows/Resources/NewComputerSetup/winutil-main/winutil-main/functions/private/Install-WinUtilWinget.ps1,c97374d0d64ccd597c34407a7c0aa7e7b7efcb2c8a4b4a85261046c4ab7da499
ections for the tools.zip,new_computer_setup/winutil-main/winutil-main/functions/private/Invoke-WinUtilAppCategoryChip.ps1,PRESENT_EXACT,Windows/Resources/NewComputerSetup/winutil-main/winutil-main/functions/private/Invoke-WinUtilAppCategoryChip.ps1,7f9f9798e2f2e1db1ca7055f08cad71b7bb77352b423650c97731375fa25d256
ections for the tools.zip,new_computer_setup/winutil-main/winutil-main/functions/private/Invoke-WinUtilAssets.ps1,PRESENT_EXACT,Windows/Resources/NewComputerSetup/winutil-main/winutil-main/functions/private/Invoke-WinUtilAssets.ps1,ef56bab22e98ca02ca631cf18dc640328b13e381fdc249c1a7c8c7ebce4ecc47
ections for the tools.zip,new_computer_setup/winutil-main/winutil-main/functions/private/Invoke-WinUtilCurrentSystem.ps1,PRESENT_EXACT,Windows/Resources/NewComputerSetup/winutil-main/winutil-main/functions/private/Invoke-WinUtilCurrentSystem.ps1,fe3d566a8eb751288449e5cdee3d8f3d8ae619df10d171e5eaf0fd0e90b3dcc1
ections for the tools.zip,new_computer_setup/winutil-main/winutil-main/functions/private/Invoke-WinUtilExplorerUpdate.ps1,PRESENT_EXACT,Windows/Resources/NewComputerSetup/winutil-main/winutil-main/functions/private/Invoke-WinUtilExplorerUpdate.ps1,e5299b43cae5a8d92896889f7ea1a69a4773e9262e9705789798f4dad5f5baa0
ections for the tools.zip,new_computer_setup/winutil-main/winutil-main/functions/private/Invoke-WinUtilFeatureInstall.ps1,PRESENT_EXACT,Windows/Resources/NewComputerSetup/winutil-main/winutil-main/functions/private/Invoke-WinUtilFeatureInstall.ps1,6223ca18f7bec89c9fffaae44025f12b6afbc396dfa4f790aa7a0064b106f6f7
ections for the tools.zip,new_computer_setup/winutil-main/winutil-main/functions/private/Invoke-WinUtilFontScaling.ps1,PRESENT_EXACT,Windows/Resources/NewComputerSetup/winutil-main/winutil-main/functions/private/Invoke-WinUtilFontScaling.ps1,14dad0cce26fd21083e8ced306c4c8d74fb0ca85ec0089f784d8ba3b713c6211
ections for the tools.zip,new_computer_setup/winutil-main/winutil-main/functions/private/Invoke-WinUtilInstallPSProfile.ps1,PRESENT_EXACT,Windows/Resources/NewComputerSetup/winutil-main/winutil-main/functions/private/Invoke-WinUtilInstallPSProfile.ps1,faa3357bfdb551d69223ca57e217c5afb3ee298c5b45fca9a4d8baf7999b14b7
ections for the tools.zip,new_computer_setup/winutil-main/winutil-main/functions/private/Invoke-WinUtilISO.ps1,PRESENT_EXACT,Windows/Resources/NewComputerSetup/winutil-main/winutil-main/functions/private/Invoke-WinUtilISO.ps1,dead3ab19e1221caadca0675155914d674411ba9fa61b271160b1b9822ce35de
ections for the tools.zip,new_computer_setup/winutil-main/winutil-main/functions/private/Invoke-WinUtilISOScript.ps1,PRESENT_EXACT,Windows/Resources/NewComputerSetup/winutil-main/winutil-main/functions/private/Invoke-WinUtilISOScript.ps1,3afefb09c9f120c689c2e50f6ec4d87f0b30fb38efc6e028b31288b53ed4b6a1
ections for the tools.zip,new_computer_setup/winutil-main/winutil-main/functions/private/Invoke-WinUtilISOUSB.ps1,PRESENT_EXACT,Windows/Resources/NewComputerSetup/winutil-main/winutil-main/functions/private/Invoke-WinUtilISOUSB.ps1,d5c63e0d23ee00435b5718aec7e19370b23dce67ae96c78f34d7f8aa944643ed
ections for the tools.zip,new_computer_setup/winutil-main/winutil-main/functions/private/Invoke-WinUtilScript.ps1,PRESENT_EXACT,Windows/Resources/NewComputerSetup/winutil-main/winutil-main/functions/private/Invoke-WinUtilScript.ps1,4b8cc731920a81dd0b2d5e55f3fa6f82a8c941273bffe2abeefa0bbcbaed2584
ections for the tools.zip,new_computer_setup/winutil-main/winutil-main/functions/private/Invoke-WinUtilSponsors.ps1,PRESENT_EXACT,Windows/Resources/NewComputerSetup/winutil-main/winutil-main/functions/private/Invoke-WinUtilSponsors.ps1,11e0216a82c62a67fc9f3f46d3ce5059bf680ddd793624d4bb9bed52f4b68bbb
ections for the tools.zip,new_computer_setup/winutil-main/winutil-main/functions/private/Invoke-WinUtilSSHServer.ps1,PRESENT_EXACT,Windows/Resources/NewComputerSetup/winutil-main/winutil-main/functions/private/Invoke-WinUtilSSHServer.ps1,d9eaff673d0ccdb12bb2991bf6170769bca7a5949fbf2d0850701942b657a4b4
ections for the tools.zip,new_computer_setup/winutil-main/winutil-main/functions/private/Invoke-WinutilThemeChange.ps1,PRESENT_EXACT,Windows/Resources/NewComputerSetup/winutil-main/winutil-main/functions/private/Invoke-WinutilThemeChange.ps1,cc1384678fa06c0bd2532b7ddb91c12b69711a546d1de18a29056cc57b6afb93
ections for the tools.zip,new_computer_setup/winutil-main/winutil-main/functions/private/Invoke-WinUtilTweaks.ps1,PRESENT_EXACT,Windows/Resources/NewComputerSetup/winutil-main/winutil-main/functions/private/Invoke-WinUtilTweaks.ps1,27e7deaf9b48ecc74085f980ad82dd9cd9dcbbcba0c7e9d33f58c9475bcf510b
ections for the tools.zip,new_computer_setup/winutil-main/winutil-main/functions/private/Invoke-WinUtilUninstallPSProfile.ps1,PRESENT_EXACT,Windows/Resources/NewComputerSetup/winutil-main/winutil-main/functions/private/Invoke-WinUtilUninstallPSProfile.ps1,31c68cbae707e5c17ac6bc93af13768d0eab5414e4360225c9ecd85ac1bcb7c9
ections for the tools.zip,new_computer_setup/winutil-main/winutil-main/functions/private/New-WinUtilFossBadge.ps1,PRESENT_EXACT,Windows/Resources/NewComputerSetup/winutil-main/winutil-main/functions/private/New-WinUtilFossBadge.ps1,a984fe89c911c495d819531a4eae0eac72801b9819f051c4003d158e5574fb27
ections for the tools.zip,new_computer_setup/winutil-main/winutil-main/functions/private/Remove-WinUtilAPPX.ps1,PRESENT_EXACT,Windows/Resources/NewComputerSetup/winutil-main/winutil-main/functions/private/Remove-WinUtilAPPX.ps1,eeef7b0f6686e72a4d9c4a8e02056621138e3e902509ddb2f22d98bae0e4d55d
ections for the tools.zip,new_computer_setup/winutil-main/winutil-main/functions/private/Remove-WinUtilProvisionedAPPX.ps1,PRESENT_EXACT,Windows/Resources/NewComputerSetup/winutil-main/winutil-main/functions/private/Remove-WinUtilProvisionedAPPX.ps1,9cbabcfa1fe3e5f0ab8ba1c86d8fd84855319d0574d53732d78780a0d81cba6c
ections for the tools.zip,new_computer_setup/winutil-main/winutil-main/functions/private/Reset-WPFCheckBoxes.ps1,PRESENT_EXACT,Windows/Resources/NewComputerSetup/winutil-main/winutil-main/functions/private/Reset-WPFCheckBoxes.ps1,ebf61a45daeea9f75f8dd1d7bab79c82d02694792680b86f6040de2feb49ba09
ections for the tools.zip,new_computer_setup/winutil-main/winutil-main/functions/private/Save-WinUtilFile.ps1,PRESENT_EXACT,Windows/Resources/NewComputerSetup/winutil-main/winutil-main/functions/private/Save-WinUtilFile.ps1,87ee540083b808b508d54fc4e0bbda7af562312cf271b4de5ab87e7f4d3fafc5
ections for the tools.zip,new_computer_setup/winutil-main/winutil-main/functions/private/Set-WinUtilAppCategoryFilter.ps1,PRESENT_EXACT,Windows/Resources/NewComputerSetup/winutil-main/winutil-main/functions/private/Set-WinUtilAppCategoryFilter.ps1,5efa490595f4279d47c0bede63f587b72acdacbd35735f476a47ba358fd74d48
ections for the tools.zip,new_computer_setup/winutil-main/winutil-main/functions/private/Set-WinUtilDNS.ps1,PRESENT_EXACT,Windows/Resources/NewComputerSetup/winutil-main/winutil-main/functions/private/Set-WinUtilDNS.ps1,c3163fdd8e162f1c0e2174cd4f97acdf639c230d7164e774640162c4b081845a
ections for the tools.zip,new_computer_setup/winutil-main/winutil-main/functions/private/Set-WinUtilRegistry.ps1,PRESENT_EXACT,Windows/Resources/NewComputerSetup/winutil-main/winutil-main/functions/private/Set-WinUtilRegistry.ps1,df2251738b3b0ad0360147f99267d33718c02f37af77579bd34d29958bcbe726
ections for the tools.zip,new_computer_setup/winutil-main/winutil-main/functions/private/Set-WinUtilRegistryComboState.ps1,PRESENT_EXACT,Windows/Resources/NewComputerSetup/winutil-main/winutil-main/functions/private/Set-WinUtilRegistryComboState.ps1,b96e6a4d24239381964867b5b56f3215d4f2899c6d66ccd2fe109ce87af5b15c
ections for the tools.zip,new_computer_setup/winutil-main/winutil-main/functions/private/Set-WinUtilService.ps1,PRESENT_EXACT,Windows/Resources/NewComputerSetup/winutil-main/winutil-main/functions/private/Set-WinUtilService.ps1,c20752477c0b1883ac82dca39e645272badc506f6e36eff1c83011f1fbe667da
ections for the tools.zip,new_computer_setup/winutil-main/winutil-main/functions/private/Set-WinUtilTaskbarItem.ps1,PRESENT_EXACT,Windows/Resources/NewComputerSetup/winutil-main/winutil-main/functions/private/Set-WinUtilTaskbarItem.ps1,5608f4db18d1f65390bae7567059937a18f584896163727769687aec899b75b5
ections for the tools.zip,new_computer_setup/winutil-main/winutil-main/functions/private/Set-WinUtilTweaksProgressIndicator.ps1,PRESENT_EXACT,Windows/Resources/NewComputerSetup/winutil-main/winutil-main/functions/private/Set-WinUtilTweaksProgressIndicator.ps1,5ae31e18a8a5d829460d8c60e825fd21be9d11cbd4157fbdc69a5178b010f4f0
ections for the tools.zip,new_computer_setup/winutil-main/winutil-main/functions/private/Show-CustomDialog.ps1,PRESENT_EXACT,Windows/Resources/NewComputerSetup/winutil-main/winutil-main/functions/private/Show-CustomDialog.ps1,ee79a53e5aa6e4b0456a214f0777851d5516a723ba205fd0c921cf1ee3648f1b
ections for the tools.zip,new_computer_setup/winutil-main/winutil-main/functions/private/Show-WinUtilMessage.ps1,PRESENT_EXACT,Windows/Resources/NewComputerSetup/winutil-main/winutil-main/functions/private/Show-WinUtilMessage.ps1,73d7b8845b07e5fc6098c4a6c01a933770461d458a78668d09dd67bdbf443e2e
ections for the tools.zip,new_computer_setup/winutil-main/winutil-main/functions/private/Start-WinUtilInstallAppRendering.ps1,PRESENT_EXACT,Windows/Resources/NewComputerSetup/winutil-main/winutil-main/functions/private/Start-WinUtilInstallAppRendering.ps1,a5626a99b8962d839fd4b959c5f72f4a6e8c5f21f296260fd4b8ec03e0084e7d
ections for the tools.zip,new_computer_setup/winutil-main/winutil-main/functions/private/Test-WinUtilPackageManager.ps1,PRESENT_EXACT,Windows/Resources/NewComputerSetup/winutil-main/winutil-main/functions/private/Test-WinUtilPackageManager.ps1,8a84508ddb17d2a6bae8185ce393f6ceb4fbf98e19885ce11ec8c701413789b6
ections for the tools.zip,new_computer_setup/winutil-main/winutil-main/functions/private/Update-WinUtilAppCategoryChip.ps1,PRESENT_EXACT,Windows/Resources/NewComputerSetup/winutil-main/winutil-main/functions/private/Update-WinUtilAppCategoryChip.ps1,479acd2c39061f1cd5cebc8ad2514e283c8c9bb96c46722cf270f61886bb1cc0
ections for the tools.zip,new_computer_setup/winutil-main/winutil-main/functions/private/Update-WinUtilSelections.ps1,PRESENT_EXACT,Windows/Resources/NewComputerSetup/winutil-main/winutil-main/functions/private/Update-WinUtilSelections.ps1,ee9899aa9a38748764c64b415705ff469be1221cb7bb416c45a5f986c57a4d16
ections for the tools.zip,new_computer_setup/winutil-main/winutil-main/functions/private/Write-WinUtilLog.ps1,PRESENT_EXACT,Windows/Resources/NewComputerSetup/winutil-main/winutil-main/functions/private/Write-WinUtilLog.ps1,fc2c16c86e9d50827101518a6e4cc876552e7cd7bdc665dab4a73b670a7326e4
ections for the tools.zip,new_computer_setup/winutil-main/winutil-main/functions/public/Initialize-WPFUI.ps1,PRESENT_EXACT,Windows/Resources/NewComputerSetup/winutil-main/winutil-main/functions/public/Initialize-WPFUI.ps1,1e20b6e46b7fbc46478ba729bed1887bea3769df25c4dd4211d3dce1307e9e19
ections for the tools.zip,new_computer_setup/winutil-main/winutil-main/functions/public/Invoke-WinUtilAutoRun.ps1,PRESENT_EXACT,Windows/Resources/NewComputerSetup/winutil-main/winutil-main/functions/public/Invoke-WinUtilAutoRun.ps1,42ebb7a1213d07912f3bb6d1060f593ac378ae7453a6af959b9a67af4bb815b6
ections for the tools.zip,new_computer_setup/winutil-main/winutil-main/functions/public/Invoke-WPFAppxInstall.ps1,PRESENT_EXACT,Windows/Resources/NewComputerSetup/winutil-main/winutil-main/functions/public/Invoke-WPFAppxInstall.ps1,f9ddeaec8308d1b7223303dffc5874af27e344d1313c197b0916dd0acf26a256
ections for the tools.zip,new_computer_setup/winutil-main/winutil-main/functions/public/Invoke-WPFAppxRemoval.ps1,PRESENT_EXACT,Windows/Resources/NewComputerSetup/winutil-main/winutil-main/functions/public/Invoke-WPFAppxRemoval.ps1,1bc7c840bdc0ae860582e112ea5a916a7a40949e761603a293479827013b4118
ections for the tools.zip,new_computer_setup/winutil-main/winutil-main/functions/public/Invoke-WPFButton.ps1,PRESENT_EXACT,Windows/Resources/NewComputerSetup/winutil-main/winutil-main/functions/public/Invoke-WPFButton.ps1,6c763ee0de5a0e16f907e4df2273249998994be8ad5212a438100ff9ae55c14e
ections for the tools.zip,new_computer_setup/winutil-main/winutil-main/functions/public/Invoke-WPFFeatureInstall.ps1,PRESENT_EXACT,Windows/Resources/NewComputerSetup/winutil-main/winutil-main/functions/public/Invoke-WPFFeatureInstall.ps1,88c6bdb45751dc00f8e80d116dded04d094df9077cc5250112c5bebc954c77cd
ections for the tools.zip,new_computer_setup/winutil-main/winutil-main/functions/public/Invoke-WPFFixesNetwork.ps1,PRESENT_EXACT,Windows/Resources/NewComputerSetup/winutil-main/winutil-main/functions/public/Invoke-WPFFixesNetwork.ps1,961586e05686baadd6a1298bb111948ac81a948d69d0384fd3bdf71020f691a8
ections for the tools.zip,new_computer_setup/winutil-main/winutil-main/functions/public/Invoke-WPFFixesNTPPool.ps1,PRESENT_EXACT,Windows/Resources/NewComputerSetup/winutil-main/winutil-main/functions/public/Invoke-WPFFixesNTPPool.ps1,cc7c792dae3ec09cf534c53e88ac9ec843e7c5486766a22f91e45938ee717e83
ections for the tools.zip,new_computer_setup/winutil-main/winutil-main/functions/public/Invoke-WPFFixesUpdate.ps1,PRESENT_EXACT,Windows/Resources/NewComputerSetup/winutil-main/winutil-main/functions/public/Invoke-WPFFixesUpdate.ps1,c294495d23a05ae24b96314f4a8598ebf3a8a9e32042014de0a8ed49292a4105
ections for the tools.zip,new_computer_setup/winutil-main/winutil-main/functions/public/Invoke-WPFFixesWinget.ps1,PRESENT_EXACT,Windows/Resources/NewComputerSetup/winutil-main/winutil-main/functions/public/Invoke-WPFFixesWinget.ps1,54b89542a26f96552dea4442a75addffdeb80d180379542f4d13901f05ec5bc9
ections for the tools.zip,new_computer_setup/winutil-main/winutil-main/functions/public/Invoke-WPFGetInstalled.ps1,PRESENT_EXACT,Windows/Resources/NewComputerSetup/winutil-main/winutil-main/functions/public/Invoke-WPFGetInstalled.ps1,3c0ffdcb2f6b6c9c40e695dec68ec02e56f117227da5b64e323820a381156f98
ections for the tools.zip,new_computer_setup/winutil-main/winutil-main/functions/public/Invoke-WPFImpex.ps1,PRESENT_EXACT,Windows/Resources/NewComputerSetup/winutil-main/winutil-main/functions/public/Invoke-WPFImpex.ps1,f8d01d7ab7a9d7571b7117dc0edbffa6b133af9a37d6b14b404b7b8f4d09c945
ections for the tools.zip,new_computer_setup/winutil-main/winutil-main/functions/public/Invoke-WPFInstall.ps1,PRESENT_EXACT,Windows/Resources/NewComputerSetup/winutil-main/winutil-main/functions/public/Invoke-WPFInstall.ps1,16b56d46e5ea34b539a82cada622f4f0ef4ab19721136622cef31c27fad67cd0
ections for the tools.zip,new_computer_setup/winutil-main/winutil-main/functions/public/Invoke-WPFInstallUpgrade.ps1,PRESENT_EXACT,Windows/Resources/NewComputerSetup/winutil-main/winutil-main/functions/public/Invoke-WPFInstallUpgrade.ps1,61cc9dc9d80666e90d7b7196185dcc12ca606961d685bb33ef19135b81508e81
ections for the tools.zip,new_computer_setup/winutil-main/winutil-main/functions/public/Invoke-WPFOOSU.ps1,PRESENT_EXACT,Windows/Resources/NewComputerSetup/winutil-main/winutil-main/functions/public/Invoke-WPFOOSU.ps1,8de019b37df4a2d71a1be970a09b2fdb4f577332b72c3522e0255c2176705128
ections for the tools.zip,new_computer_setup/winutil-main/winutil-main/functions/public/Invoke-WPFPanelAutologin.ps1,PRESENT_EXACT,Windows/Resources/NewComputerSetup/winutil-main/winutil-main/functions/public/Invoke-WPFPanelAutologin.ps1,70c510173404b66920f824b04be83155fc12bb8c91c165a7146d2da86f29b463
ections for the tools.zip,new_computer_setup/winutil-main/winutil-main/functions/public/Invoke-WPFPopup.ps1,PRESENT_EXACT,Windows/Resources/NewComputerSetup/winutil-main/winutil-main/functions/public/Invoke-WPFPopup.ps1,cef1270c76acc73850f9a149fd5db9d708e8920bfdde4d58a1dcf11b8726bb13
ections for the tools.zip,new_computer_setup/winutil-main/winutil-main/functions/public/Invoke-WPFPresets.ps1,PRESENT_EXACT,Windows/Resources/NewComputerSetup/winutil-main/winutil-main/functions/public/Invoke-WPFPresets.ps1,95c350de8ec7dd5b88fa3d701e7178eb4becf365d7b746444cc42dc0b3d55906
ections for the tools.zip,new_computer_setup/winutil-main/winutil-main/functions/public/Invoke-WPFRunspace.ps1,PRESENT_EXACT,Windows/Resources/NewComputerSetup/winutil-main/winutil-main/functions/public/Invoke-WPFRunspace.ps1,7ee95cd294946d8f465468d429530bab342dd0e25853b46445c7d6dccd0b66af
ections for the tools.zip,new_computer_setup/winutil-main/winutil-main/functions/public/Invoke-WPFSelectedCheckboxesUpdate.ps1,PRESENT_EXACT,Windows/Resources/NewComputerSetup/winutil-main/winutil-main/functions/public/Invoke-WPFSelectedCheckboxesUpdate.ps1,6c6465a2e336a33c1883cfb57d32b0b15f6fa273dd4a21ca0c10bd1ba2f08e79
ections for the tools.zip,new_computer_setup/winutil-main/winutil-main/functions/public/Invoke-WPFSSHServer.ps1,PRESENT_EXACT,Windows/Resources/NewComputerSetup/winutil-main/winutil-main/functions/public/Invoke-WPFSSHServer.ps1,3c292ead20734e628c9fb14fcc06053dbc770c700985b4fb68f4eaa7a8c63647
ections for the tools.zip,new_computer_setup/winutil-main/winutil-main/functions/public/Invoke-WPFSystemRepair.ps1,PRESENT_EXACT,Windows/Resources/NewComputerSetup/winutil-main/winutil-main/functions/public/Invoke-WPFSystemRepair.ps1,da96282c17ec81df4fe9c0787e9222ce5f912c0c9cc4d4dd1188e7d38fb81821
ections for the tools.zip,new_computer_setup/winutil-main/winutil-main/functions/public/Invoke-WPFTab.ps1,PRESENT_EXACT,Windows/Resources/NewComputerSetup/winutil-main/winutil-main/functions/public/Invoke-WPFTab.ps1,2509f58113e6c4773eba53cef88d87e81404ec9bbaadfc9a6da5e5ff9aaed0e7
ections for the tools.zip,new_computer_setup/winutil-main/winutil-main/functions/public/Invoke-WPFToggleAllCategories.ps1,PRESENT_EXACT,Windows/Resources/NewComputerSetup/winutil-main/winutil-main/functions/public/Invoke-WPFToggleAllCategories.ps1,cd1a35a11c5d35e79947a0cf82bf86c486d7a16c45a9717778bc6ce7ab3d7dcc
ections for the tools.zip,new_computer_setup/winutil-main/winutil-main/functions/public/Invoke-WPFtweaksbutton.ps1,PRESENT_EXACT,Windows/Resources/NewComputerSetup/winutil-main/winutil-main/functions/public/Invoke-WPFtweaksbutton.ps1,70122c0214c3cfdaf79883b061615d623addd53a2f8d71576830cfdf0a01b5c0
ections for the tools.zip,new_computer_setup/winutil-main/winutil-main/functions/public/Invoke-WPFUIElements.ps1,PRESENT_EXACT,Windows/Resources/NewComputerSetup/winutil-main/winutil-main/functions/public/Invoke-WPFUIElements.ps1,4d50690318bad61594504ed29a26b83ab8e9dbf1a953cf0c4ce3629fbacefb01
ections for the tools.zip,new_computer_setup/winutil-main/winutil-main/functions/public/Invoke-WPFUIThread.ps1,PRESENT_EXACT,Windows/Resources/NewComputerSetup/winutil-main/winutil-main/functions/public/Invoke-WPFUIThread.ps1,1b5edccb36ddaa9a57d6fff9381edb83ef75873620fa09c37a78f8e200f077ea
ections for the tools.zip,new_computer_setup/winutil-main/winutil-main/functions/public/Invoke-WPFUltimatePerformance.ps1,PRESENT_EXACT,Windows/Resources/NewComputerSetup/winutil-main/winutil-main/functions/public/Invoke-WPFUltimatePerformance.ps1,7ed59293c3846aa553d212733c23c8db968578be90b4f0103468daceefed4921
ections for the tools.zip,new_computer_setup/winutil-main/winutil-main/functions/public/Invoke-WPFundoall.ps1,PRESENT_EXACT,Windows/Resources/NewComputerSetup/winutil-main/winutil-main/functions/public/Invoke-WPFundoall.ps1,12a25fc5d2b31712aa57f932be06321dfe8d81ac31c9f079821653265b464426
ections for the tools.zip,new_computer_setup/winutil-main/winutil-main/functions/public/Invoke-WPFUnInstall.ps1,PRESENT_EXACT,Windows/Resources/NewComputerSetup/winutil-main/winutil-main/functions/public/Invoke-WPFUnInstall.ps1,055e9feb8c8746f0f9a5389a5db00ee9f4c2299ba9190236f23ebd2acf8584f8
ections for the tools.zip,new_computer_setup/winutil-main/winutil-main/functions/public/Invoke-WPFUpdatesdefault.ps1,PRESENT_EXACT,Windows/Resources/NewComputerSetup/winutil-main/winutil-main/functions/public/Invoke-WPFUpdatesdefault.ps1,9ea344252f7a15a1aadeb01ef84775b281abbe23dc3e8638691615e51c1f82bf
ections for the tools.zip,new_computer_setup/winutil-main/winutil-main/functions/public/Invoke-WPFUpdatesdisable.ps1,PRESENT_EXACT,Windows/Resources/NewComputerSetup/winutil-main/winutil-main/functions/public/Invoke-WPFUpdatesdisable.ps1,712a9dcaa112fc7a15b90d89cf90adf227d0d521c21e850ca3fa1aa9b07dbdb3
ections for the tools.zip,new_computer_setup/winutil-main/winutil-main/functions/public/Invoke-WPFUpdatessecurity.ps1,PRESENT_EXACT,Windows/Resources/NewComputerSetup/winutil-main/winutil-main/functions/public/Invoke-WPFUpdatessecurity.ps1,18f3352e33f9313deb4a2c0dde3c1f56e05d196fe02a92f4ffe1c69911ecb295
ections for the tools.zip,new_computer_setup/winutil-main/winutil-main/lint/PSScriptAnalyser.ps1,PRESENT_EXACT,Windows/Resources/NewComputerSetup/winutil-main/winutil-main/lint/PSScriptAnalyser.ps1,72904705d4c78445e08969cc01dacf8074bfd6aa0bd21559852b1749ba77c648
ections for the tools.zip,new_computer_setup/winutil-main/winutil-main/pester/appx.Tests.ps1,PRESENT_EXACT,Windows/Resources/NewComputerSetup/winutil-main/winutil-main/pester/appx.Tests.ps1,71963226aea517c13b203736b4c6dc3f3e34b9367d6f128037be9ee1573a07e3
ections for the tools.zip,new_computer_setup/winutil-main/winutil-main/pester/assets.Tests.ps1,PRESENT_EXACT,Windows/Resources/NewComputerSetup/winutil-main/winutil-main/pester/assets.Tests.ps1,42deb375a11baaa272addf7f79d25704f79ff4fbbab6b9145f585602152d969c
ections for the tools.zip,new_computer_setup/winutil-main/winutil-main/pester/configs.Tests.ps1,PRESENT_EXACT,Windows/Resources/NewComputerSetup/winutil-main/winutil-main/pester/configs.Tests.ps1,f5f79ad41df34a5107c2115e73baf095ccb08bb1b032c8bbe3bf58e37cdacc43
ections for the tools.zip,new_computer_setup/winutil-main/winutil-main/pester/dns.Tests.ps1,PRESENT_EXACT,Windows/Resources/NewComputerSetup/winutil-main/winutil-main/pester/dns.Tests.ps1,bd6fea45efd1910e6f60398ffe94dcd40c6579dcd91fb21d7bd86e7324b9d8bd
ections for the tools.zip,new_computer_setup/winutil-main/winutil-main/pester/functions.Tests.ps1,PRESENT_EXACT,Windows/Resources/NewComputerSetup/winutil-main/winutil-main/pester/functions.Tests.ps1,c3356416dd433d0b0af36280f1f7c9fd753591608ef11e8e5c97824bb21bfa94
ections for the tools.zip,new_computer_setup/winutil-main/winutil-main/pester/headless-ui.Tests.ps1,PRESENT_EXACT,Windows/Resources/NewComputerSetup/winutil-main/winutil-main/pester/headless-ui.Tests.ps1,b435310083efebfd12bf71064d08909295b24869ebc68d3ec452018e0e51ef20
ections for the tools.zip,new_computer_setup/winutil-main/winutil-main/pester/install-rendering.Tests.ps1,PRESENT_EXACT,Windows/Resources/NewComputerSetup/winutil-main/winutil-main/pester/install-rendering.Tests.ps1,5f5b31ed29aa1600cdfc34e32d37e7adea33e98e516bcf4b76182f5d69587994
ections for the tools.zip,new_computer_setup/winutil-main/winutil-main/pester/install-workflow.Tests.ps1,PRESENT_EXACT,Windows/Resources/NewComputerSetup/winutil-main/winutil-main/pester/install-workflow.Tests.ps1,f4ec219f444f5b3777d239cf04654b8d953945c99d10702c99e6f4d9f548511d
ections for the tools.zip,new_computer_setup/winutil-main/winutil-main/pester/lazy-tabs.Tests.ps1,PRESENT_EXACT,Windows/Resources/NewComputerSetup/winutil-main/winutil-main/pester/lazy-tabs.Tests.ps1,fb93fef3fe70c10434c7af9fc0106539717e9b19865a37577f629d0e2d0c20b5
ections for the tools.zip,new_computer_setup/winutil-main/winutil-main/pester/logging.Tests.ps1,PRESENT_EXACT,Windows/Resources/NewComputerSetup/winutil-main/winutil-main/pester/logging.Tests.ps1,8e6e96a00cadcd40c8bddb8fb87f2f00b10f43bf3e99c5b0b3ad0b3a71252974
ections for the tools.zip,new_computer_setup/winutil-main/winutil-main/pester/multiplane-overlay.Tests.ps1,PRESENT_EXACT,Windows/Resources/NewComputerSetup/winutil-main/winutil-main/pester/multiplane-overlay.Tests.ps1,a99b33ffe7f546cf3d1e984b5aaba7e018ba13e8065fb492e9f90520ed4a9310
ections for the tools.zip,new_computer_setup/winutil-main/winutil-main/pester/oosu.Tests.ps1,PRESENT_EXACT,Windows/Resources/NewComputerSetup/winutil-main/winutil-main/pester/oosu.Tests.ps1,1a0d9e42884434b8edab78cae961a501725ecf80e49fd8955dbea819c5815ca2
ections for the tools.zip,new_computer_setup/winutil-main/winutil-main/pester/package.Tests.ps1,PRESENT_EXACT,Windows/Resources/NewComputerSetup/winutil-main/winutil-main/pester/package.Tests.ps1,215ea5121aded4c00e836d47c5fb529081030ead47dec8e6b9a52b942dff8e86
ections for the tools.zip,new_computer_setup/winutil-main/winutil-main/pester/preferences-theme.Tests.ps1,PRESENT_EXACT,Windows/Resources/NewComputerSetup/winutil-main/winutil-main/pester/preferences-theme.Tests.ps1,0c2bc16c985568b584cac3bc8065c9401fc3d9d048a46038653ddb69af861ff6
ections for the tools.zip,new_computer_setup/winutil-main/winutil-main/pester/runspace-lifecycle.Tests.ps1,PRESENT_EXACT,Windows/Resources/NewComputerSetup/winutil-main/winutil-main/pester/runspace-lifecycle.Tests.ps1,115f1819b9b781cfc5503b2c93c0685f7524ae11759841c2a424ffc8759e8e5a
ections for the tools.zip,new_computer_setup/winutil-main/winutil-main/pester/runspace.Tests.ps1,PRESENT_EXACT,Windows/Resources/NewComputerSetup/winutil-main/winutil-main/pester/runspace.Tests.ps1,ed62ee8217da7078533ef51bcf6c7302d3ed69fab85c3943ebac0eee903cf4dd
ections for the tools.zip,new_computer_setup/winutil-main/winutil-main/pester/sanity.Tests.ps1,PRESENT_EXACT,Windows/Resources/NewComputerSetup/winutil-main/winutil-main/pester/sanity.Tests.ps1,90c05e3b08ccb48db8b60f5375ee5bda29bbfcdd7397a0868f931d01b8efec1c
ections for the tools.zip,new_computer_setup/winutil-main/winutil-main/pester/search-filter.Tests.ps1,PRESENT_EXACT,Windows/Resources/NewComputerSetup/winutil-main/winutil-main/pester/search-filter.Tests.ps1,9a1b8416a65a998f7d86db983e2527ad26e67947768015f6f0cb54ed0c83c96a
ections for the tools.zip,new_computer_setup/winutil-main/winutil-main/pester/ssh-server.Tests.ps1,PRESENT_EXACT,Windows/Resources/NewComputerSetup/winutil-main/winutil-main/pester/ssh-server.Tests.ps1,30782d3929735a12f8bc824fd46db48c2e9d632efeb3017d578b1ab2a7c2e990
ections for the tools.zip,new_computer_setup/winutil-main/winutil-main/pester/system-helpers.Tests.ps1,PRESENT_EXACT,Windows/Resources/NewComputerSetup/winutil-main/winutil-main/pester/system-helpers.Tests.ps1,dd89f110814f0d95bad6cf41312295df9f70c41010467239462e85b1de36f770
ections for the tools.zip,new_computer_setup/winutil-main/winutil-main/pester/toggle-status.Tests.ps1,PRESENT_EXACT,Windows/Resources/NewComputerSetup/winutil-main/winutil-main/pester/toggle-status.Tests.ps1,6f4caa75864964d92b056d63745291d6d3ea4259ce02405a02960b45e4e90e9e
ections for the tools.zip,new_computer_setup/winutil-main/winutil-main/pester/tooltip-key.Tests.ps1,PRESENT_EXACT,Windows/Resources/NewComputerSetup/winutil-main/winutil-main/pester/tooltip-key.Tests.ps1,27ee96e59436aa47c68420d8bdb4dfe800e0c603ce8fe93d88afaead40ce1ecf
ections for the tools.zip,new_computer_setup/winutil-main/winutil-main/pester/triage-tools.Tests.ps1,PRESENT_EXACT,Windows/Resources/NewComputerSetup/winutil-main/winutil-main/pester/triage-tools.Tests.ps1,5d7ddc60e6753f2fe7260208887a726816ffa8be3f3c104d25165458bc94cfb0
ections for the tools.zip,new_computer_setup/winutil-main/winutil-main/pester/tweaks.Tests.ps1,PRESENT_EXACT,Windows/Resources/NewComputerSetup/winutil-main/winutil-main/pester/tweaks.Tests.ps1,6b93e05e9e90a59a69aa3fe7f6ccb1574a3a35cd51dc8efe32ac7f31586e1c1f
ections for the tools.zip,new_computer_setup/winutil-main/winutil-main/pester/ui-state.Tests.ps1,PRESENT_EXACT,Windows/Resources/NewComputerSetup/winutil-main/winutil-main/pester/ui-state.Tests.ps1,40281019567b2e7bd63bc8fdef902f15b5a0edea5297bff5e34810fd671702e1
ections for the tools.zip,new_computer_setup/winutil-main/winutil-main/pester/update-profiles.Tests.ps1,PRESENT_EXACT,Windows/Resources/NewComputerSetup/winutil-main/winutil-main/pester/update-profiles.Tests.ps1,d4606e64ab5e5cbab24a509bfdb3ecec02dd9efcf53a69c5735403d86fa23e15
ections for the tools.zip,new_computer_setup/winutil-main/winutil-main/pester/variables.Tests.ps1,PRESENT_EXACT,Windows/Resources/NewComputerSetup/winutil-main/winutil-main/pester/variables.Tests.ps1,02fca0cc317105f66f87eb8fd8b498dcbe41081e02c74fce80a2e399a18ec499
ections for the tools.zip,new_computer_setup/winutil-main/winutil-main/pester/win11creator.Tests.ps1,PRESENT_EXACT,Windows/Resources/NewComputerSetup/winutil-main/winutil-main/pester/win11creator.Tests.ps1,25c737e36015d9b3d630ca4ee0f68ce964a0d8aba59498e206c1be9e2f0fda08
ections for the tools.zip,new_computer_setup/winutil-main/winutil-main/pester/winoneshot-compat.Tests.ps1,PRESENT_EXACT,Windows/Resources/NewComputerSetup/winutil-main/winutil-main/pester/winoneshot-compat.Tests.ps1,5b3a2019213e4a53a20784ba9dc54e0e7b78b611f3095b4242c6dd3b0f266bcd
ections for the tools.zip,new_computer_setup/winutil-main/winutil-main/pester/xaml.Tests.ps1,PRESENT_EXACT,Windows/Resources/NewComputerSetup/winutil-main/winutil-main/pester/xaml.Tests.ps1,bcdf014c25744f30c1db744a235047e712fe379a21da052f74ab3af5cb180a43
ections for the tools.zip,new_computer_setup/winutil-main/winutil-main/pester/fixtures/legacy-config.json,PRESENT_EXACT,Windows/Resources/NewComputerSetup/winutil-main/winutil-main/pester/fixtures/legacy-config.json,d5c829648329551d140324767c1eb9e0d197b543669d075416db88314980074f
ections for the tools.zip,new_computer_setup/winutil-main/winutil-main/scripts/main.ps1,PRESENT_EXACT,Windows/Resources/NewComputerSetup/winutil-main/winutil-main/scripts/main.ps1,3b81ad0956af78a02b9e406bf6d44d92de13570537624239191c6855007caf16
ections for the tools.zip,new_computer_setup/winutil-main/winutil-main/scripts/start.ps1,PRESENT_EXACT,Windows/Resources/NewComputerSetup/winutil-main/winutil-main/scripts/start.ps1,af0e049be7c9d4a4608607cb096386ffa0382f9b372c92fb31ecf851a103cb22
ections for the tools.zip,new_computer_setup/winutil-main/winutil-main/tools/autounattend.xml,PRESENT_EXACT,Windows/Resources/NewComputerSetup/winutil-main/winutil-main/tools/autounattend.xml,28dcf919da84d6795b21db5bff5a72611477efad11c78ec3e7bdcdb7ebac016d
ections for the tools.zip,new_computer_setup/winutil-main/winutil-main/tools/devdocs-generator.md,PRESENT_EXACT,Windows/Resources/NewComputerSetup/winutil-main/winutil-main/tools/devdocs-generator.md,2ae5a851aaa1331b2f05b9a23b22c6d5a837e448164c4b4e8d425c6c90506504
ections for the tools.zip,new_computer_setup/winutil-main/winutil-main/tools/devdocs-generator.ps1,PRESENT_EXACT,Windows/Resources/NewComputerSetup/winutil-main/winutil-main/tools/devdocs-generator.ps1,359a986f383691a56891fa0e516598860e4f6ca5e9a50478ac96e57312153da8
ections for the tools.zip,new_computer_setup/winutil-main/winutil-main/xaml/inputXML.xaml,PRESENT_EXACT,Windows/Resources/NewComputerSetup/winutil-main/winutil-main/xaml/inputXML.xaml,ac9882439cb2b2319bb596728e452246763c361bc150735836906efd6d2f217b
ections for the tools.zip,new_computer_setup/avg_antivirus_free_setup.exe,PRESENT_EXACT,Windows/Resources/NewComputerSetup/avg_antivirus_free_setup.exe,22157c792daa0143c5b4fabf41c27c9b20a6c1072347ce4fc41557838b9363eb
ections for the tools.zip,new_computer_setup/ChromeSetup (1).exe,PRESENT_EXACT,Windows/Resources/NewComputerSetup/ChromeSetup (1).exe,db4f4421d5fa376271f5b28d4788d91008eb059e7164046bcdde69442d1775c1
ections for the tools.zip,new_computer_setup/Firefox Installer.exe,PRESENT_EXACT,Windows/Resources/NewComputerSetup/Firefox Installer.exe,4f23e650013776a95ae07e53dce4efa656baccfe5428a0a6095302ac6eec1953
ections for the tools.zip,PowerShell/Modules/Microsoft.PowerToys.Configure/0.100.2.0/Microsoft.PowerToys.Configure.psd1,EXCLUDED_LEGACY_OR_SITE_WORKFLOW_SEE_REPORT,,3d927820a4fc50ae05835d1aa414a47cfa9900753a74d5c39b9eaa1a71f52d6d
ections for the tools.zip,PowerShell/Modules/Microsoft.PowerToys.Configure/0.100.2.0/Microsoft.PowerToys.Configure.psm1,EXCLUDED_LEGACY_OR_SITE_WORKFLOW_SEE_REPORT,,39564e73651294486766ddc2974d0829e3518761ae07f13f08012149a267e39e
ections for the tools.zip,T3CHNRD-BitLocker-Backup/BitLocker-RecoveryKeys-FRAMEWORK_FW1-20260915-153711.txt,EXCLUDED_PRIVATE_RECOVERY_KEYS,,
